FILE NAME,jose_20140604_112830.csv
PROTOCOL,jose
FILE_VERSION,3.3
DATE START,4.6.2014,11:29:02
DATE END,4.6.2014,11:29:02
DEVICE,BL053-CX_OEDE43
USER,rlennen,COMMENT,no comment available
PLATETYPE,MTP-48-Flowerplate,LOT,1120-std-Temp37
MTP ROWS,6
MTP COLUMNS,8
FILTERSETS,1

FILTERSET,FILTERNAME,EX [nm],EM [nm],LAYOUT,FILTERNO,GAIN,PHASESTATISTICSSIGMA,SIGNALQUALITYTOLERANCE,REFERENCE VALUE,Process Parameters,,Calibration Parameters,,,,Criterion Parameters,,
1,Biomass,620,620,Anna,1,10,1,0,100,SET TEMPERATURE [C],37,Phi0,72.01,Biomass Slope,0,CRITERION,,
,,,,,,,,,,SET HUMIDITY [%],85,Phi100,42.41,Biomass Offset,0,FI,,
,,,,,,,,,,SET O2 [%],20.95,Phi.min,55.88,Biomass Unit,OD600 [-],FJ,,
,,,,,,,,,,SET CO2 [%],0,Phi.max,13.69,,,FACTOR,0,
,,,,,,,,,,SET SHAKER FREQUENCY [rpm],1000,pH0,5.92,,,S0,NaN,
,,,,,,,,,,SET CYCLE TIME [min],10,dpH,0.53,,,EXTRA INFO,,
,,,,,,,,,,SET EXP TIME [h],-1,Temp. Compensation for pH Calibration,False,Temp. pH [C],37,,,
,,,,,,,,,,,,Temp. Compensation for pO2 Calibration,False,Temp. pO2 [C],37,,,

WELL No.,CONTENT,DESCRIPTION,CHANNEL,
,,,READING ->,1,2,3,4,5,6,7,8,9,10,11,12,13,14,15,16,17,18,19,20,21,22,23,24,25,26,27,28,29,30,31,32,33,34,35,36,37,38,39,40,41,42,43,44,45,46,47,48,49,50,51,52,53,54,55,56,57,58,59,60,61,62,63,64,65,66,67,68,69,70,71,72,73,74,75,76,77,78,79,80,81,82,83,84,85,86,87,88,89,90,91,92,93,94,95,96,97,98,99,100,101,102,103,104,105,106,107,108,109,110,111,112,113,114,115,116,117,118,119,120,121,122,123,124,125,126,127,128,129,130,131,132,133,134,135,136,137,138,139,140,141,142,143,144,145,146,147,148,149,150,151,152,153,154,155,156,157,158
,,,TIME [h] ->,0.00508,0.17167,0.33833,0.50501,0.67173,0.83841,1.00507,1.17169,1.33849,1.50515,1.67186,1.83854,2.00514,2.17181,2.33857,2.50529,2.67193,2.83855,3.00535,3.17202,3.3387,3.5054,3.67209,3.83872,4.00542,4.17217,4.33879,4.50545,4.67222,4.83893,5.00553,5.17226,5.33894,5.50573,5.67226,5.83901,6.00568,6.1723,6.33906,6.50565,6.67242,6.83909,7.00582,7.1724,7.33916,7.50586,7.6725,7.83917,8.00587,8.17251,8.3393,8.50588,8.67263,8.8394,9.00596,9.17271,9.33934,9.50606,9.67278,9.83943,10.00607,10.17284,10.33948,10.50615,10.67286,10.83951,11.00616,11.17287,11.33958,11.50631,11.6729,11.83957,12.00634,12.173,12.33968,12.50634,12.67302,12.8398,13.00643,13.17315,13.3398,13.50658,13.67318,13.83983,14.00647,14.17325,14.3398,14.50653,14.67327,14.84,15.00674,15.17328,15.34003,15.50671,15.6734,15.84005,16.00683,16.17345,16.34007,16.50673,16.67355,16.84011,17.00692,17.17356,17.34026,17.50686,17.67364,17.8402,18.00693,18.17365,18.34034,18.50701,18.6737,18.84038,19.00712,19.17376,19.34042,19.50717,19.67375,19.84047,20.0072,20.17388,20.34056,20.50728,20.67397,20.84064,21.00719,21.17409,21.34062,21.50734,21.67405,21.84068,22.00754,22.1741,22.3408,22.50751,22.67415,22.84085,23.00754,23.17428,23.34099,23.5076,23.67427,23.84097,24.00771,24.17433,24.34104,24.50774,24.67437,24.84103,25.00769,25.17443,25.34115,25.50778,25.67454,25.84121,26.00789,26.17456
A01,X1,,1,11.369,12.252,13.795,14.342,15.2,15.959,15.212,16.405,18.506,19.237,17.278,19.01,16.905,17.702,18.31,19.588,19.475,22.139,20.758,18.989,19.585,18.011,19.595,19.777,20.205,18.974,20.226,19.25,18.463,17.627,19.524,20.208,18.187,20.712,17.897,19.364,18.92,19.439,19.364,20.317,19.313,20.542,18.55,18.495,19.633,18.687,19.02,17.634,17.116,16.608,16.361,16.141,16.062,15.713,15.228,15.233,14.879,14.713,14.605,14.384,14.146,14.36,14.304,14.205,14.347,14.43,14.406,14.556,14.799,14.846,14.967,15.201,15.43,15.654,15.951,16.132,16.613,16.956,17.347,17.731,18.123,18.629,19.078,19.71,20.358,21.224,21.549,22.085,22.908,23.927,24.896,25.426,26.899,27.504,29.352,30.62,31.572,32.06,33.767,34.993,35.522,35.884,36.952,38.991,38.635,40.251,40.524,39.874,40.619,41.216,41.376,42.134,41.421,41.572,41.142,41.876,41.635,40.676,42.388,41.668,41.612,42.199,42.201,42.165,42.257,41.811,42.317,42.539,43.006,42.789,42.432,42.318,42.439,42.872,42.446,43.317,43.003,42.889,43.929,43.32,44.209,42.886,43.08,43.267,44.214,43.831,44.645,44.787,43.861,44.445,44.24,44.397,45.54,45.214,45.667,44.061,45.094,45.499
A02,X2,,1,11.284,11.824,12.711,14.32,18.071,18.476,19.688,17.225,16.676,16.207,19.282,16.77,17.531,19.117,16.776,16.253,16.746,15.493,18.886,18.872,18.318,17.471,17.034,16.857,19.71,18.69,18.171,17.072,17.276,16.843,17.952,17.205,18.092,17.208,17.587,17.959,16.746,16.961,16.53,15.863,15.736,15.942,15.712,15.666,15.706,16.164,15.564,15.754,15.904,15.941,16.456,16.664,16.941,17.066,17.94,18.91,19.626,19.958,20.922,21.124,22.359,23.118,24.116,24.877,25.873,27.106,28.836,30.321,30.875,31.799,32.938,34.664,36.114,37.773,37.983,38.981,40.634,40.567,42.219,43.216,43.997,43.665,43.523,44.778,45.155,45.8,45.037,46.297,46.478,46.862,46.58,46.485,47.139,47.778,47.789,48.327,48.656,48.397,47.245,49.046,49.137,48.128,48.42,47.624,49.183,47.75,48.403,50.084,47.813,48.27,48.826,47.763,49.889,48.811,49.673,49.355,50.382,48.986,50.998,49.445,49.5,50.62,49.58,51.372,50.548,50.805,50.479,52.3,51.697,51.848,50.999,52.199,52.216,52.131,53.265,53.22,54.107,55.872,54.64,55.013,56.289,55.977,55.973,56.481,57.002,55.275,57.38,57.648,58.877,58.364,58.337,59.728,60.378,61.127,61.286,61.681,62.631,64.999
A03,X3,,1,10.517,11.181,11.236,11.769,12.418,12.093,13.359,12.856,12.81,13.039,13.96,13.906,14.261,14.431,14.499,15.554,14.717,16.499,14.978,14.892,15.035,17.354,16.963,19.117,18.908,22.329,20.722,19.274,19.317,19.052,18.429,18.826,18.806,16.613,16.872,17.816,17.462,17.009,16.887,15.744,15.283,15.013,14.425,14.24,13.731,13.76,13.037,12.85,12.623,12.396,12.532,12.647,12.854,13.292,13.372,13.762,14.144,14.666,15.198,15.57,16.021,17.279,18.034,19.256,20.49,21.585,23.054,24.939,27.187,29.218,30.975,33.67,36.09,39.43,42.622,44.61,49.106,49.732,45.864,43.854,42.934,43.972,44.445,44.872,44.824,45.045,44.611,45.493,47.022,46.508,46.391,48.067,48.083,49.691,49.227,49.389,49.363,50.64,49.861,52.324,51.823,51.195,52.596,50.974,52.973,52.749,53.073,53.928,53.805,54.828,54.508,54.852,56.093,55.036,55.399,57.282,55.38,55.553,55.22,54.583,54.602,56.163,54.578,53.993,53.241,53.001,52.059,52.607,51.106,51.588,50.218,49.599,47.422,47.336,47.407,46.688,44.535,43.645,42.56,41.95,40.804,39.696,39.035,37.962,36.778,36.565,37.208,38.25,38.539,37.855,38.63,37.327,37.37,36.995,37.5,38.267,38.103,38.139
A04,X4,,1,10.006,10.56,11.431,11.857,11.372,12.453,13.087,12.901,14.549,15.449,15.296,13.721,14.586,14.825,18.752,15.041,15.463,14.416,15.844,14.587,15.949,15.147,16.094,15.704,16.244,15.997,15.146,14.23,14.69,14.586,14.548,14.346,14.259,14.015,14.012,14.267,14.142,13.65,13.147,13.147,13.137,12.749,12.78,12.457,12.446,12.284,12.179,11.922,12.124,12.158,12.318,12.433,12.664,12.888,12.92,13.43,13.764,14.262,14.629,15.096,15.736,16.187,17.012,17.525,18.474,19.406,20.685,21.668,23.074,25.335,26.743,29.218,31.499,33.605,36.895,38.508,40.989,45.73,47.023,47.92,44.966,43.972,42.105,42.7,43.148,43.251,43.619,44.808,44.705,45.564,46.202,46.32,47.092,47.116,47.671,47.642,47.499,47.406,48.589,49.141,49.231,49.756,49.34,49.747,49.418,50.084,50.408,50.956,51.092,50.7,52.645,51.743,53.262,53.197,52.618,54.168,54.437,54.494,53.121,52.792,51.201,50.691,49.557,51.112,48.47,49.247,47.766,47.762,45.982,45.06,43.947,42.318,40.148,38.006,37.935,37.492,37.887,37.791,38.101,37.888,37.518,38.09,38.088,37.062,36.802,37.467,38.111,37.655,38.325,38.069,37.964,38.85,39.061,39.163,39.452,39.317,39.392,38.904
A05,X5,,1,10.091,10.431,11.67,11.835,13.976,12.453,13.494,14.494,14.526,15.518,15.642,15.014,15.374,15.498,15.127,15.391,16.606,18.044,18.067,17.046,19.35,19.021,19.806,17.305,18.036,17.225,15.973,19.25,17.039,18.126,15.619,18.087,15.831,18.472,18.373,18.364,16.865,17.247,16.506,18.387,16.547,16.252,16.833,16.855,15.087,16.307,15.063,15.896,17.069,15.18,15.981,15.809,15.42,14.858,16.346,16.324,16.09,15.259,15.293,14.929,14.692,14.407,13.805,13.731,13.565,13.245,13.245,13.347,13.144,13.094,13.099,13.236,13.608,13.759,13.844,14.05,14.034,14.185,14.483,14.799,15.052,15.272,15.461,15.909,16.319,16.762,17.225,17.857,18.558,18.83,19.487,20.138,20.594,21.951,22.539,23.184,24.186,24.742,26.085,26.905,28.149,28.783,29.896,31.113,32.184,32.894,34.745,35.606,37.387,37.983,37.58,39.897,38.59,38.86,39.493,39.257,40.173,40.111,41.067,40.843,40.762,41.374,41.588,40.913,40.84,41.575,41.798,41.547,41.046,41.795,41.746,41.254,41.494,42.045,41.076,41.595,41.824,42.37,41.805,42.824,42.53,42.107,42.607,41.751,42.793,43.356,42.625,42.743,42.031,42.494,42.22,42.802,43.872,43.737,43.619,43.465,42.899,43.803
A06,X6,,1,10.687,12.081,13.318,13.176,14.243,15.24,16.071,16.041,16.722,17.125,17.024,18.595,17.067,18.607,18.635,18.935,20.384,19.284,19.729,20.839,19.796,20.548,19.219,18.67,17.823,18.218,18.289,19.155,17.917,17.817,17.738,17.539,16.497,16.708,16.109,16.41,15.862,15.985,15.148,15.172,14.997,14.918,14.878,15.262,15.016,15.14,15.683,15.944,16.118,16.132,16.456,16.76,17.178,18.063,18.202,19.195,19.649,20.243,21.349,21.742,22.762,23.783,24.188,25.991,27.059,27.485,29.357,30.084,31.514,32.344,33.718,35.02,35.664,37.796,40.373,40.778,42.456,43.409,44.065,44.776,44.611,44.162,45.296,44.99,47.328,46.013,46.525,48.186,48.228,48.585,49.107,49.295,50.658,49.242,49.722,49.365,50.614,50.097,49.767,48.787,49.467,50.818,50.071,51.328,50.548,49.542,51.375,50.721,50.361,49.567,50.264,50.424,50.549,51.428,51.322,50.652,51.514,49.88,49.7,52.156,52.429,51.776,50.83,51.443,51.918,53.119,52.507,52.063,52.689,53.693,54.005,53.713,54.058,54.186,53.808,54.776,55.05,55.494,55.395,55.839,56.668,56.898,57.487,58.423,58.636,59.169,58.236,58.789,60.493,63.17,64.257,67.226,68.238,69.965,71.357,72.124,72.771,74.104
A07,X7,,1,10.113,10.903,11.887,12.583,12.374,11.958,13.494,14.744,15.395,14.669,14.559,14.506,15.328,14.384,18.682,14.201,14.95,15.212,13.761,15.477,14.683,16.509,14.426,16.339,16.055,15.831,15.075,14.657,15.52,14.254,15.619,15.037,15.259,14.539,14.012,13.695,13.664,13.412,13.386,13.767,12.875,13.059,12.279,12.267,13.184,12.712,12.346,12.137,12.1,12.039,12.057,12.124,12.094,12.366,12.468,12.741,12.839,13.337,13.797,14.336,14.977,15.452,16.347,16.932,17.976,19.145,20.187,21.36,22.885,24.317,26.435,28.271,29.89,33.344,35.333,38.508,40.823,43.906,45.58,46.998,45.273,43.074,42.767,43.668,43.266,43.699,42.461,44.879,44.847,45.14,46.367,45.328,46.525,46.502,46.067,47.547,47.216,47.406,49.696,49.141,50.244,48.789,48.726,51.163,49.936,51.216,50.691,51.852,53.639,52.917,52.763,51.743,53.805,53.81,53.254,53.389,52.834,55.2,54.158,52.886,52.618,53.144,52.739,51.466,50.525,52.576,49.158,49.771,48.556,48.537,47.804,46.88,45.131,44.1,43.698,41.572,40.834,39.608,38.243,37.392,37.424,37.57,37.639,37.654,38.483,38.369,38.824,37.964,37.351,37.593,37.275,37.993,38.108,38.234,37.619,39.126,38.628,38.665
A08,X8,,1,10.198,12.98,15.401,16.718,18.049,20.342,19.1,17.361,19.192,18.617,17.623,18.479,18.273,16.658,18.217,19.541,16.606,17.646,18.231,17.912,16.325,16.79,16.682,18.34,17.682,18.336,17.225,16.669,18.771,16.083,16,16.896,16.664,17.423,17.205,16.982,16.483,17.819,16.53,16.982,16.213,16.205,15.784,15.286,15.587,14.545,14.038,14.873,14.525,13.752,13.365,12.956,12.949,13.173,13.229,13.596,13.764,14.191,14.676,15.167,15.855,16.662,17.392,18.308,19.422,20.543,21.064,23.256,24.894,27.727,29.438,32.155,34.907,35.878,40.492,43.144,45.911,48.264,49.627,44.965,43.312,42.152,43.05,42.016,45.651,43.865,43.784,44.927,45.273,45.8,46.202,45.682,46.123,47.258,47.906,48.681,47.924,48.209,48.4,47.325,49.467,49.402,48.774,49.559,49.771,50.485,50.431,50.296,49.417,50.322,50.736,52.238,51.021,52.371,52.406,50.818,50.618,48.986,47.86,46.759,47.092,46.209,44.417,43.062,42.635,41.268,37.741,38.214,36.889,36.119,38.386,38.275,37.999,38.147,38.714,37.657,36.543,37.531,36.993,38.242,38.038,38.869,37.686,38.365,38.436,38.393,39.061,39.177,39.156,38.021,38.63,39.588,39.299,38.282,38.095,37.695,38.771,37.805
B01,X9,,1,11.497,11.588,12.451,12.341,12.863,12.722,13.11,12.219,13.062,12.763,12.947,13.536,12.661,13.108,13.221,13.478,13.411,12.778,12.918,13.651,13.088,13.197,13.369,13.09,13.25,13.185,13.303,13.615,13.242,13.256,13.024,13.011,12.879,13.109,12.964,12.957,12.852,12.959,12.933,13.005,13.161,13.107,13.257,13.431,13.588,13.688,13.967,14.112,14.382,14.561,14.815,15.191,15.539,16.093,16.512,16.989,17.703,18.202,19.046,19.748,20.531,21.362,22.524,23.881,24.806,26.703,27.651,28.969,30.757,32.628,34.522,36.156,38.859,40.922,43.829,46.502,48.491,51.153,52.68,52.932,51.109,50.474,49.883,50.301,51.154,50.64,51.605,52.107,52.27,53.068,53.17,54.394,54.318,54.488,54.437,55.48,55.593,55.527,55.846,56.427,56.416,57.518,57.174,57.083,57.705,58.243,58.687,58.644,59.772,59.57,61.392,60.74,61.518,61.308,61.949,62.071,62.099,62.686,61.73,62.219,63.458,63.664,63.655,63.648,62.004,61.382,61.07,59.886,59.089,59.11,58.288,58.464,58.239,58.249,58.886,58.078,58.351,59.082,59.405,58.745,59.481,59.805,60.161,60.863,60.484,61.187,61.657,61.737,61.966,62.813,63.496,63.965,63.903,64.152,63.81,64.065,65.207,64.999
B02,X10,,1,11.752,12.273,14.88,14.958,14.733,17.51,15.777,15.199,14.663,15.839,15.596,14.991,14.702,15.498,14.22,14.668,14.157,14.112,13.831,13.979,14.307,14.513,13.909,14.079,14.169,14.319,13.823,13.994,14.096,14.135,13.952,13.631,13.855,14.015,13.965,13.648,13.807,13.96,14.005,14.029,14.377,14.656,14.83,14.953,15.254,15.759,16.017,16.42,16.902,17.559,17.859,18.59,19.364,19.7,20.819,21.378,22.26,23.162,24.199,24.993,26.417,26.963,28.868,30.07,31.351,32.793,34.594,35.939,37.093,39.684,41.284,43.236,44.373,45.801,47.591,48.56,50.218,50.892,51.638,52.861,53.448,54.02,53.996,55.683,55.971,56.519,56.378,57.375,57.401,56.961,57.8,59.021,58.309,58.174,58.94,59.493,59.038,58.573,58.98,59.492,59.29,58.65,59.345,59.041,58.765,59.233,59.371,58.856,58.9,59.759,59.435,59.68,59.914,60.506,60.583,60.396,61.085,61.132,60.787,61.159,60.388,62.226,61.769,63.483,62.5,62.94,62.744,63.762,63.67,64.408,65.412,64.682,65.347,66.516,66.02,65.741,66.838,67.391,67.379,68.972,68.394,68.996,69.458,70.62,71.069,71.824,71.589,71.983,73.632,73.925,73.932,74.701,75.645,76.54,77.214,77.703,78.02,79.457
B03,X11,,1,10.986,11.567,12.581,13.264,13.687,16.881,15.619,14.562,15.67,17.079,16.149,15.199,16.186,15.057,15.057,15.321,16.863,14.908,15.188,15.407,18.975,15.945,17.339,16.292,16.668,16.847,16.493,16.101,16.493,17.983,16.833,15.609,16.973,16.946,14.87,15.601,14.954,14.412,14.791,14.719,14.067,14.131,14.449,13.788,13.517,13.402,13.18,13.16,12.79,12.729,12.77,13.003,12.997,13.126,13.538,13.999,14.073,14.666,15.032,15.689,16.472,17.137,18.129,19.162,20.181,21.562,23.007,24.489,26.833,29.361,31.259,33.717,36.563,40.354,42.361,46.81,48.159,50.419,48.301,45.225,44.517,43.665,44.02,45.604,45.486,45.021,47.092,46.604,48.748,47.193,47.525,49.767,48.32,48.51,49.981,50.923,50.331,51.443,51.793,51.876,51.257,52.54,52.573,53.286,51.819,53.574,53.474,54.517,54.206,54.097,56.653,56.618,56.895,57.252,56.977,57.07,59.199,56.495,57.555,57.576,54.932,56.918,56.299,53.709,55.367,55.008,54.394,54.379,52.925,52.203,51.26,51.443,51.248,49.296,49.013,47.655,47.01,46.713,44.448,44.478,44.28,41.87,40.596,40.97,39.052,38.488,38.372,39.034,38.444,39.663,39.724,38.827,40.109,38.163,37.786,38.864,40.251,39.334
B04,X12,,1,10.9,12.016,14.555,15.068,16.335,17.263,17.224,18.294,18.415,17.561,18.337,20.558,17.647,16.588,18.844,19.565,18.285,18.395,20.267,19.856,17.591,19.021,17.762,16.998,20.935,20.25,18.998,17.829,18.487,18.316,18.881,20.804,19.068,18.376,18.564,18.197,19.684,19.82,18.078,17.863,17.763,18.302,18.24,18.043,17.229,16.973,16.613,16.349,15.262,15.085,14.815,14.786,14.779,14.431,14.68,14.711,14.642,14.903,15.578,16.187,16.093,16.52,16.846,17.383,17.762,19.263,19.998,21.431,23.097,24.151,26.104,27.892,30.363,32.492,35.049,36.568,40.421,41.183,44.136,49.363,50.07,50.876,54.895,55.258,57.766,58.762,63.491,60.398,59.126,60.619,61.367,61.264,61.828,63.325,62.971,59.847,63.38,64.003,64.094,63.855,66.757,65.94,65.999,63.947,65.781,65.835,65.835,65.977,66.212,65.704,67.144,65.945,66.495,66.331,66.285,65.374,66.838,67.912,64.679,65.637,67.803,65.787,64.009,67.284,63.894,66.033,63.617,64.163,63.434,64.715,65.861,63.594,66.434,65.453,66.162,65.953,63.773,65.03,66.223,65.288,67.684,66.988,67.447,67.73,67.304,67.55,67.003,68.108,68.167,69.38,67.704,70.274,69.5,69.155,69.548,70.074,70.504,70.017
B05,X13,,1,11.198,12.102,12.255,13.726,13.976,15.285,14.511,16.952,14.915,16.253,16.886,16.192,16.186,15.684,16.684,15.087,15.277,15.048,15.703,16.086,16.653,16.626,17.809,15.798,17.258,17.367,17.32,18.019,17.158,16.795,17.095,17.086,17.949,15.755,15.49,15.148,15.265,15.746,14.743,14.886,15.045,14.942,14.425,14.763,14.54,14.426,14.086,14.04,14.24,14.133,14.482,14.549,14.684,15.167,15.156,15.565,16.161,17.086,17.621,17.825,18.988,19.297,20.148,21.486,21.936,23.718,25.495,26.148,27.849,29.858,31.07,34.38,36.942,40.354,40.705,43.64,47.946,51.2,52.325,47.731,46.951,47.897,47.968,48.011,47.847,48.445,48.061,50.477,50.876,51.346,49.603,51.301,51.555,51.582,51.443,53.261,53.564,53.143,54.503,53.715,52.435,55.159,54.72,54.913,55.398,56.215,55.88,56.144,56.093,56.739,56.441,55.912,58.286,58.337,60.158,59.146,59.034,60.426,59.82,57.906,57.223,56.73,56.134,56.353,57.469,55.385,54.465,53.789,54.342,54.355,52.514,51.774,50.658,50.454,49.344,46.358,44.912,44.872,43.669,42.423,41.443,42.059,40.975,41.514,42.533,41.622,42.293,41.602,40.131,40.995,41.459,41.755,41.919,42.856,42.786,41.963,43.138,43.062
B06,X14,,1,10.879,11.631,12.516,14.122,17.247,15.937,16.207,18.18,19.307,18.732,17.831,17.763,16.626,19.721,17.985,18.166,16.419,16.663,16.312,16.531,16.442,16.579,16.188,16.504,15.56,16.493,17.627,17.095,16.327,16.51,17.119,18.016,17.711,17.28,17.873,16.768,17.2,17.652,17.125,16.911,16.189,16.228,16.118,15.904,15.325,15.497,15.874,16.301,16.45,16.941,17.336,17.829,17.986,18.822,19.534,20.31,21.239,21.714,22.465,23.901,24.352,25.729,26.587,27.509,28.6,30.329,30.826,32.122,34.019,36.18,36.059,37.742,38.409,41.017,41.604,41.795,43.545,43.954,45.107,45.367,46.714,45.958,45.935,46.595,48.107,46.91,47.092,47.454,49.457,48.915,49.391,48.893,50.209,49.597,49.085,49.956,49.576,50.829,49.225,50.131,49.938,50.582,48.726,49.629,49.7,49.306,49.488,49.777,49.936,51.054,49.816,50.942,49.865,51.805,50.592,51.054,51.372,51.481,51.233,51.284,51.437,51.399,52.386,52.151,51.753,52.364,53.522,53.221,52.83,52.321,53.532,52.885,54.247,54.044,55.036,54.517,54.225,55.211,55.253,56.383,56.124,56.024,57.606,57.523,58.992,57.91,59.115,61.238,62.299,64.788,64.827,67.655,70.215,70.227,72.357,72.172,74.011,74.63
B07,X15,,1,10.006,12.381,14.229,15.992,16.468,16.836,15.732,15.905,16.996,15.357,15.412,15.8,15.351,15.289,15.336,15.601,16.256,15.493,15.773,14.915,14.143,13.738,14.731,13.679,13.32,13.019,13.09,12.644,12.744,12.543,13.024,12.749,12.641,12.179,12.225,12.528,12.207,12.53,12.147,12.004,12.136,11.867,11.778,11.815,11.899,11.998,11.989,12.137,12.195,12.277,12.366,12.576,12.783,13.126,13.395,13.857,14.168,14.737,15.365,15.855,16.615,17.422,18.224,19.328,20.395,21.633,23.173,24.37,25.982,27.537,29.698,31.113,33.108,35.452,37.936,39.099,41.391,44.001,46.077,48.393,50.731,50.001,48.535,48.271,48.107,48.468,49.053,49.037,49.41,50.142,50.052,50.522,50.492,50.66,51.702,51.797,52.124,51.986,52.429,53.008,52.883,52.894,54.484,53.781,54.197,54.328,54.937,55.955,55.527,56.008,56.512,57.113,56.989,57.96,57.967,58.485,58.586,59.39,58.829,59.155,59.656,59.041,59.152,59.611,59.123,59.847,58.9,59.839,58.191,56.65,55.59,54.493,54.743,55.32,55.981,55.295,56.464,56.084,56.409,57.02,57.802,57.418,58.552,58.329,59.134,59.501,60.802,61.594,61.918,62.171,62.925,63.275,63.832,64.653,64.214,64.661,64.396,66.266
B08,X16,,1,10.368,11.631,12.104,14.606,12.863,13.958,13.766,13.903,14.068,13.039,13.292,13.628,13.45,14.918,16.033,16.697,18.099,18.02,15.259,16.788,16.137,15.522,17.645,17.54,16.385,16.068,17.958,17.214,16.042,16.938,15.667,16.705,15.664,15.778,14.584,15.648,15.145,15.651,15.386,17.006,15.76,15.99,15.069,14.691,14.683,14.926,14.11,13.945,13.55,13.158,13.293,13.194,12.949,13.031,13.443,13.169,13.266,13.598,13.726,14.051,14.573,15.238,15.919,16.245,16.482,17.581,18.339,19.368,20.402,22.281,24.071,25.501,27.05,28.489,31.617,32.76,35.617,38.128,40.444,41.466,46.076,46.076,50.143,52.237,54.177,57.628,58.34,58.697,60.048,61.492,62.264,61.453,62.135,61.435,63.113,61.146,64.795,64.664,63.292,63.855,64.448,63.817,64.937,66.825,66.063,66.661,64.702,65.623,64.82,67.261,66.579,65.992,67.934,65.859,66.968,64.879,64.174,65.581,65.575,66.603,64.473,65.646,64.504,65.325,63.894,66.175,65.646,64.541,65.725,64.857,65.814,66.384,65.442,66.02,64.579,66.001,65.164,64.865,65.728,65.973,67.85,66.893,66.927,68.204,67.186,68.951,68.357,71.246,69.142,68.381,69.201,69.464,69.381,69.846,69.81,70.717,69.598,71.499
C01,X17,,1,11.177,13.194,13.947,16.168,15.623,17.802,17.314,15.882,18.346,15.817,16.011,15.176,15.305,17.772,15.382,15.67,14.95,15.844,16.288,16.297,15.902,15.968,15.977,16.457,15.277,16.847,15.571,15.225,16.375,14.705,16.786,15.204,15.116,14.753,15.204,15.172,15.169,15.103,14.815,14.672,14.401,14.679,14.544,14.382,13.826,14.021,13.991,13.969,14.002,14.323,14.221,14.501,15.064,15.262,16.179,16.49,16.707,17.442,18.119,18.608,19.653,20.341,22.073,23.264,24.165,25.874,27.746,29.633,31.372,32.983,36.461,37.837,40.941,44.593,46.858,50.429,52.277,51.271,49.295,47.637,48.226,48.464,49.339,48.696,49.737,49.932,51.44,50.737,51.49,51.322,52.084,52.269,53.137,52.81,52.999,54.347,53.988,54.418,54.597,54.941,55.874,55.371,56.254,56.399,56.151,56.427,57.815,57.795,57.083,57.612,58.256,58.125,57.744,58.997,59.051,60.844,58.798,58.543,59.513,58.967,57.436,58.947,57.266,57.014,56.808,57.416,54.229,55.845,55.168,54.308,55.046,52.483,52.712,53.17,51.068,49.565,49.274,49.475,47.656,46.438,44.54,43.997,43.695,42.012,41.183,40.649,41.865,40.888,42.317,41.78,42.196,42.374,41.348,41.498,41.048,42.082,42.183,43.205
C02,X18,,1,10.581,12.338,13.08,17.488,16.046,18.544,19.462,18.476,21.183,19.099,20.687,19.68,19.502,18.769,18.333,17.676,17.819,17.318,17.763,18.31,17.591,16.438,15.906,18.199,17.682,17.107,17.556,18.445,18.368,17.793,17.929,17.325,17.378,16.97,17.92,16.315,16.435,16.675,16.101,16.339,15.522,15.013,16.046,15.428,14.659,15.497,15.182,14.802,14.192,14.514,14.554,14.073,13.733,13.743,13.681,13.785,13.812,14.239,14.534,14.763,16.045,16.425,17.155,18.26,19.185,20.424,21.491,22.924,24.374,26.424,28.469,30.379,33.274,34.718,39.38,41.062,43.308,46.085,49.627,50.332,48.014,45.438,46.289,46.076,46.005,46.934,46.903,47.194,48.511,47.688,47.667,48.374,50.327,50.235,50.099,51.042,50.779,51.23,52.382,50.556,52.27,54.71,53.162,54.347,53.962,55.036,53.663,54.753,54.772,55.583,56.842,56.854,56.423,56.05,56.954,57.825,58.751,56.871,59.725,56.469,58.073,58.168,56.818,58.219,57.068,56.259,57.414,57.31,55.853,56.082,55.827,55.911,54.578,53.879,54.422,54.045,52.622,52.378,51.926,50.643,50.686,51.227,47.954,48.832,47.577,48.081,45.738,43.931,43.861,42.899,42.077,41.326,40.871,40.64,38.571,37.767,37.364,38.211
C03,X19,,1,10.986,12.295,18.459,17.114,17.203,18.476,17.653,17.247,16.493,19.765,16.54,14.275,16.232,16.101,15.545,16.044,16.116,15.376,15.797,18.146,16.559,15.358,14.802,16.269,16.055,15.17,15.737,15.201,14.927,15.299,14.405,14.56,14.712,15.063,14.274,14.314,13.855,14.246,14.434,13.767,13.924,13.988,13.423,13.574,13.445,13.402,13.323,13.041,12.932,12.705,12.723,12.813,12.925,13.078,13.443,13.548,13.978,14.452,14.937,15.784,16.116,17.042,17.939,18.829,20.537,21.822,23.078,24.465,26.809,28.603,31.164,33.409,36.445,40.117,41.415,44.421,49.248,49.424,48.23,44.894,45.06,45.107,44.303,45.604,46.147,44.833,46.667,46.367,46.597,47.452,48.375,47.996,48.131,49.266,50.429,50.239,50.779,51.278,49.673,51.239,51.328,51.62,52.502,52.625,53.232,52.89,53.993,53.762,54.89,54.144,55.686,55.959,55.432,55.838,56.6,57.093,58.633,56.613,58.216,57.317,55.901,57.649,54.956,55.126,54.257,54.016,53.238,52.3,53.09,53.196,51.496,52.791,50.469,50.241,49.037,47.207,46.115,46.099,44.589,43.462,42.672,41.469,40.738,40.212,39.691,38.797,38.586,38.678,38.515,38.164,39.272,39.279,38.752,37.615,38.31,38.577,38.7,39.334
C04,X20,,1,17.458,17.757,18.654,23.405,24.035,25.827,27.373,27.259,26.009,26.193,25.64,27.811,26.945,27.678,27.488,26.374,29.037,27.334,27.92,27.372,26.739,26.794,27.724,28.441,29.541,27.882,26.181,27.016,27.671,25.419,27,27.166,26.995,26.146,25.165,27.319,26.803,25.013,25.699,25.699,24.343,21.733,23.032,22.132,21.917,21.472,21.141,20.775,20.825,21.033,20.832,20.159,19.626,19.415,19.82,19.67,19.697,20.243,20.114,20.626,21.219,21.575,22.548,22.908,24.142,24.926,26.68,27.76,29.409,30.852,33.411,35.043,36.8,39.312,42.74,44.752,48.491,48.524,51.449,54.233,57.442,60.805,60.734,64.157,64.403,66.741,68.027,66.516,67.803,66.494,65.571,67.261,66.363,67.46,66.508,68.323,69.892,69.126,67.982,69.349,69.843,69.715,69.538,72.887,71.313,69.561,71.967,71.047,69.986,69.857,69.738,71.833,71.425,69.915,72.152,69.739,70.469,70.783,71.142,70.444,69.575,68.642,70.893,69.267,69.87,68.701,70.269,69.292,70.212,70.558,68.843,69.363,69.008,71.854,70.035,70.575,70.634,69.326,70.8,71.24,71.112,71.265,71.635,71.567,72.23,74.008,74.654,74.265,72.848,74.615,73.766,75.249,73.668,74.849,75.619,76.44,75.491,77.545
C05,X21,,1,11.113,12.852,12.689,16.08,16.802,18.207,20.298,18.385,19.604,18.939,19.167,16.724,18.922,18.584,19.681,19.681,17.982,17.084,18.301,19.668,18.952,19.021,22.485,18.717,19.403,19.588,18.785,20.41,19.222,19.527,20.024,18.135,18.64,19.258,19.302,19.65,19.063,21.63,20.769,19.674,18.311,18.969,18.645,16.855,17.015,16.473,16.017,15.587,15.286,14.894,14.673,14.691,14.945,14.882,15.204,15.446,15.734,16.09,16.647,17.042,17.873,18.347,19.055,20.252,21.177,21.609,23.386,24.655,26.029,28.461,30.006,31.989,34.954,35.973,38.054,40.707,43.829,45.848,47.662,51.75,51.204,49.126,48.228,46.76,48.32,49.719,48.699,49.745,50.686,50.048,50.099,51.396,51.343,51.156,51.325,51.844,52.738,54.252,53.678,54.14,53.943,55.914,54.743,55.668,56.858,55.743,54.276,55.413,55.527,58.438,57.172,59.562,57.107,58.761,58.721,59.122,59.081,59.531,61.306,58.519,58.357,58.192,58.751,59.682,58.107,57.864,57.956,57.286,56.515,56.035,55.283,54.185,53.562,51.682,52.202,51.97,50.099,48.483,47.043,47.454,46.691,46.596,45.943,42.225,41.42,41.884,41.818,42.576,41.675,42.352,42.172,43.207,41.8,41.95,41.976,43.441,42.326,42.393
C06,X22,,1,10.645,12.145,12.906,13.682,15.356,16.588,15.687,17.725,18.369,16.551,17.324,16.516,16.279,15.73,15.243,15.67,15.44,14.978,17.201,16.32,15.621,16.133,14.755,15.327,15.961,15.595,14.721,14.893,14.998,15.465,15.167,16.133,15.188,15.349,15.061,14.6,14.524,14.15,13.457,13.1,12.923,13.226,12.994,12.766,12.636,12.76,12.275,12.256,12.1,12.206,12.413,12.171,12.593,12.746,13.039,13.619,13.74,14.215,15.056,15.594,16.425,17.256,18.343,19.399,21.248,21.775,24.405,25.793,28.464,30.923,33.032,36.345,38.433,41.657,45.462,47.259,49.911,45.872,44.539,41.656,43.312,43.169,42.436,43.172,43.289,44.927,45.107,46.273,46.289,46.225,46.911,47.902,47.989,48.297,47.482,47.807,48.467,48.35,48.259,48.103,49.608,50.393,50.85,49.677,50.407,50.815,51.233,51.664,51.965,52.894,53.046,52.897,54.206,55.342,53.914,55.465,53.965,53.953,52.743,51.731,49.666,51.045,49.038,49.106,48.588,47.76,47.624,46.486,44.872,43.64,43.308,41.301,40.172,39.943,37.84,36.95,36.331,36.61,37.299,37.368,37.897,37.783,37.544,37.749,37.062,37.277,38.515,37.513,38.301,38.14,38.701,38.208,38.156,38.973,38.905,38.601,39.034,39.477
C07,X23,,1,10.751,12.702,14.142,16.63,17.603,15.712,17.156,17.088,15.532,16.574,16.08,16.331,14.215,15.428,14.708,15.134,14.414,14.674,15.188,13.885,14.706,14.888,15.013,15.327,14.947,14.248,14.815,14.349,14.69,15.204,15.238,14.012,14.426,14.539,14.346,14.219,14.859,14.365,13.91,14.6,14.163,14.298,13.805,13.431,13.541,13.64,13.466,13.017,12.885,12.729,12.794,12.742,13.092,13.292,13.562,13.952,14.523,15.117,15.65,16.14,17.279,18.11,19.341,20.916,21.936,23.386,25.685,27.594,29.504,32.51,35.893,37.742,40.042,45.09,48.609,50.192,46.763,44.285,42.551,43.594,42.626,43.429,44.942,44.069,45.108,45.163,46.1,45.493,47.424,46.98,47.359,46.91,46.95,47.329,49.533,48.752,49.08,49.295,50.379,49.848,49.703,50.417,51.11,52.507,51.866,52.23,51.564,53.102,53.262,52.021,53.565,53.18,53.168,55.838,55.234,56.173,54.602,54.235,50.998,51.472,51.484,51.163,50.665,49.956,50.005,47.996,47.389,47.479,47.068,44.326,44.184,41.987,40.762,38.903,38.407,38.341,37.722,37.035,37.63,37.746,37.991,38.704,38.538,38.104,37.465,36.992,37.493,37.822,37.612,37.878,38.25,38.089,38.728,38.997,39,39.245,40.298,38.474
C08,X24,,1,10.624,11.545,12.668,15.728,20.096,19.241,15.348,17.68,15.441,20.086,16.679,16.608,19.084,17.076,17.543,17.699,19.475,18.488,17.154,18.334,16.794,16.861,16.963,15.986,17.163,17.58,18.785,16.551,16.849,16.463,16.595,16.085,15.807,15.516,16.681,16.244,15.742,16.104,15.815,15.482,15.808,16.919,15.808,16.498,15.849,15.426,15.23,15.254,14.382,14.3,13.959,14.145,14.28,14.122,13.729,13.762,14.049,14.191,14.557,14.787,15.167,15.594,16.608,16.814,17.644,18.41,19.595,20.316,21.986,23.417,25.3,27.064,29.511,32.018,33.297,36.119,38.457,40.899,43.142,45.296,47.707,50.71,53.263,54.267,56.562,59.541,58.316,62.524,61.514,60.878,63.02,60.556,63.741,61.081,62.689,62.185,63.97,63.719,63.269,65.317,64.755,65.445,64.418,67.226,65.804,66.048,65.221,66.401,65.339,67.332,65.518,64.979,66.306,65.67,67.228,65.846,63.914,67.653,64.018,65.236,66.103,64.561,66.036,64.734,65.996,64.333,64.962,63.856,65.442,64.928,64.82,65.769,64.332,66.232,66.185,69.915,65.989,66.824,66.577,66.941,69.126,67.13,66.572,68.464,69.08,69.046,68.381,69.677,71.304,70.832,72.387,70.631,71.12,71.656,72.405,74.508,74.489,75.609
D01,X25,,1,10.837,13.837,14.793,14.936,15.445,15.285,16.568,15.814,15.555,15.679,16.126,17.232,16.371,16.519,15.452,15.764,15.836,15.329,17.576,15.688,15.949,16.297,15.554,15.656,15.678,15.926,15.973,15.722,16.612,16.629,17.262,16.348,16.164,15.111,15.537,15.172,14.954,15.175,14.743,15.029,15.045,15.061,14.902,14.644,14.683,14.688,14.849,14.54,14.786,14.466,14.72,15.024,15.278,15.855,16.393,16.917,17.632,18.463,19.616,20.673,21.599,22.857,23.831,25.612,26.276,28.149,28.67,31.814,33.003,35.611,38.66,39.211,42.125,43.267,47.923,49.625,50.479,51.698,47.946,47.117,48.51,47.329,48.251,47.941,49.855,48.539,48.912,50.147,49.93,50.944,50.737,50.9,51.083,52.007,52.197,53.237,52.148,52.836,54.008,54.045,54.39,54.333,53.776,55.456,55.233,55.861,56.305,55.672,56.446,56.338,57.408,56.995,57.154,58.691,57.543,58.438,59.176,58.731,57.791,57.482,56.042,54.748,56.417,54.536,55.627,53.379,54.536,54.072,52.004,51.375,51.757,49.221,48.697,47.69,45.801,44.873,43.309,42.134,41.499,42.092,42.294,42.461,42.252,42.13,42.272,42.81,43.124,41.15,41.2,41.828,42.933,43.016,43.444,43.165,43.452,43.012,43.328,43.396
D02,X26,,1,10.773,11.674,13.123,13.33,15.111,18.364,17.088,17.02,15.67,14.669,16.264,16.1,16.835,15.521,18.287,16.673,16.046,16.008,16.429,16.367,16.841,16.086,17.41,16.528,15.324,15.099,14.863,14.964,15.449,15.299,15.286,15.776,14.712,14.944,14.942,14.838,14.906,14.722,14.719,14.576,14.425,14.274,13.781,13.55,12.993,12.974,12.775,12.636,12.742,12.777,13.032,13.313,13.876,14.17,14.823,15.446,16.185,17.086,17.834,18.964,20.531,21.742,23.831,25.683,27.462,29.097,32.2,34.303,38.038,41.247,42.679,48.35,50.644,49.969,43.758,44.728,44.988,45.019,44.894,46.147,45.982,46.053,46.762,47.468,46.43,48.114,48.085,47.218,47.637,48.16,48.989,48.185,49.76,48.605,49.062,50.262,49.009,49.696,50.945,49.424,50.715,50.015,50.708,50.502,49.253,50.343,50.573,49.99,50.125,48.529,46.35,47.457,46.044,44.307,43.428,42.56,40.008,38.464,38.614,39.688,39.369,40.524,39.843,38.553,37.392,37.986,38.118,38.403,40.148,39.288,40.35,39.552,40.29,40.297,39.163,39.355,39.278,39.844,39.942,40.486,40.379,40.358,40.076,38.696,38.341,39.129,38.539,39.201,38.753,38.497,38.678,38.731,38.18,38.282,38.833,38.673,38.533,39.167
D03,X27,,1,13.753,15.529,16.116,15.75,16.491,16.251,16.388,15.723,15.212,16.322,15.941,15.684,15.768,16.194,16.498,16.207,15.86,15.961,15.703,15.758,15.856,15.898,15.671,15.727,15.442,16.044,15.43,15.154,15.615,15.584,15.619,14.918,15.521,15.421,15.418,15.1,14.93,15.27,15.1,14.696,14.973,14.775,14.926,14.786,14.897,14.878,15.111,15.111,15.238,15.584,15.529,16.023,16.371,16.757,17.036,17.582,18.297,19.27,19.592,20.768,21.836,22.691,24.33,25.825,26.964,28.741,30.518,32.383,34.138,36.606,38.778,40.821,43.592,45.327,48.585,51.612,54.194,55.108,54.194,52.743,51.038,51.632,51.277,52.591,52.76,53.166,53.779,54.375,55.226,54.909,55.887,56.283,56.373,56.945,57.313,57.534,58.023,58.407,58.627,58.62,59.478,59.429,59.274,60.055,60.46,61.237,61.636,62.086,62.768,62.826,63.089,63.872,63.9,64.279,64.612,65.044,65.258,65.44,64.962,65.66,64.757,64.726,64.928,65.018,65.382,65.207,63.735,62.58,60.978,60.718,59.85,60.285,61.332,62.784,62.193,62.652,63.844,64.558,64.242,65.335,65.864,66.492,66.714,67.659,68.086,69.402,69.712,70.414,70.425,71.331,72.411,73.487,73.097,73.205,74.238,74.723,75.061,75.729
D04,X28,,1,11.049,12.081,14.208,13.814,17.003,16.543,16.84,18.863,17.042,16.459,15.481,16.146,15.931,15.939,15.917,16.953,16.116,16.031,15.329,16.016,16.934,17.73,18.373,18.623,17.776,16.587,17.674,16.835,18.534,18.078,16.929,16.681,17.759,17.971,17.253,18.34,17.319,17.914,16.53,15.958,16.404,16.014,16.022,15.785,15.492,15.069,15.111,14.73,14.786,15.346,15.291,15.5,15.325,15.523,15.775,16.372,16.802,17.537,18.191,19.273,19.985,20.887,22.311,23.335,25.398,26.538,28.22,30.961,33.428,35.304,38.021,40.631,43.308,46.085,48.562,51.068,49.461,48.382,47.378,46.147,46.053,47.542,47.85,47.492,47.422,49.413,49.172,50.218,50.119,50.614,50.95,50.144,51.201,51.464,52.834,52.907,51.723,53.473,53.655,53.928,53.495,53.861,53.87,54.347,54.127,54.187,55.338,56.781,56.258,54.875,55.521,56.477,57.013,56.474,57.213,58.084,56.37,57.366,55.149,55.455,56.208,55.928,55.097,55.102,53.926,52.718,52.578,51.756,51.508,51.091,49.059,48.417,46.737,47.076,44.1,44.661,43.238,42.417,41.05,40.958,40.71,41.185,41.755,41.064,41.728,42.976,41.366,41.079,40.986,41.209,41.816,42.064,41.943,41.95,42.286,42.13,42.231,43.086
D05,X29,,1,10.368,12.381,12.581,13.594,13.553,14.408,13.426,13.015,13.153,13.2,13.108,12.843,12.916,13.201,13.012,13.245,13.061,13.246,13.293,12.831,12.971,13.057,12.922,12.949,12.849,12.783,12.783,12.881,13.052,12.519,12.595,12.821,12.545,12.751,12.535,12.528,12.35,12.483,12.338,12.171,12.398,12.487,12.541,12.576,12.755,12.974,13.347,13.445,13.74,14.085,14.53,14.977,15.396,15.855,16.393,17.25,17.87,18.463,19.331,20.389,21.385,22.454,23.784,25.185,26.181,28.172,29.784,31.174,33.239,35.73,38.4,40.3,42.787,45.54,48.42,51.351,51.638,48.88,47.591,46.738,46.36,47.046,47.802,48.153,48.697,48.515,49.644,49.58,50.474,50.661,51.257,51.608,52.051,52.952,52.598,53.757,53.304,53.757,53.843,55.154,54.979,55.512,56.088,56.965,57.07,57.465,57.461,57.865,58.617,58.202,59.506,59.397,59.348,60.813,60.7,61.057,62.028,62.686,61.754,61.253,60.954,62.273,61.227,61.17,60.989,61.075,60.527,60.571,60.411,59.938,60.371,61.821,60.128,60.067,59.004,59.469,59.506,59.672,58.178,58.508,58.464,57.773,57.227,56.197,57.073,58.005,55.503,55.865,56.026,55.033,54.248,55.538,54.567,54.314,53.929,53.479,52.824,53.338
D06,X30,,1,10.858,12.745,17.288,17.686,17.158,17.398,17.224,16.132,18.666,16.643,17.255,17.232,16.395,17.029,17.334,17.769,18.868,17.458,17.271,16.695,16.02,17.753,19.008,17.375,18.601,17.698,17.722,17.024,16.256,17.864,16.024,17.062,17.092,15.492,16.205,14.172,15.145,15.246,15.1,14.981,14.663,14.465,14.115,13.55,13.207,12.664,12.728,12.874,13.122,13.443,13.84,14.43,14.707,15.404,16.298,17.25,18.629,19.649,20.898,23.261,24.732,26.275,29.249,31.754,33.556,37.769,43.929,44.853,46.502,47.521,44.145,40.347,41.296,42.627,42.74,43.38,43.048,43.835,44.965,44.138,45.037,44.327,44.847,44.046,45.226,46.65,44.824,45.021,45.273,45.706,47.454,45.635,47.092,47.092,47.246,45.635,46.131,45.848,45.926,45.368,46.805,45.958,46.343,45.832,46.24,42.444,40.265,41.1,38.614,37.913,39.018,38.342,37.6,38.577,37.773,37.252,36.991,38.464,37.623,37.167,38.353,38.402,38.17,37.656,38.218,37.939,37.953,38.403,38.92,39.217,38.883,38.913,39.062,38.856,38.525,38.435,39.089,38.499,38.455,38.289,37.708,37.806,37.875,37.844,37.631,37.562,37.66,37.56,38.04,37.783,36.8,38.089,37.108,38.044,37.238,37.457,37.459,37.948
D07,X31,,1,11.198,11.717,12.494,13.044,13.798,13.464,12.681,13.288,13.108,12.924,12.693,12.635,12.708,13.271,13.152,13.059,13.271,12.942,13.41,13.253,14.472,15.006,15.859,14.691,15.702,15.004,15.808,15.201,14.642,16.106,14.143,14.87,14.426,14.015,14.084,14.576,14.261,14.198,14.053,13.433,13.209,13.25,13.28,12.813,12.874,12.879,12.775,12.47,12.599,12.801,13.103,13.313,13.519,14.028,14.252,14.924,15.449,16.161,17.027,17.778,18.561,19.771,21.289,23.478,24.64,26.656,29.002,30.984,34.256,36.417,38.423,43.283,46.574,48.619,50.1,45.911,43.829,43.077,42.219,44.398,45.344,44.256,45.391,45.155,44.99,45.328,46.005,46.722,45.958,48.184,47.856,48.468,48.414,48.321,48.472,49.885,49.033,49.885,49.295,50.508,49.773,50.369,51.039,51.021,51.749,52.843,52.106,52.018,52.602,53.979,54.13,53.933,54.394,54.635,53.725,52.54,51.914,50.916,49.582,49.257,48.65,48.945,48.614,46.556,45.116,44.03,42.081,42.208,40.172,39.312,38.622,38.346,39.393,38.809,40.344,39.685,39.089,39.018,39.399,38.691,38.653,39.389,39.153,39.857,39.999,39.438,38.919,39.296,40.154,40.353,39.914,41.064,41.181,41.117,40.81,40.938,40.394,41.15
D08,X32,,1,11.39,13.023,14.424,17.18,20.341,18.117,19.823,18.408,21.045,21.808,21.839,18.826,17.693,19.396,17.381,19.052,17.772,18.909,17.833,18.568,19.608,22.685,20.253,18.882,18.908,20.014,19.045,21.002,19.246,19.646,19.143,17.897,19.378,20.831,18.516,17.863,17.582,19.248,19.173,19.245,18.979,19.16,17.739,19.85,18.562,18.878,17.089,17.134,17.996,17.512,16.599,16.403,15.943,15.475,15.323,14.497,14.5,13.93,14.415,13.933,13.743,13.624,13.543,13.517,13.802,13.814,13.909,14.034,14.374,14.586,14.802,15.367,15.596,16.388,16.732,17.882,18.672,19.49,21.157,22.199,23.487,25.012,26.1,27.712,29.662,31.045,33.246,34.888,36.927,38.533,40.084,41.693,42.77,42.886,43.568,44.053,43.771,43.865,44.064,44.92,44.897,45.132,45.682,46.304,46.499,46.594,46.587,46.594,47.412,47.892,47.176,47.386,47.318,47.608,47.434,47.468,47.081,46.655,47.978,46.947,47.587,46.964,46.421,46.367,46.155,46.367,46.728,46.179,46.785,46.1,45.769,46.195,46.312,46.533,46.155,45.58,46.492,47.28,46.972,47.525,47.235,47.47,48.025,48.359,49.164,48.864,48.399,49.637,50.181,50.465,50.683,50.491,51.256,50.622,52.024,51.953,52.228,53.553
E01,X33,,1,13.987,10.945,12.646,13.352,13.842,13.779,14.805,13.994,15.441,14.393,14.398,13.882,14.98,15.544,15.87,16.137,13.994,15.446,14.346,14.775,15.222,16.978,14.449,15.068,14.146,15.264,13.799,14.941,15.971,15.037,14.429,14.441,15.426,16.565,14.965,15.005,15.145,14.793,15.386,15.434,15.164,16.228,14.806,15.262,14.207,14.855,14.515,14.231,13.526,13.372,13.293,13.241,12.783,13.149,13.015,13.145,12.506,12.411,12.562,12.414,12.437,12.414,12.664,12.759,12.901,13.103,13.458,13.821,14.35,14.799,15.204,15.935,16.803,17.525,18.625,19.538,21.015,21.74,22.908,24.516,26.323,27.613,29.291,31.394,32.898,33.855,36.625,37.769,38.937,39.5,39.47,39.544,39.558,40.665,40.645,41.079,41.529,42.047,41.331,41.972,42.07,43.15,42.45,42.789,43.32,43.599,43.614,42.538,43.685,42.796,41.965,42.369,42.93,42.114,42.085,41.664,43.168,41.359,41.845,41.668,42.061,42.27,41.305,41.197,41.974,42.377,41.657,42.067,42.108,42.056,42.977,41.939,42.959,42.777,43.557,42.916,43.521,44.211,44.448,44.005,44.894,44.966,45.753,45.872,46.796,46.87,47.116,47.782,47.615,47.8,49.542,49.111,49.779,49.931,50.452,50.451,51.035,51.856
E02,X34,,1,11.369,12.595,17.526,20.854,23.212,23.287,19.484,22.299,22.532,22.841,21.079,21.875,24.116,23.085,24.561,22.55,22.717,25.369,23.637,21.682,22.141,22.121,19.665,20.412,21.831,19.565,21.809,23.275,19.388,20.026,19.524,21.59,20.782,20.736,20.399,18.506,18.561,17.771,17.625,17.554,16.642,16.753,16.857,16.855,16.539,16.164,15.373,14.826,14.454,14.252,13.888,13.74,13.591,13.529,13.61,13.667,13.93,14.286,14.581,15.214,15.665,16.211,17.202,18.142,19.162,20.211,21.751,23.351,24.918,27.301,29.06,30.45,34.102,36.068,40.184,43.546,44.302,48.382,50.668,51.277,48.581,46.266,45.793,46.217,46.785,46.58,47.281,48.21,47.046,47.735,48.635,50.05,49.949,49.597,51.136,51.75,51.794,51.254,51.487,52.183,53.801,54.356,54.743,54.276,54.762,54.564,56.163,55.248,55.833,56.409,56.158,56.5,56.682,57.983,57.967,57.825,56.936,61.085,59.041,58.495,60.6,59.419,58.869,57.557,56.761,56.991,57.602,56.79,56.113,56.413,55.969,55.746,54.365,54.091,53.336,53.668,52.527,51.316,51.36,50.525,50.781,50.259,50.248,49.779,47.34,47.297,46.451,47.141,44.574,43.827,42.552,42.136,40.728,40.021,39.048,38.434,38.604,38.904
E03,X35,,1,10.581,11.931,15.054,16.52,14.555,16.746,15.483,16.314,17.294,16.207,14.997,17.532,17.322,18.491,17.869,17.373,17.772,18.535,16.99,15.735,16.841,18.88,17.504,18.694,17.965,17.722,18.572,17.001,17.11,16.629,16.143,16.443,15.807,16.231,15.037,16.172,15.934,14.984,15.267,14.672,14.687,14.56,13.924,13.859,13.802,13.688,13.776,13.802,14.073,14.085,14.363,14.786,15.088,15.879,16.774,17.511,18.368,19.768,20.423,22.762,25.8,26.773,30.341,31.327,33.888,36.963,40.92,43.193,46.998,51.191,47.598,43.259,43.024,44.072,44.397,45.06,42.835,44.925,45.178,45.958,46.36,46.502,47.282,48.011,47.021,47.453,47.399,48.871,49.528,48.467,47.737,48.02,48.792,48.935,48.897,48.279,49.953,50.38,50.427,50.556,49.632,50.204,51.157,49.653,52.643,52.018,51.186,51.735,51.328,52.021,48.849,48.658,46.917,45.981,45.643,44.802,43.097,41.783,40.43,38.746,38.164,38.85,39.278,39.143,39.045,39.143,38.614,38.498,38.944,38.673,39.048,38.417,38.873,38.738,39.352,39.732,38.948,40.246,39.375,40.297,40.592,40.287,40.691,41.23,40.615,40.364,40.891,40.912,41.366,41.162,42.172,40.874,40.538,40.974,40.952,40.58,41.491,40.959
E04,X36,,1,12.412,13.152,17.027,16.674,17.581,17.398,17.608,18.18,17.477,18.479,17.485,18.41,18.203,18.769,18.937,18.492,19.125,18.441,20.946,19.083,22.329,21.604,20.488,19.894,19.427,20.297,20.014,18.919,18.914,18.244,17.476,17.444,18.973,18.758,19.827,20.459,18.203,18.557,18.745,18.554,17.524,17.277,17.024,16.189,16.063,16.069,15.445,15.611,15.69,15.965,15.957,16.237,16.537,16.805,17.535,18.127,18.914,19.958,20.922,21.67,22.406,23.878,25.756,27.58,28.6,31.466,34.072,34.991,38.44,41.484,43.814,47.261,49.65,51.982,51.804,50.192,48.23,50.111,49.485,48.582,49.975,49.93,49.504,50.844,50.658,50.357,52.22,50.903,52.034,51.935,53.217,53.45,53.681,53.354,54.225,54.961,53.988,54.89,54.197,56.286,54.908,55.678,56.018,57.909,59.141,58.974,58.121,58.125,58.121,58.91,59.081,60.269,59.112,61.332,60.865,57.73,58.61,57.177,58.263,59.32,57.081,55.149,57.667,54.795,53.784,54.512,53.781,54.592,52.76,51.943,50.999,49.504,48.249,47.407,46.674,45.038,44.37,42.842,41.9,42.139,41.916,43.194,43.198,42.699,42.77,43.474,42.815,40.984,42.055,42.47,42.695,43.302,43.015,43.284,43.833,43.799,44.855,43.564
E05,X37,,1,10.709,12.745,13.231,13.88,14.977,16.341,16.727,15.95,15.738,16.276,15.458,15.476,15.954,14.779,15.173,17.233,15.58,15.703,15.142,15.149,15.574,14.818,14.614,14.526,15.018,15.359,15.855,15.154,15.259,15.726,15.619,17.277,15.331,15.492,15.561,16.125,15.074,15.27,14.815,15.315,15.474,14.989,15.045,14.715,14.445,14.617,14.682,13.898,14.097,14.157,13.293,13.503,13.567,13.292,13.372,12.86,12.91,12.862,12.871,12.722,12.865,12.675,12.854,12.853,13.257,13.198,13.624,13.845,14.066,14.609,14.873,15.817,16.377,17.359,18.293,19.751,20.447,22.095,23.453,25.06,26.299,27.944,29.48,31.583,32.969,35.578,37.192,38.762,40.213,41.341,42.801,42.566,42.439,43.619,42.885,44.549,43.889,44.455,44.324,44.778,45.086,46.642,46.933,46.61,46.475,47.231,46.563,46.335,46.988,46.854,47.081,46.986,47.058,46.688,46.562,46.335,47.01,46.961,45.643,46.075,45.32,46.846,46.468,45.234,45.257,45.966,45.124,45.352,45.108,45.462,46.148,46.289,46.478,46.108,46.769,46.123,47.081,47.209,47.562,47.454,47.211,48.345,47.883,48.24,48.856,49.624,49.373,49.827,50.229,50.37,50.825,51.372,51.828,52.694,52.524,53.479,53.445,53.935
E06,X38,,1,11.241,13.194,13.752,14.012,18.427,15.734,15.935,18.294,18.735,18.181,18.545,17.948,18.505,17.563,18.566,20.218,18.122,18.98,17.693,18.006,18.365,18.552,17.081,19.518,17.776,19.305,17.863,18.185,17.229,17.057,16.357,15.585,16.354,15.945,14.942,14.862,15.265,14.508,14.243,14.005,14.019,14.656,13.328,13.075,13.136,12.926,12.68,12.85,12.861,12.777,12.984,13.217,13.424,13.814,14.3,14.616,15.52,16.042,16.908,17.801,19.226,20.033,21.859,23.027,24.758,27.343,29.997,31.862,35.036,37.103,39.322,42.786,47.378,49.329,48.538,44.255,43.403,43.527,44.752,43.878,44.068,44.989,45.414,46.052,45.863,46.084,46.454,46.887,48.11,47.948,48.635,48.775,49.453,48.935,49.392,51.797,51.487,50.876,51.063,51.805,51.116,52.115,52.738,53.238,54.268,53.762,54.795,54.847,53.522,55.796,55.097,56.759,56.847,55.908,56.058,55.725,54.696,53.552,53.923,52.674,53.515,53.663,52.15,50.805,51.115,51.49,50.526,50.007,49.264,47.52,47.733,46.266,45.604,43.604,43.179,41.642,40.904,40.529,39.187,38.596,37.187,37.523,37.497,38.033,38.554,38.488,38.254,38.321,38.325,38.093,38.25,38.612,38.037,38.854,39.119,38.744,39.917,39.167
E07,X39,,1,10.645,11.352,13.21,13.528,15.623,14.88,14.24,15.427,15.624,15.908,14.628,15.222,15.49,14.663,15.127,14.528,14.18,14.791,14.229,13.604,13.791,13.738,13.956,13.749,13.061,13.043,13.327,12.928,12.957,12.662,12.048,12.201,12.188,12.084,12.344,11.98,12.303,11.982,11.718,11.623,11.802,11.867,11.993,11.91,12.279,12.474,12.728,12.969,13.336,13.776,14.197,14.763,15.301,15.95,16.608,16.941,18.059,18.771,19.711,20.484,22.192,23.261,24.853,26.798,28.647,30.494,32.84,34.825,37.637,39.968,42.632,45.935,47.213,42.959,41.225,40.376,40.799,41.609,41.722,41.561,41.965,42.601,42.672,43.456,43.714,43.747,44.659,44.785,45.651,45.588,46.344,46.603,46.879,46.903,46.94,47.571,47.759,48.799,48.565,49.424,49.608,50.228,49.883,51.233,50.572,51.617,51.729,52.984,53.427,52.351,53.329,54.31,54.135,53.739,53.301,53.908,53.47,53.011,52.554,52.651,51.933,51.021,49.981,49.861,49.651,48.232,48.474,47.904,46.737,46.171,45.485,44.374,43.903,42.494,41.809,40.723,39.23,38.452,37.653,37.273,36.667,35.703,35.77,36.091,36.02,36.755,36.614,36.918,37.208,36.379,36.633,36.756,36.989,36.995,37.214,37.481,37.555,37.422
E08,X40,,1,11.88,13.045,17.873,17.4,16.201,15.464,15.687,15.814,15.075,17.056,17.393,16.793,16.093,15.892,15.429,14.994,15.65,15.352,16.593,15.43,15.715,14.959,15.107,15.845,14.876,14.957,15.264,15.296,15.402,16.059,15.024,15.251,16.092,14.968,15.156,16.196,15.121,16.127,15.148,15.458,14.592,14.727,15.498,16.023,15.516,14.95,15.182,14.445,14.145,13.99,13.84,13.978,13.9,13.814,13.943,14.236,14.761,15.093,15.578,16.259,17.184,17.968,18.842,19.754,20.893,22.154,23.363,25.153,26.927,28.555,31.259,33.575,35.711,39.644,40.397,43.073,45.485,47.151,50.786,53.642,56,57.093,55.462,54.385,54.247,54.819,55.268,54.965,56.029,57.032,55.768,57.487,57.577,58.954,57.431,58.643,57.197,58.266,58.038,58.148,59.502,59.099,59.935,60.291,61.872,61.45,61.329,62.015,62.249,62.543,62.288,64.084,64.561,62.959,64.329,63.274,64.527,64.051,66.613,63.916,65.04,63.712,62.382,60.39,60.847,59.541,60.008,59.271,59.136,58.447,57.152,58.228,57.388,58.319,58.225,56.946,56.795,57.902,57.046,56.69,57.921,57.489,57.771,58.897,57.31,58.243,57.879,57.957,58.093,57.151,59.407,59.347,59.783,59.603,58.69,60.37,59.099,58.404
F01,X41,,1,11.411,14.672,15.119,16.894,15.779,17.195,15.416,18.726,16.63,18.158,14.974,18.364,16.255,17.215,16.056,17.909,18.379,17.061,15.446,15.29,15.926,15.405,16.165,15.915,15.112,17.155,15.099,15.84,15.283,15.085,14.738,15.204,15.712,15.874,15.656,14.791,15.097,15.58,15.434,14.862,15.235,15.418,15.021,14.406,14.707,14.593,14.682,14.302,14.786,14.633,14.625,14.406,14.185,13.909,14.062,14.26,14.523,15.069,15.816,16.259,17.303,17.754,19.055,20.371,21.177,22.415,25.021,25.413,27.873,29.763,32.488,36.511,38.031,40.757,42.527,46.384,48.372,51.934,54.857,57.448,58.032,57.873,57.731,58.067,58.144,58.289,58.458,59.571,58.819,58.944,61.201,59.588,61.143,60.112,60.826,62.987,60.666,61.264,61.949,63.595,65.485,63.699,63.828,64.466,63.497,64.421,65.268,65.34,62.91,66.672,65.801,64.838,64.301,65.6,64.777,64.548,63.773,63.769,64.985,62.408,63.009,63.287,62.123,63.035,62.618,61.949,62.862,64.305,64.473,62.563,61.625,60.994,63.576,64.036,62.595,63.477,63.797,64.157,65.492,66.398,66.999,65.121,66.667,67.683,67.209,68.215,66.172,67.276,68.524,67.739,69.011,70.821,69.905,71.371,70.857,71.003,71.339,72.598
F02,X42,,1,11.624,12.273,12.06,12.495,13.664,15.644,16.003,15.586,14.777,16.39,15.343,15.153,16.882,14.593,17.009,16.09,14.67,17.388,14.908,14.985,14.8,14.442,14.966,14.927,15.254,15.548,15.359,14.941,14.927,14.539,14.619,14.584,14.902,14.753,15.037,15.482,14.954,15.103,14.91,14.576,14.663,14.012,14.425,13.978,14.04,13.617,13.705,13.636,13.883,14.133,14.387,14.739,15.301,15.831,16.346,17.416,18.059,19.317,20.09,21.267,22.81,24.186,26.088,28.339,30.639,32.508,35.589,38.357,40.899,45.84,48,50.978,50.005,46.061,46.243,46.195,46.03,46.843,46.929,46.762,46.856,47.66,47.802,48.177,47.753,48.775,49.242,49.887,49.363,50.26,50.265,50.617,51.201,51.7,51.655,51.891,51.77,52.175,54.362,53.008,53.283,53.837,53.917,53.923,55.492,54.989,54.937,55.72,55.361,57.117,55.781,56.171,55.503,54.376,55.234,55.536,55.073,55.13,53.757,53.876,52.547,52.955,52.009,51.278,49.603,49.649,49.063,49.771,48.579,47.543,46.29,45.698,45.037,43.533,42.257,41.407,40.291,39.065,38.267,37.746,38.18,38.444,38.514,40.165,39.265,39.699,38.943,38.987,39.18,39.615,39.652,40.921,40.443,40.188,40.5,39.865,40.537,39.74
F03,X43,,1,11.177,12.573,14.837,15.662,15.2,14.251,15.596,16.678,16.219,16.23,17.969,17.093,16.858,17.076,18.612,16.3,17.796,17.786,17.318,16.882,17.333,16.109,16,16.528,17.729,16.966,16.706,16.859,17.134,16.225,17.333,15.942,15.783,18.257,15.99,16.291,16.268,16.056,16.006,15.434,15.188,15.513,14.329,14.358,14.921,14.378,14.11,14.088,14.168,14.585,14.839,15.119,15.325,15.926,16.417,17.06,18.083,18.937,19.995,20.84,22.572,24.756,27.015,28.007,30.995,34.12,36.584,37.907,41.49,45.604,48.307,52.849,51.354,48.169,47.686,46.313,47.402,47.956,47.449,49.268,47.943,48.535,49.339,50.112,51.177,49.436,50.377,50.572,51.916,51.369,53.288,52.765,52.216,52.669,53.541,54.488,53.8,54.772,53.961,55.885,55.921,56.338,55.734,56.517,57.046,57.158,58.192,58.384,58.499,58.627,59.907,60.598,58.569,58.125,59.122,59.193,59.411,58.354,59.301,57.199,57.459,55.904,55.804,55.267,54.942,54.205,53.946,52.465,53.681,52.392,51.993,50.876,49.642,49.32,47.785,46.995,46.162,45.297,44.943,43.249,42.388,41.941,39.91,40.638,39.667,40.34,41.366,41.079,41.58,40.995,41.079,39.684,40.466,41.379,41.905,41.725,41.754,41.748
F04,X44,,1,11.198,12.723,14.75,15.09,15.378,15.554,16.365,16.201,16.15,16.459,16.379,17.648,17.206,17.725,17.776,19.425,17.026,18.371,17.435,17.28,20.898,19.092,18.867,16.834,18.295,18.643,16.611,18.895,17.371,17.484,16.167,16.753,16.592,16.613,16.467,15.529,15.671,15.961,15.744,15.41,15.14,15.085,14.21,14.097,14.278,13.593,13.872,14.064,14.026,14.109,14.554,15.119,15.444,15.547,16.036,16.728,17.537,17.893,18.784,20.056,20.412,21.718,22.881,24.521,25.541,27.888,29.713,32.17,33.499,36.014,39.204,42.644,44.704,47.53,50.644,50.736,49.579,48.145,48.065,49.244,47.778,48.086,48.299,49.947,50.303,52.458,50.755,51.493,52.814,51.463,53.973,52.694,52.783,53.401,54.083,54.89,54.248,55.999,55.304,55.248,56.392,55.63,57.174,56.258,56.622,57.488,57.414,57.323,57.366,58.981,58.516,57.607,58.522,60.813,60.017,58.768,60.378,58.896,59.938,58.708,59.656,58.829,58.445,58.525,58.839,58.195,56.093,56.624,55.405,55.964,55.614,55.391,54.72,54.422,52.958,51.994,51.985,51.34,51.384,49.722,49.386,49.172,48.805,47.601,46.535,45.113,44.122,42.006,42.435,41.59,41.411,42.231,43.158,43.332,43.286,44.705,42.971,42.393
F05,X45,,1,11.624,12.166,13.123,15.178,17.27,19.488,18.987,18.795,16.516,19.512,16.563,17.994,18.319,17.749,18.937,19.005,18.868,19.143,17.763,19.083,19.655,19.115,16.823,18.34,18.342,17.509,18.596,18.303,17.656,18.031,16.857,17.158,17.33,16.398,16.014,16.387,16.626,16.151,14.886,15.1,15.736,15.728,14.997,15.357,14.588,14.807,14.491,13.898,13.788,13.657,13.674,13.931,13.995,14.146,14.609,14.64,15.188,15.686,16.6,17.066,17.873,19.178,19.697,21.486,22.244,23.907,25.945,28.424,30.095,32.581,34.356,36.63,39.498,43.006,44.539,49.175,51.331,51.769,53.674,57.33,58.907,56.762,58.086,58.917,57.223,58.643,57.442,58.839,58.441,58.849,59.524,60.697,60.624,60.159,60.166,60.485,59.746,63.129,60.771,62.629,61.575,62.661,61.256,63.759,62.202,64.586,63.193,64.02,66.188,63.77,64.504,66.463,64.514,64.067,65.107,64.053,63.82,64.051,63.075,64.128,63.505,61.872,62.806,63.601,64.319,62.61,60.268,61.564,60.624,62.114,60.986,62.649,63.552,61.674,61.532,62.629,64.221,63.614,64.808,63.067,63.784,65.759,65.507,64.486,65.907,66.054,65.72,66.158,68.167,66.858,67.775,68.083,69.238,68.822,67.762,69.096,69.216,71.284
F06,X46,,1,12.22,13.987,18.676,17.312,17.559,18.679,17.45,19.796,19.169,19.145,19.512,18.11,18.157,17.865,19.913,18.049,20.408,17.458,18.184,19.832,17.779,16.955,16.658,16.975,16.503,17.249,17.745,17.427,17.988,15.608,16.286,16.348,15.997,16.541,15.871,15.41,15.814,15.365,15.22,14.934,14.544,14.036,14.043,13.907,13.921,14.021,14.301,14.683,15.119,15.822,16.409,17.021,17.867,18.727,20.129,21.331,22.806,24.728,26.502,28.435,30.144,33.134,35.735,39.39,42.473,44.735,48.265,47.745,46.266,43.544,44.287,43.401,44.491,44.948,44.61,45.107,46.645,46.275,45.817,46.478,47.376,47.542,47.991,47.705,47.895,48.445,49.195,49.32,49.221,48.679,48.446,50.38,49.76,51.086,51.018,51.112,51.676,51.372,52.382,52.23,52.435,53.082,53.564,53.191,53.656,53.904,52.436,51.192,50.762,50.204,49.981,49.718,49.252,47.82,46.963,46.5,45.902,44.584,43.284,41.503,40.077,38.873,37.769,37.797,38.053,38.647,39.086,39.302,39.227,39.217,39.734,38.96,37.881,38.313,38.856,39.025,39.49,39.703,40.012,40.486,39.953,40.618,40.218,40.307,40.094,39.794,40.226,39.628,39.655,40.21,39.7,40.326,40.252,40.259,39.619,39.865,40.561,40.099
F07,X47,,1,10.964,14.501,15.357,15.332,17.492,15.644,15.596,18.908,17.98,16.895,14.744,15.084,14.655,15.637,15.777,16.3,16.023,15.75,15.282,14.985,15.035,16.015,15.201,14.597,14.311,15.359,14.697,14.254,14.144,14.016,14.31,14.322,14.402,14.753,13.917,13.838,15.312,15.341,15.315,15.124,14.782,14.918,14.854,13.812,13.826,13.76,13.729,13.707,13.764,14.085,14.221,14.596,15.088,15.713,16.251,17.155,17.893,19.056,20.423,21.765,22.928,25.064,27.158,29.762,32.157,34.783,36.56,39.945,43.003,47.332,48.969,44.467,43.474,43.125,44.184,44.445,44.255,43.93,44.846,44.398,45.344,47.211,46.455,46.383,47.493,47.288,47.234,47.359,47.4,48.443,47.95,48.539,48.131,48.652,50.594,49.79,50.331,50.31,50.403,50.579,50.668,51.219,52.455,52.625,53.02,52.418,52.908,53.126,53.97,53.2,52.244,51.979,50.408,50.013,48.259,49.355,49.722,47.573,48.379,46.782,45.604,44.723,42.673,41.811,40.628,39.072,37.741,38.025,37.999,37.561,38.315,38.488,38.401,39.116,38.738,38.483,37.769,38.31,38.29,38.691,39.41,39.2,39.177,39.573,39.265,39.652,39.774,39.7,39.893,40.638,40.413,39.755,40.062,39.949,39.286,39.746,39.439,39.908
F08,X48,,1,10.9,13.516,14.446,14.452,15.534,15.06,16.614,14.335,15.052,13.98,14.375,14.83,15.119,14.129,14.035,14.131,13.574,14.206,14.182,14.353,14.284,14.09,13.745,14.056,13.863,13.421,13.209,13.236,12.839,12.781,12.738,12.678,12.736,12.823,12.773,12.743,12.876,13.054,13.29,13.505,13.662,13.941,14.258,14.501,14.921,15.212,15.731,16.111,16.617,17.107,17.883,18.733,19.341,20.175,21.033,21.948,22.924,24.253,25.434,26.275,27.865,29.503,30.935,32.489,33.983,35.494,38.053,38.642,40.828,42.81,44.075,45.722,47.023,47.672,49.958,50.003,51.449,52.621,52.514,52.814,52.999,53.996,54.422,54.455,54.932,55.692,56.686,56.288,56.526,57.315,57.02,56.731,57.223,57.276,56.936,57.864,57.599,57.77,57.472,57.559,57.452,57.825,58.118,58.074,57.988,58.337,57.956,57.37,58.074,58.037,58.822,59.539,59.678,59.587,59.899,59.429,59.435,60.426,60.126,60.994,60.624,61.447,61.415,61.996,62.004,62.681,62.579,63.738,63.788,64.242,64.891,65.438,66.929,66.327,66.469,66.543,67.239,68.146,68.417,69.61,69.126,70.532,70.996,71.993,72.561,73.439,74.82,76.214,78.099,81.182,82.942,85.58,87.816,88.903,90.19,91.484,93.672,94.105
A01,X1,,Cal.Biomass [OD600 [-]]:FS=1,0,0,0,0,0,0,0,0,0,0,0,0,0,0,0,0,0,0,0,0,0,0,0,0,0,0,0,0,0,0,0,0,0,0,0,0,0,0,0,0,0,0,0,0,0,0,0,0,0,0,0,0,0,0,0,0,0,0,0,0,0,0,0,0,0,0,0,0,0,0,0,0,0,0,0,0,0,0,0,0,0,0,0,0,0,0,0,0,0,0,0,0,0,0,0,0,0,0,0,0,0,0,0,0,0,0,0,0,0,0,0,0,0,0,0,0,0,0,0,0,0,0,0,0,0,0,0,0,0,0,0,0,0,0,0,0,0,0,0,0,0,0,0,0,0,0,0,0,0,0,0,0,0,0,0,0,0,0
A02,X2,,Cal.Biomass [OD600 [-]]:FS=1,0,0,0,0,0,0,0,0,0,0,0,0,0,0,0,0,0,0,0,0,0,0,0,0,0,0,0,0,0,0,0,0,0,0,0,0,0,0,0,0,0,0,0,0,0,0,0,0,0,0,0,0,0,0,0,0,0,0,0,0,0,0,0,0,0,0,0,0,0,0,0,0,0,0,0,0,0,0,0,0,0,0,0,0,0,0,0,0,0,0,0,0,0,0,0,0,0,0,0,0,0,0,0,0,0,0,0,0,0,0,0,0,0,0,0,0,0,0,0,0,0,0,0,0,0,0,0,0,0,0,0,0,0,0,0,0,0,0,0,0,0,0,0,0,0,0,0,0,0,0,0,0,0,0,0,0,0,0
A03,X3,,Cal.Biomass [OD600 [-]]:FS=1,0,0,0,0,0,0,0,0,0,0,0,0,0,0,0,0,0,0,0,0,0,0,0,0,0,0,0,0,0,0,0,0,0,0,0,0,0,0,0,0,0,0,0,0,0,0,0,0,0,0,0,0,0,0,0,0,0,0,0,0,0,0,0,0,0,0,0,0,0,0,0,0,0,0,0,0,0,0,0,0,0,0,0,0,0,0,0,0,0,0,0,0,0,0,0,0,0,0,0,0,0,0,0,0,0,0,0,0,0,0,0,0,0,0,0,0,0,0,0,0,0,0,0,0,0,0,0,0,0,0,0,0,0,0,0,0,0,0,0,0,0,0,0,0,0,0,0,0,0,0,0,0,0,0,0,0,0,0
A04,X4,,Cal.Biomass [OD600 [-]]:FS=1,0,0,0,0,0,0,0,0,0,0,0,0,0,0,0,0,0,0,0,0,0,0,0,0,0,0,0,0,0,0,0,0,0,0,0,0,0,0,0,0,0,0,0,0,0,0,0,0,0,0,0,0,0,0,0,0,0,0,0,0,0,0,0,0,0,0,0,0,0,0,0,0,0,0,0,0,0,0,0,0,0,0,0,0,0,0,0,0,0,0,0,0,0,0,0,0,0,0,0,0,0,0,0,0,0,0,0,0,0,0,0,0,0,0,0,0,0,0,0,0,0,0,0,0,0,0,0,0,0,0,0,0,0,0,0,0,0,0,0,0,0,0,0,0,0,0,0,0,0,0,0,0,0,0,0,0,0,0
A05,X5,,Cal.Biomass [OD600 [-]]:FS=1,0,0,0,0,0,0,0,0,0,0,0,0,0,0,0,0,0,0,0,0,0,0,0,0,0,0,0,0,0,0,0,0,0,0,0,0,0,0,0,0,0,0,0,0,0,0,0,0,0,0,0,0,0,0,0,0,0,0,0,0,0,0,0,0,0,0,0,0,0,0,0,0,0,0,0,0,0,0,0,0,0,0,0,0,0,0,0,0,0,0,0,0,0,0,0,0,0,0,0,0,0,0,0,0,0,0,0,0,0,0,0,0,0,0,0,0,0,0,0,0,0,0,0,0,0,0,0,0,0,0,0,0,0,0,0,0,0,0,0,0,0,0,0,0,0,0,0,0,0,0,0,0,0,0,0,0,0,0
A06,X6,,Cal.Biomass [OD600 [-]]:FS=1,0,0,0,0,0,0,0,0,0,0,0,0,0,0,0,0,0,0,0,0,0,0,0,0,0,0,0,0,0,0,0,0,0,0,0,0,0,0,0,0,0,0,0,0,0,0,0,0,0,0,0,0,0,0,0,0,0,0,0,0,0,0,0,0,0,0,0,0,0,0,0,0,0,0,0,0,0,0,0,0,0,0,0,0,0,0,0,0,0,0,0,0,0,0,0,0,0,0,0,0,0,0,0,0,0,0,0,0,0,0,0,0,0,0,0,0,0,0,0,0,0,0,0,0,0,0,0,0,0,0,0,0,0,0,0,0,0,0,0,0,0,0,0,0,0,0,0,0,0,0,0,0,0,0,0,0,0,0
A07,X7,,Cal.Biomass [OD600 [-]]:FS=1,0,0,0,0,0,0,0,0,0,0,0,0,0,0,0,0,0,0,0,0,0,0,0,0,0,0,0,0,0,0,0,0,0,0,0,0,0,0,0,0,0,0,0,0,0,0,0,0,0,0,0,0,0,0,0,0,0,0,0,0,0,0,0,0,0,0,0,0,0,0,0,0,0,0,0,0,0,0,0,0,0,0,0,0,0,0,0,0,0,0,0,0,0,0,0,0,0,0,0,0,0,0,0,0,0,0,0,0,0,0,0,0,0,0,0,0,0,0,0,0,0,0,0,0,0,0,0,0,0,0,0,0,0,0,0,0,0,0,0,0,0,0,0,0,0,0,0,0,0,0,0,0,0,0,0,0,0,0
A08,X8,,Cal.Biomass [OD600 [-]]:FS=1,0,0,0,0,0,0,0,0,0,0,0,0,0,0,0,0,0,0,0,0,0,0,0,0,0,0,0,0,0,0,0,0,0,0,0,0,0,0,0,0,0,0,0,0,0,0,0,0,0,0,0,0,0,0,0,0,0,0,0,0,0,0,0,0,0,0,0,0,0,0,0,0,0,0,0,0,0,0,0,0,0,0,0,0,0,0,0,0,0,0,0,0,0,0,0,0,0,0,0,0,0,0,0,0,0,0,0,0,0,0,0,0,0,0,0,0,0,0,0,0,0,0,0,0,0,0,0,0,0,0,0,0,0,0,0,0,0,0,0,0,0,0,0,0,0,0,0,0,0,0,0,0,0,0,0,0,0,0
B01,X9,,Cal.Biomass [OD600 [-]]:FS=1,0,0,0,0,0,0,0,0,0,0,0,0,0,0,0,0,0,0,0,0,0,0,0,0,0,0,0,0,0,0,0,0,0,0,0,0,0,0,0,0,0,0,0,0,0,0,0,0,0,0,0,0,0,0,0,0,0,0,0,0,0,0,0,0,0,0,0,0,0,0,0,0,0,0,0,0,0,0,0,0,0,0,0,0,0,0,0,0,0,0,0,0,0,0,0,0,0,0,0,0,0,0,0,0,0,0,0,0,0,0,0,0,0,0,0,0,0,0,0,0,0,0,0,0,0,0,0,0,0,0,0,0,0,0,0,0,0,0,0,0,0,0,0,0,0,0,0,0,0,0,0,0,0,0,0,0,0,0
B02,X10,,Cal.Biomass [OD600 [-]]:FS=1,0,0,0,0,0,0,0,0,0,0,0,0,0,0,0,0,0,0,0,0,0,0,0,0,0,0,0,0,0,0,0,0,0,0,0,0,0,0,0,0,0,0,0,0,0,0,0,0,0,0,0,0,0,0,0,0,0,0,0,0,0,0,0,0,0,0,0,0,0,0,0,0,0,0,0,0,0,0,0,0,0,0,0,0,0,0,0,0,0,0,0,0,0,0,0,0,0,0,0,0,0,0,0,0,0,0,0,0,0,0,0,0,0,0,0,0,0,0,0,0,0,0,0,0,0,0,0,0,0,0,0,0,0,0,0,0,0,0,0,0,0,0,0,0,0,0,0,0,0,0,0,0,0,0,0,0,0,0
B03,X11,,Cal.Biomass [OD600 [-]]:FS=1,0,0,0,0,0,0,0,0,0,0,0,0,0,0,0,0,0,0,0,0,0,0,0,0,0,0,0,0,0,0,0,0,0,0,0,0,0,0,0,0,0,0,0,0,0,0,0,0,0,0,0,0,0,0,0,0,0,0,0,0,0,0,0,0,0,0,0,0,0,0,0,0,0,0,0,0,0,0,0,0,0,0,0,0,0,0,0,0,0,0,0,0,0,0,0,0,0,0,0,0,0,0,0,0,0,0,0,0,0,0,0,0,0,0,0,0,0,0,0,0,0,0,0,0,0,0,0,0,0,0,0,0,0,0,0,0,0,0,0,0,0,0,0,0,0,0,0,0,0,0,0,0,0,0,0,0,0,0
B04,X12,,Cal.Biomass [OD600 [-]]:FS=1,0,0,0,0,0,0,0,0,0,0,0,0,0,0,0,0,0,0,0,0,0,0,0,0,0,0,0,0,0,0,0,0,0,0,0,0,0,0,0,0,0,0,0,0,0,0,0,0,0,0,0,0,0,0,0,0,0,0,0,0,0,0,0,0,0,0,0,0,0,0,0,0,0,0,0,0,0,0,0,0,0,0,0,0,0,0,0,0,0,0,0,0,0,0,0,0,0,0,0,0,0,0,0,0,0,0,0,0,0,0,0,0,0,0,0,0,0,0,0,0,0,0,0,0,0,0,0,0,0,0,0,0,0,0,0,0,0,0,0,0,0,0,0,0,0,0,0,0,0,0,0,0,0,0,0,0,0,0
B05,X13,,Cal.Biomass [OD600 [-]]:FS=1,0,0,0,0,0,0,0,0,0,0,0,0,0,0,0,0,0,0,0,0,0,0,0,0,0,0,0,0,0,0,0,0,0,0,0,0,0,0,0,0,0,0,0,0,0,0,0,0,0,0,0,0,0,0,0,0,0,0,0,0,0,0,0,0,0,0,0,0,0,0,0,0,0,0,0,0,0,0,0,0,0,0,0,0,0,0,0,0,0,0,0,0,0,0,0,0,0,0,0,0,0,0,0,0,0,0,0,0,0,0,0,0,0,0,0,0,0,0,0,0,0,0,0,0,0,0,0,0,0,0,0,0,0,0,0,0,0,0,0,0,0,0,0,0,0,0,0,0,0,0,0,0,0,0,0,0,0,0
B06,X14,,Cal.Biomass [OD600 [-]]:FS=1,0,0,0,0,0,0,0,0,0,0,0,0,0,0,0,0,0,0,0,0,0,0,0,0,0,0,0,0,0,0,0,0,0,0,0,0,0,0,0,0,0,0,0,0,0,0,0,0,0,0,0,0,0,0,0,0,0,0,0,0,0,0,0,0,0,0,0,0,0,0,0,0,0,0,0,0,0,0,0,0,0,0,0,0,0,0,0,0,0,0,0,0,0,0,0,0,0,0,0,0,0,0,0,0,0,0,0,0,0,0,0,0,0,0,0,0,0,0,0,0,0,0,0,0,0,0,0,0,0,0,0,0,0,0,0,0,0,0,0,0,0,0,0,0,0,0,0,0,0,0,0,0,0,0,0,0,0,0
B07,X15,,Cal.Biomass [OD600 [-]]:FS=1,0,0,0,0,0,0,0,0,0,0,0,0,0,0,0,0,0,0,0,0,0,0,0,0,0,0,0,0,0,0,0,0,0,0,0,0,0,0,0,0,0,0,0,0,0,0,0,0,0,0,0,0,0,0,0,0,0,0,0,0,0,0,0,0,0,0,0,0,0,0,0,0,0,0,0,0,0,0,0,0,0,0,0,0,0,0,0,0,0,0,0,0,0,0,0,0,0,0,0,0,0,0,0,0,0,0,0,0,0,0,0,0,0,0,0,0,0,0,0,0,0,0,0,0,0,0,0,0,0,0,0,0,0,0,0,0,0,0,0,0,0,0,0,0,0,0,0,0,0,0,0,0,0,0,0,0,0,0
B08,X16,,Cal.Biomass [OD600 [-]]:FS=1,0,0,0,0,0,0,0,0,0,0,0,0,0,0,0,0,0,0,0,0,0,0,0,0,0,0,0,0,0,0,0,0,0,0,0,0,0,0,0,0,0,0,0,0,0,0,0,0,0,0,0,0,0,0,0,0,0,0,0,0,0,0,0,0,0,0,0,0,0,0,0,0,0,0,0,0,0,0,0,0,0,0,0,0,0,0,0,0,0,0,0,0,0,0,0,0,0,0,0,0,0,0,0,0,0,0,0,0,0,0,0,0,0,0,0,0,0,0,0,0,0,0,0,0,0,0,0,0,0,0,0,0,0,0,0,0,0,0,0,0,0,0,0,0,0,0,0,0,0,0,0,0,0,0,0,0,0,0
C01,X17,,Cal.Biomass [OD600 [-]]:FS=1,0,0,0,0,0,0,0,0,0,0,0,0,0,0,0,0,0,0,0,0,0,0,0,0,0,0,0,0,0,0,0,0,0,0,0,0,0,0,0,0,0,0,0,0,0,0,0,0,0,0,0,0,0,0,0,0,0,0,0,0,0,0,0,0,0,0,0,0,0,0,0,0,0,0,0,0,0,0,0,0,0,0,0,0,0,0,0,0,0,0,0,0,0,0,0,0,0,0,0,0,0,0,0,0,0,0,0,0,0,0,0,0,0,0,0,0,0,0,0,0,0,0,0,0,0,0,0,0,0,0,0,0,0,0,0,0,0,0,0,0,0,0,0,0,0,0,0,0,0,0,0,0,0,0,0,0,0,0
C02,X18,,Cal.Biomass [OD600 [-]]:FS=1,0,0,0,0,0,0,0,0,0,0,0,0,0,0,0,0,0,0,0,0,0,0,0,0,0,0,0,0,0,0,0,0,0,0,0,0,0,0,0,0,0,0,0,0,0,0,0,0,0,0,0,0,0,0,0,0,0,0,0,0,0,0,0,0,0,0,0,0,0,0,0,0,0,0,0,0,0,0,0,0,0,0,0,0,0,0,0,0,0,0,0,0,0,0,0,0,0,0,0,0,0,0,0,0,0,0,0,0,0,0,0,0,0,0,0,0,0,0,0,0,0,0,0,0,0,0,0,0,0,0,0,0,0,0,0,0,0,0,0,0,0,0,0,0,0,0,0,0,0,0,0,0,0,0,0,0,0,0
C03,X19,,Cal.Biomass [OD600 [-]]:FS=1,0,0,0,0,0,0,0,0,0,0,0,0,0,0,0,0,0,0,0,0,0,0,0,0,0,0,0,0,0,0,0,0,0,0,0,0,0,0,0,0,0,0,0,0,0,0,0,0,0,0,0,0,0,0,0,0,0,0,0,0,0,0,0,0,0,0,0,0,0,0,0,0,0,0,0,0,0,0,0,0,0,0,0,0,0,0,0,0,0,0,0,0,0,0,0,0,0,0,0,0,0,0,0,0,0,0,0,0,0,0,0,0,0,0,0,0,0,0,0,0,0,0,0,0,0,0,0,0,0,0,0,0,0,0,0,0,0,0,0,0,0,0,0,0,0,0,0,0,0,0,0,0,0,0,0,0,0,0
C04,X20,,Cal.Biomass [OD600 [-]]:FS=1,0,0,0,0,0,0,0,0,0,0,0,0,0,0,0,0,0,0,0,0,0,0,0,0,0,0,0,0,0,0,0,0,0,0,0,0,0,0,0,0,0,0,0,0,0,0,0,0,0,0,0,0,0,0,0,0,0,0,0,0,0,0,0,0,0,0,0,0,0,0,0,0,0,0,0,0,0,0,0,0,0,0,0,0,0,0,0,0,0,0,0,0,0,0,0,0,0,0,0,0,0,0,0,0,0,0,0,0,0,0,0,0,0,0,0,0,0,0,0,0,0,0,0,0,0,0,0,0,0,0,0,0,0,0,0,0,0,0,0,0,0,0,0,0,0,0,0,0,0,0,0,0,0,0,0,0,0,0
C05,X21,,Cal.Biomass [OD600 [-]]:FS=1,0,0,0,0,0,0,0,0,0,0,0,0,0,0,0,0,0,0,0,0,0,0,0,0,0,0,0,0,0,0,0,0,0,0,0,0,0,0,0,0,0,0,0,0,0,0,0,0,0,0,0,0,0,0,0,0,0,0,0,0,0,0,0,0,0,0,0,0,0,0,0,0,0,0,0,0,0,0,0,0,0,0,0,0,0,0,0,0,0,0,0,0,0,0,0,0,0,0,0,0,0,0,0,0,0,0,0,0,0,0,0,0,0,0,0,0,0,0,0,0,0,0,0,0,0,0,0,0,0,0,0,0,0,0,0,0,0,0,0,0,0,0,0,0,0,0,0,0,0,0,0,0,0,0,0,0,0,0
C06,X22,,Cal.Biomass [OD600 [-]]:FS=1,0,0,0,0,0,0,0,0,0,0,0,0,0,0,0,0,0,0,0,0,0,0,0,0,0,0,0,0,0,0,0,0,0,0,0,0,0,0,0,0,0,0,0,0,0,0,0,0,0,0,0,0,0,0,0,0,0,0,0,0,0,0,0,0,0,0,0,0,0,0,0,0,0,0,0,0,0,0,0,0,0,0,0,0,0,0,0,0,0,0,0,0,0,0,0,0,0,0,0,0,0,0,0,0,0,0,0,0,0,0,0,0,0,0,0,0,0,0,0,0,0,0,0,0,0,0,0,0,0,0,0,0,0,0,0,0,0,0,0,0,0,0,0,0,0,0,0,0,0,0,0,0,0,0,0,0,0,0
C07,X23,,Cal.Biomass [OD600 [-]]:FS=1,0,0,0,0,0,0,0,0,0,0,0,0,0,0,0,0,0,0,0,0,0,0,0,0,0,0,0,0,0,0,0,0,0,0,0,0,0,0,0,0,0,0,0,0,0,0,0,0,0,0,0,0,0,0,0,0,0,0,0,0,0,0,0,0,0,0,0,0,0,0,0,0,0,0,0,0,0,0,0,0,0,0,0,0,0,0,0,0,0,0,0,0,0,0,0,0,0,0,0,0,0,0,0,0,0,0,0,0,0,0,0,0,0,0,0,0,0,0,0,0,0,0,0,0,0,0,0,0,0,0,0,0,0,0,0,0,0,0,0,0,0,0,0,0,0,0,0,0,0,0,0,0,0,0,0,0,0,0
C08,X24,,Cal.Biomass [OD600 [-]]:FS=1,0,0,0,0,0,0,0,0,0,0,0,0,0,0,0,0,0,0,0,0,0,0,0,0,0,0,0,0,0,0,0,0,0,0,0,0,0,0,0,0,0,0,0,0,0,0,0,0,0,0,0,0,0,0,0,0,0,0,0,0,0,0,0,0,0,0,0,0,0,0,0,0,0,0,0,0,0,0,0,0,0,0,0,0,0,0,0,0,0,0,0,0,0,0,0,0,0,0,0,0,0,0,0,0,0,0,0,0,0,0,0,0,0,0,0,0,0,0,0,0,0,0,0,0,0,0,0,0,0,0,0,0,0,0,0,0,0,0,0,0,0,0,0,0,0,0,0,0,0,0,0,0,0,0,0,0,0,0
D01,X25,,Cal.Biomass [OD600 [-]]:FS=1,0,0,0,0,0,0,0,0,0,0,0,0,0,0,0,0,0,0,0,0,0,0,0,0,0,0,0,0,0,0,0,0,0,0,0,0,0,0,0,0,0,0,0,0,0,0,0,0,0,0,0,0,0,0,0,0,0,0,0,0,0,0,0,0,0,0,0,0,0,0,0,0,0,0,0,0,0,0,0,0,0,0,0,0,0,0,0,0,0,0,0,0,0,0,0,0,0,0,0,0,0,0,0,0,0,0,0,0,0,0,0,0,0,0,0,0,0,0,0,0,0,0,0,0,0,0,0,0,0,0,0,0,0,0,0,0,0,0,0,0,0,0,0,0,0,0,0,0,0,0,0,0,0,0,0,0,0,0
D02,X26,,Cal.Biomass [OD600 [-]]:FS=1,0,0,0,0,0,0,0,0,0,0,0,0,0,0,0,0,0,0,0,0,0,0,0,0,0,0,0,0,0,0,0,0,0,0,0,0,0,0,0,0,0,0,0,0,0,0,0,0,0,0,0,0,0,0,0,0,0,0,0,0,0,0,0,0,0,0,0,0,0,0,0,0,0,0,0,0,0,0,0,0,0,0,0,0,0,0,0,0,0,0,0,0,0,0,0,0,0,0,0,0,0,0,0,0,0,0,0,0,0,0,0,0,0,0,0,0,0,0,0,0,0,0,0,0,0,0,0,0,0,0,0,0,0,0,0,0,0,0,0,0,0,0,0,0,0,0,0,0,0,0,0,0,0,0,0,0,0,0
D03,X27,,Cal.Biomass [OD600 [-]]:FS=1,0,0,0,0,0,0,0,0,0,0,0,0,0,0,0,0,0,0,0,0,0,0,0,0,0,0,0,0,0,0,0,0,0,0,0,0,0,0,0,0,0,0,0,0,0,0,0,0,0,0,0,0,0,0,0,0,0,0,0,0,0,0,0,0,0,0,0,0,0,0,0,0,0,0,0,0,0,0,0,0,0,0,0,0,0,0,0,0,0,0,0,0,0,0,0,0,0,0,0,0,0,0,0,0,0,0,0,0,0,0,0,0,0,0,0,0,0,0,0,0,0,0,0,0,0,0,0,0,0,0,0,0,0,0,0,0,0,0,0,0,0,0,0,0,0,0,0,0,0,0,0,0,0,0,0,0,0,0
D04,X28,,Cal.Biomass [OD600 [-]]:FS=1,0,0,0,0,0,0,0,0,0,0,0,0,0,0,0,0,0,0,0,0,0,0,0,0,0,0,0,0,0,0,0,0,0,0,0,0,0,0,0,0,0,0,0,0,0,0,0,0,0,0,0,0,0,0,0,0,0,0,0,0,0,0,0,0,0,0,0,0,0,0,0,0,0,0,0,0,0,0,0,0,0,0,0,0,0,0,0,0,0,0,0,0,0,0,0,0,0,0,0,0,0,0,0,0,0,0,0,0,0,0,0,0,0,0,0,0,0,0,0,0,0,0,0,0,0,0,0,0,0,0,0,0,0,0,0,0,0,0,0,0,0,0,0,0,0,0,0,0,0,0,0,0,0,0,0,0,0,0
D05,X29,,Cal.Biomass [OD600 [-]]:FS=1,0,0,0,0,0,0,0,0,0,0,0,0,0,0,0,0,0,0,0,0,0,0,0,0,0,0,0,0,0,0,0,0,0,0,0,0,0,0,0,0,0,0,0,0,0,0,0,0,0,0,0,0,0,0,0,0,0,0,0,0,0,0,0,0,0,0,0,0,0,0,0,0,0,0,0,0,0,0,0,0,0,0,0,0,0,0,0,0,0,0,0,0,0,0,0,0,0,0,0,0,0,0,0,0,0,0,0,0,0,0,0,0,0,0,0,0,0,0,0,0,0,0,0,0,0,0,0,0,0,0,0,0,0,0,0,0,0,0,0,0,0,0,0,0,0,0,0,0,0,0,0,0,0,0,0,0,0,0
D06,X30,,Cal.Biomass [OD600 [-]]:FS=1,0,0,0,0,0,0,0,0,0,0,0,0,0,0,0,0,0,0,0,0,0,0,0,0,0,0,0,0,0,0,0,0,0,0,0,0,0,0,0,0,0,0,0,0,0,0,0,0,0,0,0,0,0,0,0,0,0,0,0,0,0,0,0,0,0,0,0,0,0,0,0,0,0,0,0,0,0,0,0,0,0,0,0,0,0,0,0,0,0,0,0,0,0,0,0,0,0,0,0,0,0,0,0,0,0,0,0,0,0,0,0,0,0,0,0,0,0,0,0,0,0,0,0,0,0,0,0,0,0,0,0,0,0,0,0,0,0,0,0,0,0,0,0,0,0,0,0,0,0,0,0,0,0,0,0,0,0,0
D07,X31,,Cal.Biomass [OD600 [-]]:FS=1,0,0,0,0,0,0,0,0,0,0,0,0,0,0,0,0,0,0,0,0,0,0,0,0,0,0,0,0,0,0,0,0,0,0,0,0,0,0,0,0,0,0,0,0,0,0,0,0,0,0,0,0,0,0,0,0,0,0,0,0,0,0,0,0,0,0,0,0,0,0,0,0,0,0,0,0,0,0,0,0,0,0,0,0,0,0,0,0,0,0,0,0,0,0,0,0,0,0,0,0,0,0,0,0,0,0,0,0,0,0,0,0,0,0,0,0,0,0,0,0,0,0,0,0,0,0,0,0,0,0,0,0,0,0,0,0,0,0,0,0,0,0,0,0,0,0,0,0,0,0,0,0,0,0,0,0,0,0
D08,X32,,Cal.Biomass [OD600 [-]]:FS=1,0,0,0,0,0,0,0,0,0,0,0,0,0,0,0,0,0,0,0,0,0,0,0,0,0,0,0,0,0,0,0,0,0,0,0,0,0,0,0,0,0,0,0,0,0,0,0,0,0,0,0,0,0,0,0,0,0,0,0,0,0,0,0,0,0,0,0,0,0,0,0,0,0,0,0,0,0,0,0,0,0,0,0,0,0,0,0,0,0,0,0,0,0,0,0,0,0,0,0,0,0,0,0,0,0,0,0,0,0,0,0,0,0,0,0,0,0,0,0,0,0,0,0,0,0,0,0,0,0,0,0,0,0,0,0,0,0,0,0,0,0,0,0,0,0,0,0,0,0,0,0,0,0,0,0,0,0,0
E01,X33,,Cal.Biomass [OD600 [-]]:FS=1,0,0,0,0,0,0,0,0,0,0,0,0,0,0,0,0,0,0,0,0,0,0,0,0,0,0,0,0,0,0,0,0,0,0,0,0,0,0,0,0,0,0,0,0,0,0,0,0,0,0,0,0,0,0,0,0,0,0,0,0,0,0,0,0,0,0,0,0,0,0,0,0,0,0,0,0,0,0,0,0,0,0,0,0,0,0,0,0,0,0,0,0,0,0,0,0,0,0,0,0,0,0,0,0,0,0,0,0,0,0,0,0,0,0,0,0,0,0,0,0,0,0,0,0,0,0,0,0,0,0,0,0,0,0,0,0,0,0,0,0,0,0,0,0,0,0,0,0,0,0,0,0,0,0,0,0,0,0
E02,X34,,Cal.Biomass [OD600 [-]]:FS=1,0,0,0,0,0,0,0,0,0,0,0,0,0,0,0,0,0,0,0,0,0,0,0,0,0,0,0,0,0,0,0,0,0,0,0,0,0,0,0,0,0,0,0,0,0,0,0,0,0,0,0,0,0,0,0,0,0,0,0,0,0,0,0,0,0,0,0,0,0,0,0,0,0,0,0,0,0,0,0,0,0,0,0,0,0,0,0,0,0,0,0,0,0,0,0,0,0,0,0,0,0,0,0,0,0,0,0,0,0,0,0,0,0,0,0,0,0,0,0,0,0,0,0,0,0,0,0,0,0,0,0,0,0,0,0,0,0,0,0,0,0,0,0,0,0,0,0,0,0,0,0,0,0,0,0,0,0,0
E03,X35,,Cal.Biomass [OD600 [-]]:FS=1,0,0,0,0,0,0,0,0,0,0,0,0,0,0,0,0,0,0,0,0,0,0,0,0,0,0,0,0,0,0,0,0,0,0,0,0,0,0,0,0,0,0,0,0,0,0,0,0,0,0,0,0,0,0,0,0,0,0,0,0,0,0,0,0,0,0,0,0,0,0,0,0,0,0,0,0,0,0,0,0,0,0,0,0,0,0,0,0,0,0,0,0,0,0,0,0,0,0,0,0,0,0,0,0,0,0,0,0,0,0,0,0,0,0,0,0,0,0,0,0,0,0,0,0,0,0,0,0,0,0,0,0,0,0,0,0,0,0,0,0,0,0,0,0,0,0,0,0,0,0,0,0,0,0,0,0,0,0
E04,X36,,Cal.Biomass [OD600 [-]]:FS=1,0,0,0,0,0,0,0,0,0,0,0,0,0,0,0,0,0,0,0,0,0,0,0,0,0,0,0,0,0,0,0,0,0,0,0,0,0,0,0,0,0,0,0,0,0,0,0,0,0,0,0,0,0,0,0,0,0,0,0,0,0,0,0,0,0,0,0,0,0,0,0,0,0,0,0,0,0,0,0,0,0,0,0,0,0,0,0,0,0,0,0,0,0,0,0,0,0,0,0,0,0,0,0,0,0,0,0,0,0,0,0,0,0,0,0,0,0,0,0,0,0,0,0,0,0,0,0,0,0,0,0,0,0,0,0,0,0,0,0,0,0,0,0,0,0,0,0,0,0,0,0,0,0,0,0,0,0,0
E05,X37,,Cal.Biomass [OD600 [-]]:FS=1,0,0,0,0,0,0,0,0,0,0,0,0,0,0,0,0,0,0,0,0,0,0,0,0,0,0,0,0,0,0,0,0,0,0,0,0,0,0,0,0,0,0,0,0,0,0,0,0,0,0,0,0,0,0,0,0,0,0,0,0,0,0,0,0,0,0,0,0,0,0,0,0,0,0,0,0,0,0,0,0,0,0,0,0,0,0,0,0,0,0,0,0,0,0,0,0,0,0,0,0,0,0,0,0,0,0,0,0,0,0,0,0,0,0,0,0,0,0,0,0,0,0,0,0,0,0,0,0,0,0,0,0,0,0,0,0,0,0,0,0,0,0,0,0,0,0,0,0,0,0,0,0,0,0,0,0,0,0
E06,X38,,Cal.Biomass [OD600 [-]]:FS=1,0,0,0,0,0,0,0,0,0,0,0,0,0,0,0,0,0,0,0,0,0,0,0,0,0,0,0,0,0,0,0,0,0,0,0,0,0,0,0,0,0,0,0,0,0,0,0,0,0,0,0,0,0,0,0,0,0,0,0,0,0,0,0,0,0,0,0,0,0,0,0,0,0,0,0,0,0,0,0,0,0,0,0,0,0,0,0,0,0,0,0,0,0,0,0,0,0,0,0,0,0,0,0,0,0,0,0,0,0,0,0,0,0,0,0,0,0,0,0,0,0,0,0,0,0,0,0,0,0,0,0,0,0,0,0,0,0,0,0,0,0,0,0,0,0,0,0,0,0,0,0,0,0,0,0,0,0,0
E07,X39,,Cal.Biomass [OD600 [-]]:FS=1,0,0,0,0,0,0,0,0,0,0,0,0,0,0,0,0,0,0,0,0,0,0,0,0,0,0,0,0,0,0,0,0,0,0,0,0,0,0,0,0,0,0,0,0,0,0,0,0,0,0,0,0,0,0,0,0,0,0,0,0,0,0,0,0,0,0,0,0,0,0,0,0,0,0,0,0,0,0,0,0,0,0,0,0,0,0,0,0,0,0,0,0,0,0,0,0,0,0,0,0,0,0,0,0,0,0,0,0,0,0,0,0,0,0,0,0,0,0,0,0,0,0,0,0,0,0,0,0,0,0,0,0,0,0,0,0,0,0,0,0,0,0,0,0,0,0,0,0,0,0,0,0,0,0,0,0,0,0
E08,X40,,Cal.Biomass [OD600 [-]]:FS=1,0,0,0,0,0,0,0,0,0,0,0,0,0,0,0,0,0,0,0,0,0,0,0,0,0,0,0,0,0,0,0,0,0,0,0,0,0,0,0,0,0,0,0,0,0,0,0,0,0,0,0,0,0,0,0,0,0,0,0,0,0,0,0,0,0,0,0,0,0,0,0,0,0,0,0,0,0,0,0,0,0,0,0,0,0,0,0,0,0,0,0,0,0,0,0,0,0,0,0,0,0,0,0,0,0,0,0,0,0,0,0,0,0,0,0,0,0,0,0,0,0,0,0,0,0,0,0,0,0,0,0,0,0,0,0,0,0,0,0,0,0,0,0,0,0,0,0,0,0,0,0,0,0,0,0,0,0,0
F01,X41,,Cal.Biomass [OD600 [-]]:FS=1,0,0,0,0,0,0,0,0,0,0,0,0,0,0,0,0,0,0,0,0,0,0,0,0,0,0,0,0,0,0,0,0,0,0,0,0,0,0,0,0,0,0,0,0,0,0,0,0,0,0,0,0,0,0,0,0,0,0,0,0,0,0,0,0,0,0,0,0,0,0,0,0,0,0,0,0,0,0,0,0,0,0,0,0,0,0,0,0,0,0,0,0,0,0,0,0,0,0,0,0,0,0,0,0,0,0,0,0,0,0,0,0,0,0,0,0,0,0,0,0,0,0,0,0,0,0,0,0,0,0,0,0,0,0,0,0,0,0,0,0,0,0,0,0,0,0,0,0,0,0,0,0,0,0,0,0,0,0
F02,X42,,Cal.Biomass [OD600 [-]]:FS=1,0,0,0,0,0,0,0,0,0,0,0,0,0,0,0,0,0,0,0,0,0,0,0,0,0,0,0,0,0,0,0,0,0,0,0,0,0,0,0,0,0,0,0,0,0,0,0,0,0,0,0,0,0,0,0,0,0,0,0,0,0,0,0,0,0,0,0,0,0,0,0,0,0,0,0,0,0,0,0,0,0,0,0,0,0,0,0,0,0,0,0,0,0,0,0,0,0,0,0,0,0,0,0,0,0,0,0,0,0,0,0,0,0,0,0,0,0,0,0,0,0,0,0,0,0,0,0,0,0,0,0,0,0,0,0,0,0,0,0,0,0,0,0,0,0,0,0,0,0,0,0,0,0,0,0,0,0,0
F03,X43,,Cal.Biomass [OD600 [-]]:FS=1,0,0,0,0,0,0,0,0,0,0,0,0,0,0,0,0,0,0,0,0,0,0,0,0,0,0,0,0,0,0,0,0,0,0,0,0,0,0,0,0,0,0,0,0,0,0,0,0,0,0,0,0,0,0,0,0,0,0,0,0,0,0,0,0,0,0,0,0,0,0,0,0,0,0,0,0,0,0,0,0,0,0,0,0,0,0,0,0,0,0,0,0,0,0,0,0,0,0,0,0,0,0,0,0,0,0,0,0,0,0,0,0,0,0,0,0,0,0,0,0,0,0,0,0,0,0,0,0,0,0,0,0,0,0,0,0,0,0,0,0,0,0,0,0,0,0,0,0,0,0,0,0,0,0,0,0,0,0
F04,X44,,Cal.Biomass [OD600 [-]]:FS=1,0,0,0,0,0,0,0,0,0,0,0,0,0,0,0,0,0,0,0,0,0,0,0,0,0,0,0,0,0,0,0,0,0,0,0,0,0,0,0,0,0,0,0,0,0,0,0,0,0,0,0,0,0,0,0,0,0,0,0,0,0,0,0,0,0,0,0,0,0,0,0,0,0,0,0,0,0,0,0,0,0,0,0,0,0,0,0,0,0,0,0,0,0,0,0,0,0,0,0,0,0,0,0,0,0,0,0,0,0,0,0,0,0,0,0,0,0,0,0,0,0,0,0,0,0,0,0,0,0,0,0,0,0,0,0,0,0,0,0,0,0,0,0,0,0,0,0,0,0,0,0,0,0,0,0,0,0,0
F05,X45,,Cal.Biomass [OD600 [-]]:FS=1,0,0,0,0,0,0,0,0,0,0,0,0,0,0,0,0,0,0,0,0,0,0,0,0,0,0,0,0,0,0,0,0,0,0,0,0,0,0,0,0,0,0,0,0,0,0,0,0,0,0,0,0,0,0,0,0,0,0,0,0,0,0,0,0,0,0,0,0,0,0,0,0,0,0,0,0,0,0,0,0,0,0,0,0,0,0,0,0,0,0,0,0,0,0,0,0,0,0,0,0,0,0,0,0,0,0,0,0,0,0,0,0,0,0,0,0,0,0,0,0,0,0,0,0,0,0,0,0,0,0,0,0,0,0,0,0,0,0,0,0,0,0,0,0,0,0,0,0,0,0,0,0,0,0,0,0,0,0
F06,X46,,Cal.Biomass [OD600 [-]]:FS=1,0,0,0,0,0,0,0,0,0,0,0,0,0,0,0,0,0,0,0,0,0,0,0,0,0,0,0,0,0,0,0,0,0,0,0,0,0,0,0,0,0,0,0,0,0,0,0,0,0,0,0,0,0,0,0,0,0,0,0,0,0,0,0,0,0,0,0,0,0,0,0,0,0,0,0,0,0,0,0,0,0,0,0,0,0,0,0,0,0,0,0,0,0,0,0,0,0,0,0,0,0,0,0,0,0,0,0,0,0,0,0,0,0,0,0,0,0,0,0,0,0,0,0,0,0,0,0,0,0,0,0,0,0,0,0,0,0,0,0,0,0,0,0,0,0,0,0,0,0,0,0,0,0,0,0,0,0,0
F07,X47,,Cal.Biomass [OD600 [-]]:FS=1,0,0,0,0,0,0,0,0,0,0,0,0,0,0,0,0,0,0,0,0,0,0,0,0,0,0,0,0,0,0,0,0,0,0,0,0,0,0,0,0,0,0,0,0,0,0,0,0,0,0,0,0,0,0,0,0,0,0,0,0,0,0,0,0,0,0,0,0,0,0,0,0,0,0,0,0,0,0,0,0,0,0,0,0,0,0,0,0,0,0,0,0,0,0,0,0,0,0,0,0,0,0,0,0,0,0,0,0,0,0,0,0,0,0,0,0,0,0,0,0,0,0,0,0,0,0,0,0,0,0,0,0,0,0,0,0,0,0,0,0,0,0,0,0,0,0,0,0,0,0,0,0,0,0,0,0,0,0
F08,X48,,Cal.Biomass [OD600 [-]]:FS=1,0,0,0,0,0,0,0,0,0,0,0,0,0,0,0,0,0,0,0,0,0,0,0,0,0,0,0,0,0,0,0,0,0,0,0,0,0,0,0,0,0,0,0,0,0,0,0,0,0,0,0,0,0,0,0,0,0,0,0,0,0,0,0,0,0,0,0,0,0,0,0,0,0,0,0,0,0,0,0,0,0,0,0,0,0,0,0,0,0,0,0,0,0,0,0,0,0,0,0,0,0,0,0,0,0,0,0,0,0,0,0,0,0,0,0,0,0,0,0,0,0,0,0,0,0,0,0,0,0,0,0,0,0,0,0,0,0,0,0,0,0,0,0,0,0,0,0,0,0,0,0,0,0,0,0,0,0,0
ACT.TEMP,,,,23.2,36.7,37,37,37.1,37.1,37.1,37,37,37,37,37,37,37,37,37,37,37,37,37,37,37,37,37,37,37,37,37,37,37,37,37,37,37,37,37,37,37,37,37,37,37,37,37,37,37,37,37,37,37,37,37,37,37,37,37,37,37,37,37,37,37,37,37,37,37,37,37,37,37,37,37,37,37,37,37,37,37,37,37,37,37,37,37,37,37,37,37,37,37.1,37,37,37,37,37,37,37,37,37,37,37,37,37,37,37,37,37,37,37,37,37,37,37,37,37,37,37,37,37,37,37,37,37,37,37,37,37,37,37,37,37,37,37,37,37,36.9,37,37,37,37,37,37,37,37,37,37,37,37,37,37,37,37,37,37,37,37,37,37
ACT.HUMIDITY,,,,61.84,53.26,63.08,76.59,85.27,85.27,85.48,85.11,85.12,85.5,85.15,84.82,85.37,85.07,84.95,85.21,85.54,85.35,85.1,85.93,85.27,85.83,85.21,84.76,85.03,85.15,84.85,85.14,85.01,85.67,84.71,85.48,84.76,85.02,85.99,85.93,85.16,84.82,85.33,86.59,85.8,85.05,84.87,85.42,85.63,85.08,85.23,86.78,85.68,85.01,85.21,84.99,85.15,86.32,85.79,85.08,84.86,85.14,84.91,85.27,87.75,87.07,86.16,86.23,86.11,84.86,84.96,86.91,84.83,87.04,85.14,84.83,85.4,85.02,85.01,84.99,85.03,85.15,84.82,84.94,86.26,85.41,85.21,85.29,86.35,85.27,86.87,87.32,85.34,87.5,84.91,84.85,85.24,85.34,85.15,84.89,85.17,85.23,86.29,84.87,84.96,85.11,85.08,85.35,85.01,84.87,85.02,85.77,84.95,85.87,85.08,85.99,84.75,86.78,85.23,86.98,84.76,86.98,85.94,86.2,85.29,86.54,86.49,85.08,84.83,85.15,86.92,86.75,84.86,86.06,85.15,84.93,85.19,86.51,85.17,85.76,85.9,86.8,84.9,84.85,85.47,84.9,86.64,84.78,85.34,86.92,84.76,85.66,86.09,85.82,85.97,85.4,85.27,85.26,86.85,85.67,85.79,85.76
ACT.O2,,,,0,0,0,0,0,0,0,0,0,0,0,0,0,0,0,0,0,0,0,0,0,0,0,0,0,0,0,0,0,0,0,0,0,0,0,0,0,0,0,0,0,0,0,0,0,0,0,0,0,0,0,0,0,0,0,0,0,0,0,0,0,0,0,0,0,0,0,0,0,0,0,0,0,0,0,0,0,0,0,0,0,0,0,0,0,0,0,0,0,0,0,0,0,0,0,0,0,0,0,0,0,0,0,0,0,0,0,0,0,0,0,0,0,0,0,0,0,0,0,0,0,0,0,0,0,0,0,0,0,0,0,0,0,0,0,0,0,0,0,0,0,0,0,0,0,0,0,0,0,0,0,0,0,0,0,0,0,0
ACT.CO2,,,,0,0,0,0,0,0,0,0,0,0,0,0,0,0,0,0,0,0,0,0,0,0,0,0,0,0,0,0,0,0,0,0,0,0,0,0,0,0,0,0,0,0,0,0,0,0,0,0,0,0,0,0,0,0,0,0,0,0,0,0,0,0,0,0,0,0,0,0,0,0,0,0,0,0,0,0,0,0,0,0,0,0,0,0,0,0,0,0,0,0,0,0,0,0,0,0,0,0,0,0,0,0,0,0,0,0,0,0,0,0,0,0,0,0,0,0,0,0,0,0,0,0,0,0,0,0,0,0,0,0,0,0,0,0,0,0,0,0,0,0,0,0,0,0,0,0,0,0,0,0,0,0,0,0,0,0,0,0
COMMENT,0.00329,Close Cover, Open Cover, Close Cover, 
