FILE NAME,jose_20141214_123547.csv
PROTOCOL,jose
FILE_VERSION,3.3
DATE START,14.12.2014,12:36:02
DATE END,15.12.2014,11:38:04
DEVICE,BL053-CX_OEDE43
USER,rlennen,COMMENT,no comment available
PLATETYPE,MTP-48-Flowerplate,LOT,1120-std-Temp37
MTP ROWS,6
MTP COLUMNS,8
FILTERSETS,1

FILTERSET,FILTERNAME,EX [nm],EM [nm],LAYOUT,FILTERNO,GAIN,PHASESTATISTICSSIGMA,SIGNALQUALITYTOLERANCE,REFERENCE VALUE,Process Parameters,,Calibration Parameters,,,,Criterion Parameters,,
1,Biomass,620,620,Anna,1,10,1,0,100,SET TEMPERATURE [C],37,Phi0,72.01,Biomass Slope,0,CRITERION,,
,,,,,,,,,,SET HUMIDITY [%],85,Phi100,42.41,Biomass Offset,0,FI,,
,,,,,,,,,,SET O2 [%],20.95,Phi.min,55.88,Biomass Unit,DCW [g/L],FJ,,
,,,,,,,,,,SET CO2 [%],0,Phi.max,13.69,,,FACTOR,0,
,,,,,,,,,,SET SHAKER FREQUENCY [rpm],1000,pH0,5.92,,,S0,NaN,
,,,,,,,,,,SET CYCLE TIME [min],10,dpH,0.53,,,EXTRA INFO,,
,,,,,,,,,,SET EXP TIME [h],-1,Temp. Compensation for pH Calibration,False,Temp. pH [C],37,,,
,,,,,,,,,,,,Temp. Compensation for pO2 Calibration,False,Temp. pO2 [C],37,,,

WELL No.,CONTENT,DESCRIPTION,CHANNEL,
,,,READING ->,1,2,3,4,5,6,7,8,9,10,11,12,13,14,15,16,17,18,19,20,21,22,23,24,25,26,27,28,29,30,31,32,33,34,35,36,37,38,39,40,41,42,43,44,45,46,47,48,49,50,51,52,53,54,55,56,57,58,59,60,61,62,63,64,65,66,67,68,69,70,71,72,73,74,75,76,77,78,79,80,81,82,83,84,85,86,87,88,89,90,91,92,93,94,95,96,97,98,99,100,101,102,103,104,105,106,107,108,109,110,111,112,113,114,115,116,117,118,119,120,121,122,123,124,125,126,127,128,129,130,131,132,133,134,135,136,137,138,139
,,,TIME [h] ->,0.00509,0.1717,0.3384,0.50518,0.67169,0.83841,1.005,1.17174,1.33845,1.50515,1.67173,1.83852,2.00522,2.17185,2.3385,2.50522,2.67194,2.83853,3.00523,3.17191,3.33854,3.50527,3.6719,3.83853,4.0053,4.17197,4.3386,4.50528,4.6719,4.83861,5.00524,5.17203,5.33875,5.50533,5.67204,5.83865,6.0054,6.17199,6.33872,6.50534,6.67207,6.83865,7.00546,7.17218,7.33886,7.50548,7.67215,7.83878,8.00559,8.17218,8.33882,8.50565,8.67219,8.8389,9.00558,9.17234,9.33895,9.50568,9.67227,9.83892,10.0057,10.17238,10.339,10.50576,10.67244,10.83898,11.00561,11.17235,11.33907,11.50575,11.67251,11.83927,12.00575,12.17248,12.33916,12.50583,12.67243,12.83911,13.00576,13.17245,13.33914,13.50599,13.67255,13.83922,14.00587,14.17251,14.33925,14.50591,14.67269,14.83927,15.00603,15.17256,15.33929,15.50603,15.6727,15.83936,16.00593,16.17273,16.33942,16.506,16.67271,16.83935,17.00603,17.17266,17.33935,17.50606,17.67278,17.8394,18.00618,18.17287,18.33942,18.50612,18.67285,18.83955,19.00627,19.17287,19.33964,19.5062,19.67302,19.83964,20.00639,20.17286,20.33956,20.50626,20.67302,20.83962,21.00638,21.17304,21.33973,21.50629,21.67295,21.83972,22.00638,22.17297,22.33985,22.50637,22.67311,22.83972,23.00654
A01,X1,,1,12.526,12.791,12.975,13.055,12.904,13.009,12.915,13.063,12.986,12.998,13.087,13.095,12.988,13.066,13.024,13.154,13.082,13.126,13.154,13.235,13.097,13.389,13.291,13.208,13.397,13.315,13.417,13.329,13.48,13.334,13.376,13.483,13.56,13.64,13.582,13.656,13.736,13.714,13.889,13.766,14.03,14.09,14.071,14.215,14.281,14.337,14.318,14.525,14.682,14.566,14.502,14.787,14.96,14.803,14.967,15.061,14.942,15.076,14.96,14.985,15.112,15.161,15.326,15.525,15.302,15.458,15.418,15.446,15.458,15.569,15.663,15.6,15.569,15.807,15.921,16.072,16.061,16.216,16.437,16.327,16.505,16.75,16.797,16.973,17.359,17.38,17.654,17.684,18.04,18.358,18.535,19.153,19.054,19.02,19.34,19.682,19.737,20.083,20.209,20.482,21.198,21.028,21.476,21.595,21.574,21.63,21.96,22.216,22.312,22.467,22.7,22.998,23.21,23.229,23.527,23.645,23.927,24.055,24.222,24.22,24.487,24.7,24.784,24.692,24.907,24.979,24.942,25.256,25.328,25.202,25.447,25.349,25.569,25.543,25.55,25.732,25.845,25.814,25.869
A02,X2,,1,13.888,13.862,13.82,13.684,13.561,13.637,13.626,13.61,13.643,13.626,13.662,13.67,13.755,13.835,13.79,13.95,13.879,14.115,14.197,14.473,14.638,14.874,15.158,15.543,15.763,16.011,16.166,16.435,16.891,16.97,16.919,17.63,17.87,17.948,18.265,18.5,18.797,19.144,19.806,20.154,21.733,21.89,23.003,23.719,24.571,26.175,27.263,28.528,30.435,31.522,34.854,34.777,37.182,38.525,38.99,39.925,41.215,42.103,42.58,43.092,43.822,44.298,43.471,42.198,42.184,42.516,42.158,41.243,41.469,41.61,39.706,40.138,39.472,40.133,40.131,39.825,40.331,40.142,40.748,40.83,40.725,40.965,41.152,42.06,41.843,42.169,41.963,42.057,42.386,43.045,43.066,42.936,43.236,43.432,44.112,43.863,44.345,44.657,44.748,44.636,45.235,45.482,45.575,45.584,45.291,45.346,45.841,46.051,46.517,45.841,46.862,46.161,46.365,46.733,46.75,47.263,47.55,48,47.619,48.303,48.177,47.78,48.085,48.422,48.77,49.436,49.251,49.386,49.504,49.578,49.793,50.423,50.506,50.455,50.771,50.861,51.608,51.245,51.464
A03,X3,,1,13.452,13.697,13.765,13.711,13.725,13.828,13.736,13.664,13.834,13.654,13.744,13.67,13.782,13.972,13.954,14.005,14.236,14.307,14.142,14.281,14.363,14.352,14.554,14.609,14.883,15.048,15.121,15.335,15.571,15.73,15.793,16.202,16.14,16.219,16.321,16.393,16.417,16.539,16.683,16.85,17.001,17.221,17.836,18.32,19.123,19.528,21.079,21.953,22.902,24.322,25.049,26.069,27.51,28.237,28.675,29.547,28.954,29.302,30.14,29.805,30.059,30.928,31.204,31.573,32.561,31.963,32.045,32.543,32.679,33.332,33.162,32.132,32.455,32.873,32.253,31.926,32.397,32.543,32.46,31.855,32.569,32.452,32.85,32.704,33.095,33.052,33.384,32.927,32.845,33.044,33.73,33.154,33.503,33.771,34.291,34.257,34.739,35.042,35.181,35.471,35.614,35.756,35.803,35.873,36.359,36.233,36.563,37.137,37.296,37.564,37.649,38.312,38.013,38.347,38.651,38.73,38.674,38.769,38.931,40.036,39.217,39.931,39.429,40.65,40.477,40.296,40.919,40.894,41.007,41.645,41.265,42.065,41.048,42.215,42.291,42.576,42.38,42.823,42.521
A04,X4,,1,13.153,13.011,12.975,12.919,12.932,12.927,12.969,12.845,12.877,12.998,12.813,12.875,13.042,13.066,12.969,13.071,13.109,13.154,13.236,13.263,13.345,13.554,13.758,13.95,14.14,14.553,14.791,15.17,15.791,16.392,16.672,16.943,17.87,18.552,19.388,19.896,20.631,21.64,21.669,22.769,23.824,24.335,25.174,25.345,25.149,25.598,25.779,25.997,26.119,26.246,26.972,28.013,28.688,29.031,30.536,31.327,32.512,33.167,32.661,33.23,32.371,32.858,32.059,32.344,32.175,32.046,32.072,32.378,32.376,32.4,32.094,32.077,33.003,32.983,33.186,33.077,33.251,33.314,33.314,33.314,33.341,34.353,34.147,34.14,34.305,34.787,35.171,35.806,35.888,36.387,36.714,37.237,37.259,37.575,38.132,38.839,38.978,39.698,40.419,40.357,40.852,41.034,41.655,42.228,42.598,42.629,43.068,44.295,44.075,44.878,45.428,45.804,46.007,46.927,47.274,47.676,48.57,48.964,49.131,49.598,50.43,51.018,51.657,52.268,52.834,53.17,53.953,54.25,55.233,56.106,55.928,56.939,57.049,57.761,58.154,58.871,59.299,59.804,60.352
A05,X5,,1,13.125,13.148,13.22,13.383,13.15,13.063,13.079,12.981,13.15,13.026,13.059,13.177,13.179,13.121,12.997,13.016,13.109,13.099,13.208,13.18,13.042,13.114,13.126,13.099,13.315,13.177,13.334,13.329,13.645,13.747,13.788,14.06,14.246,14.298,14.568,14.696,15.213,15.442,15.505,15.914,16.148,16.15,16.462,17.053,17.005,17.413,17.781,17.992,18.531,18.99,18.979,19.579,19.701,20.001,21.041,21.304,21.812,22.888,24.085,24.929,26.646,28.282,29.495,31.683,33.195,33.534,35.15,36.728,38.521,38.321,37.871,39.288,38.458,39.202,38.868,37.932,37.356,36.04,37.334,37.031,37.226,37.742,36.574,35.796,36.313,37.128,36.299,36.793,35.943,36.141,35.947,36.415,36.574,37.11,36.431,36.879,36.776,37.191,37.331,37.376,37.406,37.386,37.79,36.973,36.964,38.182,38.264,37.576,36.83,37.921,37.346,37.653,37.985,38.402,37.962,37.959,38.977,38.273,37.886,38.163,38.585,38.421,38.825,38.452,38.472,38.649,39.489,38.943,39.527,39.084,40.192,39.646,39.563,39.935,40.425,39.997,40.787,41.149,41.095
A06,X6,,1,13.234,12.984,13.002,13.001,13.014,13.036,12.887,12.927,13.014,12.916,13.114,13.04,13.042,13.066,12.887,13.016,12.944,13.099,13.016,13.125,13.042,12.949,13.071,13.071,13.04,12.957,13.197,13.082,13.012,13.141,13.156,13.099,13.066,13.173,13.035,13.054,13.188,13.22,13.204,13.27,13.177,13.184,13.247,13.196,13.207,13.431,13.329,13.37,13.362,13.686,13.541,13.555,13.727,13.708,13.736,13.829,13.82,14.089,14.084,14.163,14.314,14.444,14.527,14.754,14.943,15.127,15.308,15.528,15.568,16.09,16.321,16.669,16.83,17.259,17.705,18.047,18.403,18.667,18.887,19.52,20.115,20.965,21.79,21.72,22.531,23.136,23.512,23.88,24.428,25.181,25.681,26.551,27.087,27.641,28.695,28.984,30.362,30.634,31.734,32.435,33.106,33.711,34.533,34.25,34.82,34.147,34.998,34.915,34.936,34.979,34.726,35.156,34.209,34.512,34.133,34.023,35.008,35.352,34.669,35.325,34.793,35.293,35.116,35.047,35.616,35.3,35.831,36.112,35.908,36.192,36.231,36.209,36.456,36.694,35.897,36.266,36.749,36.266,36.952
A07,X7,,1,12.989,13.368,13.357,13.383,13.424,13.309,13.325,13.145,13.315,13.244,13.333,13.259,13.344,13.45,13.243,13.401,13.329,13.373,13.401,13.428,13.428,13.554,13.483,13.648,13.645,13.48,13.719,13.714,13.755,13.747,13.815,13.922,13.807,13.914,14.048,14.34,14.338,14.646,14.903,15.033,15.296,15.518,15.72,16.006,16.427,16.837,17.012,17.496,18.063,18.853,19.583,20.291,21.454,22.108,22.984,24.727,25.917,27.055,28.058,30.024,30.444,32.941,33.685,35.289,36.917,38.19,39.74,39.867,40.67,40.842,42.609,42.057,43.583,44.516,44.084,45.749,46.392,44.795,45.345,44.877,45.272,45.621,46.393,46.559,44.951,46.052,45.291,45.594,45.977,46.142,45.229,45.977,45.292,44.608,46.362,45.437,45.694,46.062,46.843,46.072,45.042,45.4,46.072,46.74,45.951,45.539,46.829,46.599,47.615,46.171,47.138,45.886,46.172,46.899,46.502,46.905,46.971,46.264,47.839,47.256,46.72,46.572,47.398,47.186,48.413,48.476,48.288,48.259,48.654,47.319,47.647,47.921,47.921,48.587,48.439,49.544,47.983,49.05,48.639
A08,X8,,1,13.479,13.478,13.329,13.356,13.342,13.337,13.353,13.337,13.342,13.435,13.47,13.451,13.399,13.395,13.462,13.593,13.521,13.538,13.593,13.428,13.538,13.719,13.62,13.62,13.728,13.948,13.967,14.016,14.03,14.188,14.145,14.362,14.466,14.628,14.787,14.86,15.022,15.058,15.56,15.721,15.901,16.205,16.435,17.108,17.527,18.155,18.633,19.009,19.85,20.612,21.451,22.509,22.879,24.516,25.364,26.809,28.051,30.152,31.62,32.819,34.243,34.898,36.386,37.023,37.331,38.025,38.036,38.848,39.348,41.007,41.65,43.51,42.926,43.42,42.903,42.156,43.665,44.409,44.217,45.345,44.197,44.629,44.407,44.931,44.979,45.226,45.731,45.319,48.335,48.06,48.87,51.868,52.831,53.722,54.976,56.589,56.98,58.569,58.616,60.509,60.148,61.205,61.613,62.998,63.952,63.875,64.643,65.03,65.865,65.888,66.528,66.304,67.37,67.59,68.514,67.468,68.996,69.602,69.449,70.815,70.383,70.256,71.468,71.521,72.221,72.961,72.817,72.883,73.653,73.843,73.974,74.727,75.442,75.174,76.129,75.962,76.3,76.702,77.388
B01,X9,,1,12.908,13.313,13.329,13.274,13.342,13.255,13.298,13.337,13.205,13.435,13.278,13.314,13.399,13.395,13.38,13.511,13.521,13.593,13.758,13.785,13.923,14.077,13.977,14.17,14.278,14.47,14.627,14.758,15.103,15.317,15.601,15.927,16.25,16.521,17.06,17.488,17.949,18.349,19.067,19.548,20.412,21.341,21.849,22.81,23.663,24.088,25.064,25.942,26.999,28.334,27.823,28.89,29.674,29.304,29.797,29.766,30.241,30.097,30.661,31.367,32.261,32.5,33.382,33.858,33.444,33.919,34.051,34.305,33.671,33.715,34.257,34.051,34.319,34.818,35.355,35.82,36.502,37.003,37.829,38.683,39.155,40.166,40.711,41.674,42.613,43.573,44.136,45.1,45.347,46.224,46.926,47.594,48.417,49.042,49.846,50.129,50.979,51.709,51.696,52.862,53.256,54.104,54.546,55.543,56.147,56.491,57.479,58.311,58.757,59.618,60.294,61.008,61.746,62.458,62.756,63.504,64.365,64.835,65.462,66.158,66.782,67.402,67.95,68.253,68.651,69.118,69.435,69.943,70.227,70.538,70.536,70.741,71.346,71.604,71.354,71.71,72.016,72.011,72.011
B02,X10,,1,12.417,12.874,12.866,13.028,12.986,13.063,12.887,12.872,12.822,12.807,12.813,12.903,12.823,12.846,12.833,12.934,12.862,12.934,12.934,12.905,13.07,12.894,13.099,13.016,13.067,13.067,13.142,13.027,13.122,13.168,13.101,13.099,13.176,13.201,13.254,13.246,13.243,13.357,13.341,13.381,13.315,13.541,13.439,13.609,13.565,13.513,13.549,13.645,13.637,13.576,13.788,13.856,13.782,13.845,14.064,13.911,14.149,14.281,14.33,14.41,14.589,14.775,14.885,15.002,15.274,15.623,15.665,16.024,16.285,16.638,17.115,17.382,17.982,18.71,18.94,19.583,20.331,21.035,21.943,22.989,23.642,24.904,25.293,26.467,27.18,27.984,28.351,29.171,29.884,30.414,30.828,31.373,32.159,32.731,33.66,34.533,35.317,36.419,37.552,37.266,37.902,37.801,38.37,38.266,38.448,38.649,38.813,38.234,38.723,38.581,39.111,39.162,39.529,39.643,40.056,40.189,40.356,40.835,40.773,40.918,41.663,41.413,41.985,42.243,41.96,42.382,42.431,43.202,43.09,43.188,44.236,44.457,44.155,44.577,44.816,45.127,45.676,45.731,45.703
B03,X11,,1,11.982,12.297,12.321,12.4,12.494,12.489,12.504,12.407,12.494,12.425,12.375,12.465,12.467,12.489,12.422,12.494,12.642,12.549,12.632,12.657,12.822,12.922,13.044,13.263,13.287,13.672,13.774,13.906,14.14,14.38,14.667,14.829,15.152,15.204,15.499,15.791,16.034,16.292,16.902,17.097,17.441,17.825,18.221,18.651,19.454,19.913,20.639,21.568,22.242,23.497,24.719,25.795,27.044,28.62,30.153,32.176,33.607,36.1,33.62,33.394,33.527,33.905,33.74,34.271,34.243,34.691,35.095,35.159,35.407,35.525,35.215,35.614,35.936,35.75,35.355,35.765,35.428,35.406,35.406,35.296,35.517,35.152,35.305,35.161,35.02,35.31,35.199,35.312,35.093,35.072,35.126,34.634,35.011,34.948,34.456,34.671,34.656,34.822,34.105,34.809,34.429,34.236,34.395,34.69,34.518,34.888,35.025,36.04,36.308,38.004,38.008,38.147,37.737,37.354,37.108,36.638,36.607,36.454,36.429,35.958,36.002,35.705,35.693,35.816,35.479,35.712,35.501,36.002,35.525,35.586,35.543,35.851,35.879,35.678,35.814,35.773,36.063,35.965,35.937
B04,X12,,1,11.927,12.27,12.239,12.209,12.385,12.298,12.367,12.38,12.358,12.343,12.32,12.382,12.33,12.325,12.367,12.412,12.422,12.412,12.33,12.547,12.63,12.592,12.632,12.851,12.957,13.04,13.224,13.302,13.562,13.774,13.815,14.06,14.274,14.573,14.951,14.942,15.24,15.359,15.724,15.969,16.616,16.864,17.424,18.072,18.463,19.199,20.337,21.018,21.802,23.36,24.802,25.494,27.701,28.456,30.454,31.984,34.154,36.676,37.538,34.106,33.472,33.575,33.988,34.436,34.629,35.077,35.315,35.682,35.71,35.908,35.215,35.614,36.155,35.969,35.959,36.122,36.254,36.012,36.177,35.847,35.545,35.841,35.36,35.685,35.378,35.476,35.419,35.23,35.258,35.072,35.044,34.962,35.093,34.619,34.758,35.333,34.271,33.83,33.774,33.87,33.85,33.545,33.429,33.837,33.666,33.873,33.159,33.681,34.771,35.859,36.298,36.555,36.441,35.919,35.924,35.812,35.256,35.104,35.164,34.856,34.765,34.771,34.511,34.47,34.271,34.284,33.934,34.243,33.907,34.209,34.167,34.669,34.064,34.14,34.113,34.236,34.552,34.236,34.264
B05,X13,,1,12.608,12.874,13.057,12.919,12.986,13.063,13.024,13.009,13.068,12.971,13.114,13.095,13.015,13.066,13.134,13.154,13.247,13.565,13.758,13.868,14.198,14.682,15.186,15.68,16.148,16.726,17.348,18.001,18.734,19.394,20.38,21.364,22.399,23.519,24.371,26.491,26.787,28.991,30.682,31.469,31.967,33.975,34.655,35.373,37.174,37.299,36.552,36.973,36.374,37.211,37.079,37.488,39.977,38.58,39.565,39.432,39.737,40.239,39.401,40.845,40.602,40.879,41.321,40.354,41.412,40.284,41.608,41.271,41.001,41.336,41.733,42.633,42.432,42.242,43.013,42.759,43.086,43.473,43.996,43.749,43.205,44.904,44.104,45.234,45.584,45.061,46.006,45.182,46.279,46.991,45.721,47.347,47.129,47.728,47.761,46.844,47.924,48.1,48.415,48.473,48.322,48.633,50.019,49.683,50.046,50.232,50.068,50.686,50.387,50.351,50.723,51.485,51.575,52.389,52.122,52.906,52.512,52.987,54.162,53.235,53.811,53.296,53.965,54.63,53.932,55.009,55.19,54.278,55.781,55.362,55.433,56.279,56.087,57.239,56.781,57.445,57.376,57.582,57.527
B06,X14,,1,12.499,12.764,12.948,13.028,13.123,13.063,13.052,12.954,13.15,13.189,13.059,13.177,13.097,13.121,13.134,13.099,13.219,13.099,13.181,13.152,13.125,13.224,13.181,13.263,13.232,13.232,13.362,13.274,13.287,13.334,13.211,13.373,13.368,13.502,13.391,13.492,13.599,13.631,13.697,13.739,13.893,14.117,14.291,14.325,14.501,14.887,14.978,15.02,15.341,15.747,16.26,16.567,16.659,17.156,17.84,18.429,18.993,19.654,19.81,20.902,22.076,22.466,23.679,23.866,24.869,25.267,26.658,26.651,27.913,28.041,28.698,29.034,29.878,30.545,32.226,34.504,36.447,38.738,41.216,43.115,42.682,44.05,43.828,44.572,44.924,43.711,44.163,42.907,42.66,42.717,42.682,44.004,42.66,43.185,43.509,43.007,42.804,42.508,43.314,43.283,43.167,43.521,44.47,42.613,43.34,43.727,44.578,44.57,44.294,44.823,45.207,45.529,45.29,46.237,45.758,46.382,46.834,46.649,46.024,47.366,47.16,47.286,47.425,47.159,47.232,47.625,47.876,48.561,48.271,48.146,49.023,48.966,48.966,49.603,49.646,49.379,49.054,49.846,50.669
B07,X15,,1,11.927,12.215,12.375,12.482,12.412,12.489,12.45,12.489,12.522,12.671,12.758,12.958,12.96,13.313,13.435,13.511,13.824,13.895,14.252,14.391,14.556,14.709,15.048,15.131,15.378,15.846,15.919,16.325,16.864,17.108,17.496,18.261,18.528,19.458,20.346,20.498,21.534,21.75,23.094,24.036,24.952,25.79,27.098,27.797,28.231,29.773,29.983,31.004,31.453,32.292,32.355,33.353,33.455,34.421,35.214,34.805,34.784,35.278,36.634,36.572,37.464,39.06,39.419,39.418,40.419,40.257,39.602,40.114,40.174,39.499,39.405,39.699,40.513,40.571,40.268,40.373,40.552,41.298,41.408,41.574,42.544,42.48,42.697,43.275,43.823,43.904,44.521,44.634,45.319,45.046,45.94,46.196,45.923,46.497,47.13,46.844,46.713,47.081,47.257,47.452,47.964,48.522,48.307,48.445,48.946,49.656,49.546,50.028,50.414,50.461,50.558,50.991,51.492,51.672,51.929,51.888,52.595,52.794,52.98,53.676,54.113,53.872,54.432,54.877,55.003,55.283,55.96,55.57,56.11,56.822,57.111,57.379,57.654,58.338,58.456,58.953,59.354,59.2,59.886
B08,X16,,1,12.308,12.599,12.648,12.864,12.877,12.872,12.915,12.981,13.123,13.271,13.224,13.478,13.426,13.587,13.544,13.813,13.961,13.895,14.032,14.226,14.336,14.434,14.636,14.884,15.268,15.543,15.451,15.94,16.203,16.667,16.864,17.3,17.815,18.58,18.895,19.458,20.193,21.092,21.779,22.576,23.411,24.884,25.421,26.722,27.626,29.498,30.368,31.389,32.057,33.803,35.019,35.544,37.182,37.896,40.03,39.651,40.12,40.486,41.621,42.297,40.657,40.411,41.128,41.483,42.432,41.635,42.021,43.06,42.847,43.638,43.129,43.455,44.461,45.201,45.209,45.886,46.42,45.621,46.199,46.832,45.823,46.089,46.724,46.642,46.327,46.218,46.336,45.676,46.361,47.128,47.255,47.347,48.746,49.37,48.885,49.191,49.52,49.863,49.986,50.129,50.141,50.401,50.737,51.389,51.502,51.221,51.468,51.783,52.116,51.891,51.716,52.116,52.209,52.582,52.701,52.548,52.457,53.042,52.568,53.455,52.904,53.269,53.278,53.394,53.465,53.444,53.678,53.728,53.753,53.875,54.03,54.272,54.025,53.806,53.982,54.345,54.41,54.399,54.592
C01,X17,,1,13.997,14.329,14.311,14.203,14.217,14.211,14.283,14.293,14.189,14.282,14.319,14.41,14.303,14.438,14.529,14.581,14.621,14.746,14.774,15.051,15.134,15.369,15.378,15.762,15.708,16.148,16.304,16.517,16.946,17.383,17.798,18.096,18.501,18.744,19.36,19.622,19.919,20.433,20.655,21.145,21.65,22.165,22.948,23.747,24.792,25.763,26.878,29.298,30.298,32.594,34.58,36.037,37.922,38.443,39.51,40.391,40.011,39.17,38.059,37.64,37.932,38.151,37.82,37.932,37.993,37.942,38.118,38.105,38.686,38.183,38.72,38.767,38.896,39.092,38.813,39.221,39.477,39.756,40.252,40.252,40.312,40.386,40.518,41.122,42.255,43.711,45.373,46.992,48.5,50.142,51.662,52.772,53.901,54.707,55.36,56.506,57.173,57.852,58.45,58.935,59.459,59.934,60.26,60.605,61.121,61.047,61.295,61.575,61.529,61.708,61.756,61.913,62.05,62.238,62.012,62.1,62.132,62.19,62.025,62.163,62,61.996,62.098,62.21,62.115,62.008,61.983,62,61.839,61.835,61.98,61.86,61.888,61.798,61.776,61.834,61.826,61.642,61.669
C02,X18,,1,12.799,13.066,13.138,13.165,13.232,13.419,13.27,13.391,14.326,13.572,13.607,13.889,13.864,14.082,13.845,14.17,14.016,14.719,14.17,14.253,14.583,14.489,14.801,15.295,15.158,15.351,15.644,15.995,16.258,16.86,17.468,17.739,18.556,19.705,20.538,21.018,22.573,24.767,24.874,26.541,27.895,29.746,30.341,30.744,31.891,31.586,31.852,32.985,33.597,34.133,35.074,35.927,36.689,36.364,36.719,36.667,36.973,37.279,37.346,37.75,38.097,38.233,37.985,38.262,38.324,38.741,38.228,38.6,39.458,38.512,38.967,39.206,39.527,40.051,40.296,40.455,41.323,41.601,42.124,42.868,43.26,43.995,44.876,44.738,45.612,46.245,47.436,47.129,47.705,48.306,48.706,49.649,50.008,50.328,50.861,51.73,52.246,52.783,53.157,53.442,54.414,54.601,55.402,55.9,56.174,57.012,57.397,57.79,58.401,58.545,58.888,59.828,59.927,60.196,60.8,61.082,61.498,62.163,62.025,62.576,62.523,63.423,63.334,64.133,64.093,64.479,64.733,65.243,65.43,65.911,66.492,66.204,66.699,66.632,66.744,67.293,67.731,67.896,68.143
C03,X19,,1,12.662,13.121,13.166,13.11,13.068,13.063,13.052,13.118,13.041,13.107,13.224,13.149,13.097,13.203,13.298,13.181,13.192,13.181,13.126,13.207,13.207,13.142,13.208,13.291,13.287,13.287,13.307,13.302,13.287,13.499,13.294,13.373,13.45,13.42,13.473,13.3,13.38,13.577,13.423,13.491,13.562,13.678,13.714,13.747,13.868,13.87,13.961,14.223,14.187,14.208,14.447,14.486,14.577,14.748,14.912,15.17,15.408,15.652,15.81,16.3,16.681,16.842,17.587,18.057,18.445,19.012,20.062,20.346,21.768,22.34,23.906,25.168,25.931,27.175,28.822,31.212,32.205,34.25,36.508,38.049,39.513,41.406,43.662,44.82,46.382,47.843,49.801,50.611,51.954,52.115,54.92,52.964,55.463,52.545,54.701,53.911,54.53,50.69,50.731,50.875,50.086,50.097,49.55,49.738,50.952,49.601,48.97,49.808,49.619,48.508,49.096,48.768,50.169,49.796,50.469,50.429,51.106,51.003,51.22,51.885,50.76,51.869,51.19,51.718,52.532,52.044,52.991,53.701,53.78,53.131,53.645,53.53,54.052,54.08,54.174,54.756,54.987,54.701,55.497
C04,X20,,1,12.554,12.819,12.948,13.001,12.986,12.927,13.024,12.899,12.822,12.916,12.95,12.93,12.878,12.956,12.915,12.961,13.054,13.071,12.989,13.07,12.987,13.059,13.044,13.154,13.067,13.067,13.252,13.219,13.26,13.361,13.294,13.483,13.395,13.53,13.61,13.656,13.681,13.823,13.807,13.959,14.03,14.172,14.263,14.546,14.528,14.749,15.005,15.103,15.616,15.747,16.26,16.43,16.796,17.429,17.594,18.21,18.801,19.571,20.139,20.738,21.498,22.714,23.679,24.361,25.393,26.039,27.922,29.239,29.731,31.852,32.723,34.188,35.854,36.27,37.112,40.071,40.166,41.216,41.904,43.473,44.225,44.877,45.428,45.565,46.244,47.016,47.381,47.43,48.226,46.306,46.871,45.484,46.992,45.402,44.99,45.519,45.942,45.042,45.85,46.872,46.834,45.869,47.341,46.74,47.215,47.899,48.887,47.998,48.96,49.883,49.124,49.536,50.445,50.32,51.351,51.227,51.63,52.078,51.385,52.766,51.722,53.159,52.618,53.284,53.081,54.267,54.668,54.25,54.767,54.591,55.13,55.152,55.949,55.536,55.821,55.908,55.893,56.731,55.963
C05,X21,,1,13.016,13.34,13.493,13.602,13.479,13.528,13.462,13.61,13.479,13.544,13.497,13.642,13.673,13.697,13.626,13.758,13.796,13.922,14.005,14.06,14.391,14.379,14.691,15.048,15.323,15.543,15.809,16.215,16.809,17.273,17.496,18.289,18.611,19.458,19.607,20.334,21.561,22.545,23.285,24.476,26.162,27.109,28.884,30.221,31.78,32.932,34.381,35.763,37.474,39.905,40.293,43.43,45.073,46.515,48.348,48.469,49.945,51.121,53.101,52.57,53.374,54.083,53.422,55.439,54.204,53.51,53.618,50.742,50.562,50.765,51.481,49.98,50.793,49.913,51.385,49.836,50.139,48.649,50.439,48.98,50.562,51.461,50.199,51.83,50.949,50.872,51.891,51.954,52.311,52.8,52.758,53.348,53.16,53.038,52.836,53.663,52.824,53.472,54.26,54.877,54.442,55.016,54.684,54.772,55.597,55.393,55.722,55.595,55.354,55.905,55.964,56.123,56.95,56.913,55.401,56.953,56.537,57.451,56.664,57.01,57.411,57.962,58.224,58.09,58.271,57.259,57.83,58.538,58.742,58.612,57.799,58.506,58.231,59.354,58.922,58.898,58.585,59.063,58.981
C06,X22,,1,13.452,14.493,15.619,16.906,17.771,17.955,18.524,18.939,19.193,19.333,19.137,19.806,21.838,19.517,19.536,19.964,19.622,21.556,19.964,20.747,19.839,20.043,20.101,20.87,20.055,20.302,20.813,20.997,21.018,20.689,20.737,21.227,21.438,20.967,21.167,20.881,22.3,21.503,21.423,22.356,21.76,21.973,21.766,22.562,22.343,22.742,23.058,23.439,23.424,23.525,23.758,24.837,24.687,25.091,25.501,26.37,26.574,27.164,28.386,29.559,30.307,31.425,32.417,34.408,36.146,37.253,39.685,41.106,41.91,43.529,44.717,46.114,48.243,47.94,49.299,49.589,48.982,49.42,48.539,47.768,46.76,46.006,47.276,46.283,46.602,45.832,45.098,45.621,45.045,45.758,44.38,44.415,44.086,44.034,44.386,47.176,45.832,45.731,45.988,46.016,46.558,47.417,47.949,47.455,48.232,47.844,49.025,48.766,48.878,49.278,49.041,49.289,49.48,50.292,50.717,50.539,50.693,50.838,50.286,50.727,50.925,51.32,51.684,51.663,51.9,52.346,53.486,52.656,53.013,53.324,53.865,53.64,53.64,53.504,54.668,54.125,54.932,54.537,54.125
C07,X23,,1,12.39,12.654,12.811,12.864,12.932,12.872,12.887,12.845,12.877,13.026,13.087,13.149,13.097,13.176,13.243,13.346,13.549,13.511,13.62,13.785,13.95,14.104,14.279,14.444,14.828,15.296,15.396,15.39,15.571,15.785,15.793,16.366,16.03,16.357,16.43,16.229,16.472,17.032,17.505,18.199,18.789,19.913,21.299,22.755,24.296,26.093,27.373,28.996,29.83,31.083,31.641,31.299,31.729,31.794,32.287,33.49,32.704,32.537,33.565,33.997,33.472,34.291,33.961,35.124,34.574,34.994,34.381,34.36,34.36,34.346,34.421,34.901,34.976,34.517,34.147,34.065,34.188,35.379,35.131,35.021,35.573,36.116,35.195,36.568,35.901,35.944,36.766,36.957,37.04,37.565,37.59,37.62,37.643,38.068,37.94,38.95,39.005,39.67,39.316,40.026,40.328,40.592,40.633,40.715,40.976,41.504,41.229,42.321,42.483,42.513,42.862,42.566,42.754,43.119,43.389,44.153,43.939,43.426,44.347,44.583,44.412,44.871,44.732,44.962,45.117,45.127,45.373,45.483,46.133,45.942,46.299,46.272,46.794,46.637,46.216,46.965,46.994,47.267,47.212
C08,X24,,1,13.207,13.45,13.466,13.492,13.479,13.473,13.407,13.391,13.342,13.49,13.415,13.341,13.426,13.533,13.571,13.565,13.576,13.703,13.758,13.95,14.088,14.269,14.417,14.746,14.965,15.461,15.616,16.187,16.534,17.08,17.716,18.398,19.187,19.705,20.784,20.826,22.19,22.655,23.97,24.531,25.667,25.736,26.163,27.246,27.213,27.85,27.867,27.565,27.713,27.867,29.279,29.793,30.469,32.123,32.205,33.6,33.552,34.785,34.935,34.353,34.656,34.539,34.071,33.665,34.326,33.974,34.216,34.195,34.112,33.962,33.901,34.709,34.209,34.654,34.559,34.751,35.125,34.828,35.214,35.764,35.738,35.648,36.215,36.237,35.901,36.798,36.601,37.177,37.752,37.456,38.603,39.401,39.096,39.217,39.695,39.943,40.327,41.158,41.632,41.986,41.789,42.609,42.649,43.053,44.027,44.276,44.962,45.612,46.078,46.143,46.641,46.984,47.468,48.499,48.431,48.97,49.838,50.562,50.615,51.251,52.107,52.445,52.811,53.888,54.344,55.009,55.19,55.734,56.357,56.959,57.936,58.039,58.671,59.354,59.663,60.188,61.029,61.23,61.642
D01,X25,,1,13.289,13.615,13.629,13.656,13.643,13.582,13.736,13.637,13.725,13.626,13.662,13.779,13.7,13.725,13.763,13.785,13.824,13.73,13.868,13.648,13.73,13.747,13.785,13.895,13.838,13.838,13.967,13.824,13.92,13.94,13.87,14.06,13.972,13.969,14.02,14.067,14.064,14.18,14.108,14.234,14.223,14.282,14.318,14.408,14.418,14.475,14.483,14.58,14.627,14.648,14.722,14.815,14.851,14.748,14.967,15.061,14.97,15.021,14.933,15.094,14.974,14.996,15.189,15.222,15.247,15.348,15.198,15.335,15.348,15.487,15.554,15.6,15.569,15.505,15.619,15.771,15.758,15.831,15.969,15.914,16.092,16.006,16.246,16.256,16.286,16.553,16.554,16.751,16.669,17.07,17.111,17.235,17.574,17.597,17.585,17.777,18.03,18.292,18.335,18.44,18.8,18.873,19.102,19.119,19.348,19.654,19.571,19.94,20.034,20.239,20.549,20.308,20.619,20.718,20.854,21.03,21.363,21.465,21.39,21.878,21.491,21.79,21.734,22.138,22.023,22.097,22.384,22.316,22.641,22.696,22.888,22.985,23.204,23.428,23.574,23.565,23.731,23.702,23.812
D02,X26,,1,13.153,13.725,13.793,13.847,13.834,13.856,13.845,13.856,13.834,13.681,13.716,13.807,13.727,13.889,14.009,13.813,13.934,13.922,13.977,13.95,14.005,13.994,14.005,14.307,14.168,14.25,14.324,14.318,14.525,14.628,14.667,14.636,14.987,15.067,15.253,15.271,15.268,15.524,15.615,15.831,16.011,16.04,16.16,16.419,16.729,16.809,17.039,17.304,17.403,17.644,18.128,18.429,18.988,19.29,19.892,20.401,21.018,21.819,23.591,24.326,25.187,26.794,28.475,29.509,30.218,33.506,34.573,36.287,37.143,38.348,38.529,40.083,40.733,40.982,41.119,41.854,41.929,42.014,41.491,41.436,40.615,40.359,41.18,40.956,39.367,40.847,40.561,39.726,40.659,40.086,40.52,40.634,41.015,40.695,40.436,40.772,40.767,40.965,40.75,41.71,41.403,41.724,41.103,41.32,41.911,41.943,41.888,41.69,42.181,42.348,42.338,42.264,42.368,43.257,43.279,43.299,43.223,43.37,42.945,43.178,44.054,43.526,43.414,43.314,43.607,43.837,43.833,43.725,44.214,44.179,44.181,43.935,44.512,45.099,44.843,44.825,45.374,45.209,45.401
D03,X27,,1,12.608,12.956,13.111,13.301,13.26,13.145,13.243,13.255,13.178,13.135,13.278,13.204,13.179,13.231,13.188,13.208,13.164,13.208,13.208,13.152,13.318,13.307,13.236,13.236,13.232,13.15,13.307,13.247,13.342,13.251,13.294,13.291,13.286,13.283,13.336,13.355,13.243,13.439,13.341,13.326,13.397,13.321,13.219,13.279,13.318,13.376,13.411,13.507,13.417,13.384,13.458,13.418,13.371,13.571,13.489,13.445,13.519,13.459,13.59,13.423,13.571,13.755,13.535,13.681,13.841,13.832,13.741,13.849,14.025,14.117,14.075,14.284,14.281,14.574,14.466,14.674,14.987,15.17,15.308,15.638,16.009,16.309,16.742,17.249,17.551,18.151,19.029,19.466,20.37,21.098,21.93,22.769,23.277,23.727,24.415,24.678,25.022,25.097,25.393,25.976,26.518,26.997,27.632,28.39,28.472,29.755,30.222,30.444,31.314,31.624,31.388,32.603,32.003,31.974,31.929,32.564,32.279,31.935,31.535,32.018,31.495,31.78,31.241,31.998,31.991,31.567,31.789,31.907,31.577,32.005,32.297,31.865,32.332,32.822,32.548,32.782,33.069,33.166,33.002
D04,X28,,1,12.554,12.929,13.002,13.165,13.123,13.173,13.106,13.118,13.178,13.026,13.141,13.149,13.234,13.231,13.216,13.263,13.274,13.263,13.263,13.455,13.538,13.664,14.06,14.334,14.36,14.938,15.286,15.583,16.121,16.695,17.166,17.959,18.446,18.881,19.552,20.142,20.412,21.421,22.655,23.017,23.576,24.582,25.146,26.006,25.645,25.516,25.943,25.997,26.146,26.521,26.944,27.849,29.071,29.687,31.138,31.655,32.868,33.14,33.976,33.449,32.894,32.83,32.913,33.032,33.168,32.817,32.319,32.543,32.349,33.167,32.723,33.174,33.058,32.901,32.61,33.516,34.078,33.782,33.617,34.112,34.388,34.16,34.45,34.802,35.02,35.421,35.694,36.299,36.903,37.511,37.426,38.004,37.698,38.478,38.982,39.64,40.354,40.276,41.329,41.13,41.569,42.664,42.069,42.888,43.697,43.699,44.523,44.844,45.804,46.556,46.448,47.121,48.322,48.196,49.092,48.997,50.031,50.59,51.11,51.719,52.052,53.324,53.717,53.998,54.646,55.283,55.74,56.229,57.042,57.676,58.321,58.479,59.358,59.738,60.02,61.011,61.414,61.998,62.245
D05,X29,,1,13.207,13.56,13.711,13.793,13.889,13.828,13.763,13.719,13.643,13.708,13.607,13.67,13.7,13.725,13.653,13.703,13.714,13.813,13.703,13.675,13.84,13.802,13.73,13.73,13.728,13.755,13.747,13.796,13.81,13.912,13.733,13.895,13.889,13.887,14.02,13.848,14.064,14.043,14.108,14.152,14.223,14.2,14.208,14.243,14.171,14.392,14.401,14.415,14.489,14.456,14.722,14.65,14.741,14.721,14.83,15.006,14.997,15.021,15.234,15.259,15.415,15.574,15.685,15.8,16.074,16.147,16.215,16.602,16.836,17.104,17.389,17.601,17.817,18.217,18.666,19.172,19.642,20.236,20.511,21.723,23.063,23.582,25.127,26.798,27.813,29.471,31.541,33.558,35.093,36.305,37.754,38.771,39.562,40.066,39.997,41.489,40.134,41.626,39.206,39.999,39.501,38.878,39.474,39.504,38.283,38.017,38.429,38.344,38.531,38.829,38.78,37.735,37.902,38.705,38.375,38.207,39.033,38.769,37.309,38.3,38.558,38.668,38.99,39.029,38.115,38.621,39.269,38.888,39.39,39.249,38.542,39.261,39.316,39.221,38.778,39.476,38.397,39.476,39.558
D06,X30,,1,12.417,12.654,12.757,12.919,12.877,12.954,12.887,12.872,12.85,12.916,13.032,12.958,12.96,12.984,12.942,12.934,12.999,12.824,12.906,12.96,12.932,12.949,12.906,13.071,12.93,13.04,12.949,13.027,13.095,13.058,13.019,13.099,13.093,13.146,13.226,13.218,13.27,13.33,13.286,13.298,13.425,13.513,13.521,13.554,13.538,13.651,13.604,13.755,13.912,14.016,14.145,14.404,14.467,14.556,14.693,14.979,15.216,15.295,15.618,15.697,15.883,16.208,16.539,17.122,17.149,17.745,17.946,18.199,18.709,19.105,19.689,19.767,20.312,20.957,21.658,21.942,22.287,23.044,23.127,23.981,24.496,24.877,24.934,26.467,26.932,27.461,28.324,29.336,30.405,30.496,31.649,32.743,33.146,33.087,33.688,33.484,33.472,33.83,33.333,33.484,33.602,33.02,33.539,33.342,33.171,33.269,33.433,33.269,33.454,32.944,33.374,33.866,33.85,33.215,33.499,33.968,34.098,34.581,33.982,33.837,34.298,34.607,34.648,34.635,34.71,34.861,34.841,34.6,34.976,34.925,34.855,35.027,35.109,35.129,35.705,35.663,35.459,35.745,35.69
D07,X31,,1,12.69,12.956,13.111,13.165,13.178,13.091,13.106,13.091,13.014,13.135,13.169,13.095,13.042,13.231,13.188,13.126,13.247,13.236,13.291,13.235,13.263,13.307,13.291,13.373,13.397,13.425,13.417,13.411,13.562,13.582,13.486,13.565,13.642,13.64,13.692,13.601,13.681,13.686,13.779,13.931,14.003,14.035,14.071,14.243,14.418,14.475,14.621,14.91,15.039,15.28,15.408,15.691,16.111,16.308,16.636,17.142,17.679,18.173,18.659,19.258,20.067,20.536,21.446,22.186,23.215,24.11,25.091,26.128,27.968,28.672,31.19,32.159,33.825,34.572,35.382,36.012,37.687,38.215,38.407,40.087,38.989,39.863,40.821,41.757,42.228,43.408,43.256,43.537,43.236,43.593,43.75,43.265,43.839,44.417,43.015,45.023,43.299,42.756,43.452,44.967,43.939,43.99,43.918,43.273,44.659,44.55,44.523,45.31,44.871,44.686,45.483,44.761,44.656,45.161,44.298,44.648,44.463,45.382,44.704,44.858,45.676,45.008,46.134,44.55,46.133,46.17,46.446,46.363,45.447,45.336,45.447,46.189,47.179,46.994,46.161,46.691,46.747,46.609,46.252
D08,X32,,1,12.336,12.517,12.648,12.782,12.768,12.872,12.86,12.79,12.85,12.862,12.868,12.738,12.878,12.846,12.86,12.934,12.917,12.989,12.989,13.042,13.097,13.087,13.154,13.236,13.452,13.507,13.609,13.769,13.92,13.967,14.09,14.444,14.576,14.984,14.869,15.189,15.295,15.743,16.218,16.905,17.029,17.661,18.111,18.733,19.288,20.133,21.381,22.146,23.067,24.157,25.708,26.891,27.811,29.441,31.192,33.298,35.358,35.991,37.812,38.024,38.757,38.288,38.343,38.592,41.908,40.092,43.422,43.694,45.244,45.009,44.307,45.182,45.639,45.886,45.237,46.462,46.475,46.419,46.116,45.125,46.071,46.144,46.007,46.366,47.427,48.586,50.571,52.091,52.941,54.964,55.249,57.458,58.424,58.894,59.557,61.502,61.274,62.563,62.889,64.097,65.054,65.35,66.14,66.767,66.535,67.114,67.91,67.636,68.994,68.527,69.783,69.268,70.319,69.879,71.048,70.468,71.229,71.862,71.95,72.523,71.702,72.534,73.831,73.719,73.896,74.8,74.467,74.532,76.011,75.551,75.598,76.762,76.074,76.163,76.678,77.388,78.058,77.992,78.156
E01,X33,,1,14.324,14.631,14.583,14.64,14.709,14.73,14.748,14.703,14.709,14.691,14.757,14.738,14.604,14.713,14.748,14.636,14.786,14.801,14.966,14.886,14.996,14.901,14.938,15.131,15.158,15.213,15.314,15.473,15.626,15.565,15.793,16.037,16.25,16.302,16.54,16.667,17.156,17.362,17.45,18.006,18.157,18.677,19.018,19.56,19.976,20.682,21.134,21.595,22.462,22.893,24.005,24.07,24.907,25.775,26.24,27.11,27.477,27.85,28.496,28.299,29.013,29.302,29.55,30.224,30.935,31.687,32.347,33.617,34.195,34.647,34.969,35.477,35.141,35.12,34.971,34.531,34.546,34.443,34.415,34.966,35.407,35.676,35.884,36.734,37.331,38.34,38.609,39.206,39.891,40.333,41.314,42.141,43.153,43.76,44.14,45.381,45.281,46.034,46.705,47.673,47.964,48.715,49.329,50.041,50.403,51.138,52.044,52.167,52.994,53.761,54.337,54.833,55.379,56.306,56.585,57.255,58.08,58.718,59.496,59.958,60.764,61.255,62.345,62.842,63.543,64.039,64.623,65.216,65.731,66.297,66.794,67.359,68.101,68.445,68.72,68.802,69.242,69.817,70.173
E02,X34,,1,12.935,13.423,13.357,13.438,13.369,13.282,13.38,13.364,13.397,13.299,13.388,13.396,13.344,13.45,13.38,13.373,13.384,13.538,13.346,13.318,13.373,13.362,13.291,13.373,13.37,13.287,13.362,13.384,13.397,13.416,13.294,13.291,13.286,13.42,13.336,13.328,13.298,13.412,13.314,13.298,13.37,13.294,13.384,13.416,13.235,13.348,13.384,13.37,13.472,13.302,13.431,13.308,13.234,13.462,13.325,13.473,13.328,13.404,13.426,13.259,13.378,13.342,13.314,13.295,13.344,13.419,13.439,13.381,13.419,13.404,13.418,13.489,13.431,13.478,13.45,13.439,13.471,13.326,13.491,13.463,13.474,13.471,13.515,13.496,13.48,13.386,13.475,13.434,13.434,13.426,13.415,13.399,13.434,13.41,13.415,13.526,13.405,13.471,13.51,13.498,13.507,13.429,13.526,13.562,13.466,13.587,13.45,13.604,13.612,13.392,13.57,13.585,13.59,13.518,13.637,13.488,13.507,13.557,13.554,13.557,13.631,13.667,13.546,13.623,13.703,13.533,13.612,13.769,13.815,13.882,13.7,13.637,13.857,13.87,13.832,13.771,13.788,13.771,13.771
E03,X35,,1,12.88,13.231,13.302,13.329,13.26,13.282,13.298,13.255,13.205,13.244,13.196,13.314,13.289,13.258,13.38,13.401,13.439,13.483,13.565,13.62,13.785,13.829,13.84,13.977,14.223,14.305,14.407,14.538,14.718,14.987,15.024,15.295,15.372,15.588,15.882,16.065,16.444,16.978,17.286,17.868,18.267,18.732,19.238,20.166,20.747,21.643,22.481,23.246,24.552,26.026,26.972,28.534,29.428,32.013,33.08,34.722,36.48,38.595,40.799,42.16,45.557,47.578,47.192,44.318,43.645,43.949,43.505,44.107,43.866,43.309,43.512,43.016,44.241,43.776,43.699,43.664,43.362,43.336,42.427,42.51,41.359,41.736,41.897,42.254,42.255,43.353,43.888,44.14,44.415,45.128,45.092,45.758,46.114,46.743,46.965,47.755,48.089,48.238,48.773,49.246,49.618,50.152,50.35,50.453,51.117,51.221,51.468,51.536,52.034,51.891,52.627,52.445,53.174,53.437,53.72,53.402,53.918,54.144,53.997,53.979,54.058,54.668,54.157,54.273,54.427,54.322,54.448,54.498,54.438,54.343,54.525,54.575,54.685,54.63,54.888,54.784,55.097,54.784,55.113
E04,X36,,1,11.873,12.297,12.212,12.4,12.467,12.407,12.422,12.298,12.412,12.397,12.348,12.41,12.412,12.38,12.504,12.44,12.45,12.467,12.522,12.547,12.575,12.62,12.769,12.714,12.82,12.957,13.114,13.219,13.37,13.499,13.596,13.868,14.109,14.326,14.486,14.724,15.049,15.222,15.533,16.024,16.423,17.029,17.561,18.43,18.986,20.023,21.161,22.311,23.534,24.707,26.312,28.041,30.085,31.274,33.491,34.558,37.247,39.91,41.758,40.599,36.941,36.607,35.945,37.133,36.862,37.474,38.036,38.545,38.824,38.375,38.994,38.877,38.787,38.818,38.923,38.398,38.568,38.187,38.187,37.884,37.584,37.494,37.456,37.976,37.331,37.156,36.986,36.903,36.574,36.442,36.413,36.195,36.327,36.316,35.635,35.83,36.363,36.392,37.028,37.155,37.186,37.663,37.652,37.331,37.871,37.414,36.919,36.917,36.747,36.574,35.939,36.089,34.788,35.009,35.786,35.564,35.807,35.848,35.549,35.931,35.452,35.869,35.995,35.788,35.781,35.876,35.831,35.92,35.662,35.696,35.873,35.934,36.016,35.788,36.089,35.91,35.816,35.69,35.855
E05,X37,,1,12.581,13.231,13.466,13.52,13.451,13.582,13.517,13.446,13.588,13.572,13.47,13.725,13.563,13.587,13.681,13.813,13.851,14.005,14.142,14.253,14.583,15.039,15.295,15.762,16.479,17.029,17.623,18.248,18.872,19.642,20.297,21.694,22.563,22.888,24.07,24.795,25.775,27.647,28.682,29.983,30.454,31.531,31.715,32.232,32.496,32.547,33.529,34.057,33.899,34.628,35.101,36.721,37.675,37.786,38.553,38.091,37.712,38.512,38.689,38.571,37.932,38.757,39.226,39.088,38.682,38.879,38.475,39.013,39.458,38.759,39.624,39.535,39.609,39.64,41.366,40.62,41.213,41.739,41.684,41.904,42.103,42.508,42.256,42.75,43.218,43.27,43.833,43.866,43.784,44.58,44.626,44.251,45.073,45.402,45.374,45.989,45.942,46.475,47.008,46.541,47.33,47.168,48.114,49.27,48.232,48.613,49.025,49.04,48.74,49.443,50.061,49.673,50.39,50.099,50.745,50.566,51.272,51.279,51.413,51.334,51.53,51.54,52.344,52.735,52.642,52.675,53.348,53.179,52.629,53.682,54.277,53.53,54.245,54.849,54.558,54.29,55.014,55.387,55.222
E06,X38,,1,12.499,12.929,13.111,13.219,13.369,13.473,13.489,13.692,13.725,13.845,14.072,14.053,14.248,14.576,14.639,15.076,15.583,15.68,16.147,16.509,16.674,17.018,17.657,18.289,18.762,19.312,20.125,20.447,21.293,22.562,23.016,24.33,25.171,26.84,26.918,27.066,27.745,27.949,27.997,29.212,30.123,31.448,32.457,34.188,36.706,38.782,40.234,40.742,41.845,42.68,43.039,42.992,41.785,41.918,40.769,40.254,41.407,40.678,40.963,41.804,40.794,41.541,40.576,42.143,41.908,41.883,41.416,42.344,41.883,42.542,42.527,43.565,43.529,43.749,43.37,43.802,43.83,44.244,44.822,44.464,45.189,44.822,45.566,46.476,45.914,46.135,46.308,46.498,46.443,46.635,47.2,47.21,47.65,47.838,47.788,48.39,48.75,49.064,49.435,48.666,48.929,49.683,49.826,50.536,50.678,50.699,50.946,51.536,51.512,51.533,51.992,52.061,52.54,53.023,52.921,52.824,53.697,53.703,53.887,54.006,54.14,54.613,55.119,54.74,55.223,55.228,55.905,56.174,56.549,56.491,57.166,57.296,57.571,57.953,57.962,58.103,58.42,59.173,59.118
E07,X39,,1,12.908,13.313,13.547,13.438,13.588,13.528,13.544,13.61,13.697,13.763,14.018,14.026,14.193,14.383,14.502,14.664,14.895,15.048,15.241,15.436,15.574,15.754,15.9,16.311,16.506,16.891,17.238,17.561,17.827,18.403,18.622,19.36,19.736,20.72,21.25,22.167,22.464,23.505,24.244,24.779,25.144,26.422,26.685,28.403,28.891,29.828,30.093,31.169,30.93,31.88,32.382,32.011,32.606,33.135,33.217,33.572,34.619,35.168,36.99,37.859,38.73,39.033,39.86,40.024,39.178,38.989,38.668,38.242,38.521,38.156,38.583,38.712,38.649,38.517,38.868,39.249,39.229,39.949,39.867,40.28,40.229,40.579,41.539,41.315,41.678,41.811,42.788,42.77,43.263,43.374,43.613,43.621,43.839,44.171,44.414,44.719,44.648,45.263,45.547,45.713,46.475,46.007,46.513,46.877,47.05,47.405,47.735,47.971,48.658,48.508,49.151,49.234,49.756,49.63,50.056,50.842,50.996,51.058,51.88,52.16,52.574,52.583,53.223,53.613,53.85,54.24,54.833,55.13,55.398,55.995,56.506,56.747,57.049,57.678,58.209,58.487,59.326,59.475,59.886
E08,X40,,1,13.18,13.615,13.738,13.847,13.889,13.965,14.201,14.184,14.271,14.364,14.538,14.656,14.906,15.097,15.131,15.35,15.418,15.652,15.927,16.042,16.179,16.359,16.586,16.806,17.029,17.249,17.348,17.836,18.377,18.788,19.418,19.744,20.148,20.555,21.469,21.976,23.039,23.999,24.354,25.137,26.3,27.329,27.84,28.788,31.175,31.366,32.045,33.067,32.965,33.886,35.486,36.228,36.086,36.911,37.267,38.091,37.931,38.54,39.84,40.133,40.327,39.281,39.336,39.803,40.777,40.422,40.894,41.381,42.599,42.514,42.883,43.949,43.748,44.133,43.645,43.308,44.298,44.189,43.115,44.051,44.335,43.665,44.628,44.82,44.649,45.116,45.318,45.265,45.731,45.813,46.351,46.607,46.827,46.634,47.157,47.893,48.061,48.128,49.242,48.804,48.873,48.771,49.439,49.628,49.139,49.985,49.93,50.028,49.893,50.433,50.751,50.634,51.272,51.258,51.764,51.998,51.961,53.097,52.238,52.601,52.959,52.747,54.102,53.751,54.152,54.13,54.805,54.718,54.74,55.224,55.488,56.059,56.142,56.305,56.699,57.39,57.294,58.048,57.719
F01,X41,,1,14.296,14.795,14.992,15.213,15.228,15.359,15.405,15.359,15.31,15.347,15.496,15.505,15.481,15.591,15.541,15.68,15.692,15.845,15.845,15.904,15.987,16.249,16.174,16.559,16.671,16.781,16.908,17.067,17.194,17.686,17.935,18.124,18.638,19.074,19.196,19.431,20.029,20.406,20.847,21.062,21.953,22.138,22.618,23.251,23.856,24.472,25.201,26.52,27.576,28.527,30.322,30.998,33.181,33.682,35.844,37.105,37.602,39.115,40.963,41.256,42.363,43.333,43.774,44.07,44.748,45.134,44.384,43.638,43.674,43.09,41.815,41.399,40.952,40.626,40.79,40.757,40.524,40.004,40.197,41.023,40.973,41.048,41.87,42.06,42.503,43.27,43.668,44.36,44.661,44.881,45.721,46.087,46.06,46.688,46.965,47.231,47.538,47.99,48.001,48.804,48.901,49.185,49.909,50.151,51.09,51.028,51.33,51.92,52.198,52.661,53.426,53.186,54.166,54.927,55.07,55.108,55.903,56.459,56.747,57.203,58.098,58.318,58.471,59.189,59.562,60.004,60.388,60.571,60.989,61.587,62.008,62.52,62.63,63.281,63.478,64.028,64.682,64.605,65.043
F02,X42,,1,14.324,14.823,14.801,14.858,14.873,14.84,14.857,14.949,14.846,14.91,14.976,15.04,15.152,15.18,15.104,15.323,15.253,15.488,15.735,15.849,16.152,16.386,16.943,17.163,17.441,17.937,18.723,19.045,20.027,20.799,21.451,21.886,22.92,24.096,25.029,26.957,27.909,30.033,31.613,32.928,34.855,36.612,39.025,41.516,42.594,46.472,46.033,49.05,45.557,45.868,45.429,45.32,44.114,45.256,43.724,44.58,44.198,44.269,44.744,44.242,44.538,45.014,44.049,45.639,44.885,45.327,44.989,46.584,45.189,45.557,45.84,45.182,46.407,44.817,45.868,45.667,46.695,46.364,46.667,45.758,46.236,46.447,45.648,45.759,45.667,45.942,46.473,45.731,46.964,46.772,45.283,46.772,47.348,47.509,46.581,46.955,47.814,48.321,48.497,48.722,48.212,46.698,47.12,45.804,44.659,43.48,44.358,44.542,43.444,44.053,44.959,43.114,43.664,43.45,43.444,43.162,44.298,43.729,43,43.618,43.505,43.361,42.809,43.918,43.387,42.739,44.438,44.274,44.132,45.777,43.961,44.182,44.182,44.962,44.13,45.045,44.248,44.825,43.92
F03,X43,,1,13.561,14.164,14.147,14.066,13.943,13.938,13.845,13.664,13.779,13.817,13.771,13.725,13.81,13.807,13.763,13.813,13.769,13.813,13.758,13.785,13.758,13.857,13.84,13.813,13.783,13.783,13.747,13.851,13.92,13.885,13.98,13.895,13.917,13.914,13.938,13.875,13.927,14.043,13.944,14.124,14.113,14.145,14.181,14.215,14.253,14.392,14.318,14.58,14.572,14.648,14.722,14.787,14.878,15.158,15.24,15.39,15.654,15.926,16.303,16.218,16.626,17.146,17.284,18.085,18.28,19.068,19.595,19.961,20.859,21.134,22.4,23.66,24.944,25.97,27.916,27.976,30.028,30.919,33.314,35.103,35.38,38.458,38.477,40.156,42.145,43.656,43.228,45.676,45.456,44.689,46.926,46.854,46.964,49.179,48.693,47.479,47.566,46.971,46.705,44.94,45.786,46.615,45.105,45.694,45.016,45.648,44.194,46.051,46.572,45.291,46.807,46.216,46.255,46.651,46.309,47.759,47.633,47.641,49.323,48.385,47.929,49.399,48.442,49.082,49.868,49.574,50.048,49.716,49.943,50.349,50.233,51.083,50.093,51.059,51.293,51.217,51.828,51.958,51.931
F04,X44,,1,13.616,13.944,13.956,13.957,13.998,14.129,14.009,13.965,14.08,13.954,13.935,13.944,14.001,13.972,13.927,13.95,14.071,14.032,14.142,13.923,14.06,13.967,14.032,13.977,13.975,14.003,14.077,14.071,14.14,14.16,14.2,14.224,14.219,14.271,14.267,14.258,14.338,14.345,14.355,14.482,14.415,14.529,14.538,14.794,14.776,14.749,14.841,14.883,15.121,15.198,15.271,15.444,15.481,15.788,15.952,16.019,16.174,16.584,16.824,17.094,17.397,17.835,18.138,18.856,18.666,19.508,19.87,20.732,21.492,22.175,22.728,23.222,24.286,24.847,25.528,26.248,27.659,28.551,29.019,29.68,30.337,31.874,31.609,32.097,33.452,34.071,34.676,35.23,35.395,35.099,35.701,36.141,36.985,37.137,36.925,37.956,37.629,37.466,37.276,37.707,37.599,38.022,37.818,37.579,38.778,37.853,38.264,38.837,39.3,40.506,40.49,40.288,40.604,41.685,41.048,41.675,42.561,43.37,43.275,43.426,44.302,44.541,44.623,45.456,45.612,45.429,45.593,45.758,46.818,47.044,47.4,46.684,47.949,48.01,48.137,48.584,48.477,48.639,49.05
F05,X45,,1,13.643,14.246,14.283,14.339,14.353,14.348,14.365,14.238,14.326,14.309,14.209,14.273,14.275,14.301,14.255,14.389,14.318,14.499,14.472,14.583,14.611,14.737,14.746,14.966,15.323,15.406,15.946,16.05,16.451,16.832,16.919,17.712,18.062,18.552,19.305,20.005,20.576,21.174,22.162,23.072,23.521,24.802,25.971,26.97,27.598,30.158,30.89,31.774,33.102,34.243,34.964,36.94,38.524,40.249,40.14,42.034,42.419,43.008,42.991,43.996,45.914,44.601,46.475,47.318,46.926,46.291,45.209,45.786,46.126,45.584,45.265,46.142,44.543,44.9,44.001,45.091,45.318,45.593,44.712,46.116,45.795,46.943,47.331,47.497,47.785,47.925,47.848,49.24,48.445,48.69,48.514,49.375,49.733,50.52,49.407,50.323,51.365,50.552,50.565,51.123,51.63,51.34,51.592,52.104,51.722,51.632,52.456,52.085,52.775,52.221,52.24,52.775,52.512,54.348,54.133,53.842,54.221,54.199,54.3,54.695,54.14,54.065,54.597,54.657,54.729,55.448,55.713,55.597,55.123,55.417,55.35,56.169,55.977,56.195,56.342,55.853,56.388,56.237,56.292
F06,X46,,1,13.67,14.027,13.929,13.984,14.053,13.965,13.927,13.883,13.834,13.954,13.99,13.916,13.919,13.972,13.845,13.895,13.824,13.95,13.868,13.84,13.895,13.829,13.813,13.95,13.92,13.893,13.912,13.824,13.975,13.857,13.953,13.977,13.862,13.942,13.911,13.93,13.927,14.015,13.862,13.904,13.81,13.953,13.989,13.912,13.923,14.063,14.044,13.975,14.049,14.044,14.063,14.02,14.166,13.9,14.091,14.267,14.067,14.171,14.001,14.081,14.562,15.299,14.113,14.231,14.171,14.163,14.291,14.592,14.273,14.336,16.348,14.421,14.446,15.807,14.521,14.619,15.372,14.647,14.757,14.812,15.21,15.042,15.087,15.179,15.351,15.617,15.867,15.792,15.956,17.07,16.427,16.796,16.806,17.214,17.502,18.053,18.305,18.898,19.382,20.096,21.06,22.05,23.105,23.521,24.899,26.077,27.477,28.963,30.463,31.651,32.381,32.631,33.712,33.988,35.786,35.427,35.67,35.49,35.824,37.088,35.727,37.104,35.94,36.585,36.742,37.715,37.014,37.184,37.169,37.514,38.487,36.704,36.759,36.887,36.885,36.952,37.299,38.406,38.187
F07,X47,,1,13.697,14.054,14.065,14.175,14.162,14.156,14.173,14.184,14.244,14.172,14.209,14.218,14.193,14.246,14.255,14.17,14.181,14.224,14.224,14.253,14.336,14.187,14.224,14.307,14.25,14.278,14.352,14.318,14.333,14.38,14.475,14.499,14.548,14.573,14.705,14.614,14.748,14.866,14.793,15.005,14.938,15.079,15.143,15.345,15.354,15.491,15.665,15.846,16.001,15.995,16.26,16.54,16.495,16.882,17.101,17.608,17.789,17.982,18.221,18.546,18.993,19.213,19.875,20.562,20.54,20.996,21.436,22.053,22.567,22.587,23.413,23.66,24.204,24.792,25.226,25.645,25.923,26.458,27.174,28.358,28.298,29.312,30.451,31.38,31.829,33.079,33.136,33.503,33.448,33.072,32.963,32.442,32.927,33.142,32.782,33.07,32.647,32.7,33.14,33.015,32.858,33.545,33.18,33.645,33.006,33.324,32.884,33.023,32.795,33.604,33.457,33.893,33.685,33.657,34.16,34.133,34.595,34.498,34.147,34.47,35.123,34.442,34.291,34.689,35.177,34.092,34.594,35.068,35.196,35.063,35.24,35.384,34.752,35.431,35.485,35.635,35.706,36.047,36.321
F08,X48,,1,13.67,14.301,14.283,14.366,14.381,14.457,14.338,14.293,14.326,14.391,14.428,14.437,14.358,14.383,14.392,14.444,14.483,14.389,14.444,14.473,14.556,14.462,14.554,14.527,14.498,14.498,14.572,14.483,14.553,14.573,14.529,14.719,14.631,14.765,14.678,14.641,14.721,14.756,14.766,14.73,14.883,14.887,14.868,14.821,14.886,14.887,14.95,14.828,15.066,14.978,15.024,15.28,15.317,15.432,15.596,15.636,15.709,16.035,15.974,16.3,16.461,16.87,16.953,17.177,17.618,17.938,18.221,18.667,19.343,19.791,20.428,20.809,21.463,22.053,23.195,24.054,24.408,25.935,26.789,27.752,28.904,29.477,31.333,32.18,33.617,34.87,35.089,34.627,36.107,36.935,36.385,37.182,37.835,37.657,38.927,39.833,40.106,39.725,40.447,41.13,40.328,40.84,40.33,40.11,40.289,41.229,40.955,40.922,40.946,40.149,41.014,41.55,41.128,42.099,41.13,41.428,41.541,42.434,42.202,41.717,42.103,40.946,42.837,41.913,42.152,41.778,42.101,41.526,42.542,42.664,42.283,42.093,42.45,42.407,42.675,42.576,43.479,42.905,43.618
A01,X1,,Cal.Biomass [DCW [g/L]]:FS=1,0,0,0,0,0,0,0,0,0,0,0,0,0,0,0,0,0,0,0,0,0,0,0,0,0,0,0,0,0,0,0,0,0,0,0,0,0,0,0,0,0,0,0,0,0,0,0,0,0,0,0,0,0,0,0,0,0,0,0,0,0,0,0,0,0,0,0,0,0,0,0,0,0,0,0,0,0,0,0,0,0,0,0,0,0,0,0,0,0,0,0,0,0,0,0,0,0,0,0,0,0,0,0,0,0,0,0,0,0,0,0,0,0,0,0,0,0,0,0,0,0,0,0,0,0,0,0,0,0,0,0,0,0,0,0,0,0,0,0
A02,X2,,Cal.Biomass [DCW [g/L]]:FS=1,0,0,0,0,0,0,0,0,0,0,0,0,0,0,0,0,0,0,0,0,0,0,0,0,0,0,0,0,0,0,0,0,0,0,0,0,0,0,0,0,0,0,0,0,0,0,0,0,0,0,0,0,0,0,0,0,0,0,0,0,0,0,0,0,0,0,0,0,0,0,0,0,0,0,0,0,0,0,0,0,0,0,0,0,0,0,0,0,0,0,0,0,0,0,0,0,0,0,0,0,0,0,0,0,0,0,0,0,0,0,0,0,0,0,0,0,0,0,0,0,0,0,0,0,0,0,0,0,0,0,0,0,0,0,0,0,0,0,0
A03,X3,,Cal.Biomass [DCW [g/L]]:FS=1,0,0,0,0,0,0,0,0,0,0,0,0,0,0,0,0,0,0,0,0,0,0,0,0,0,0,0,0,0,0,0,0,0,0,0,0,0,0,0,0,0,0,0,0,0,0,0,0,0,0,0,0,0,0,0,0,0,0,0,0,0,0,0,0,0,0,0,0,0,0,0,0,0,0,0,0,0,0,0,0,0,0,0,0,0,0,0,0,0,0,0,0,0,0,0,0,0,0,0,0,0,0,0,0,0,0,0,0,0,0,0,0,0,0,0,0,0,0,0,0,0,0,0,0,0,0,0,0,0,0,0,0,0,0,0,0,0,0,0
A04,X4,,Cal.Biomass [DCW [g/L]]:FS=1,0,0,0,0,0,0,0,0,0,0,0,0,0,0,0,0,0,0,0,0,0,0,0,0,0,0,0,0,0,0,0,0,0,0,0,0,0,0,0,0,0,0,0,0,0,0,0,0,0,0,0,0,0,0,0,0,0,0,0,0,0,0,0,0,0,0,0,0,0,0,0,0,0,0,0,0,0,0,0,0,0,0,0,0,0,0,0,0,0,0,0,0,0,0,0,0,0,0,0,0,0,0,0,0,0,0,0,0,0,0,0,0,0,0,0,0,0,0,0,0,0,0,0,0,0,0,0,0,0,0,0,0,0,0,0,0,0,0,0
A05,X5,,Cal.Biomass [DCW [g/L]]:FS=1,0,0,0,0,0,0,0,0,0,0,0,0,0,0,0,0,0,0,0,0,0,0,0,0,0,0,0,0,0,0,0,0,0,0,0,0,0,0,0,0,0,0,0,0,0,0,0,0,0,0,0,0,0,0,0,0,0,0,0,0,0,0,0,0,0,0,0,0,0,0,0,0,0,0,0,0,0,0,0,0,0,0,0,0,0,0,0,0,0,0,0,0,0,0,0,0,0,0,0,0,0,0,0,0,0,0,0,0,0,0,0,0,0,0,0,0,0,0,0,0,0,0,0,0,0,0,0,0,0,0,0,0,0,0,0,0,0,0,0
A06,X6,,Cal.Biomass [DCW [g/L]]:FS=1,0,0,0,0,0,0,0,0,0,0,0,0,0,0,0,0,0,0,0,0,0,0,0,0,0,0,0,0,0,0,0,0,0,0,0,0,0,0,0,0,0,0,0,0,0,0,0,0,0,0,0,0,0,0,0,0,0,0,0,0,0,0,0,0,0,0,0,0,0,0,0,0,0,0,0,0,0,0,0,0,0,0,0,0,0,0,0,0,0,0,0,0,0,0,0,0,0,0,0,0,0,0,0,0,0,0,0,0,0,0,0,0,0,0,0,0,0,0,0,0,0,0,0,0,0,0,0,0,0,0,0,0,0,0,0,0,0,0,0
A07,X7,,Cal.Biomass [DCW [g/L]]:FS=1,0,0,0,0,0,0,0,0,0,0,0,0,0,0,0,0,0,0,0,0,0,0,0,0,0,0,0,0,0,0,0,0,0,0,0,0,0,0,0,0,0,0,0,0,0,0,0,0,0,0,0,0,0,0,0,0,0,0,0,0,0,0,0,0,0,0,0,0,0,0,0,0,0,0,0,0,0,0,0,0,0,0,0,0,0,0,0,0,0,0,0,0,0,0,0,0,0,0,0,0,0,0,0,0,0,0,0,0,0,0,0,0,0,0,0,0,0,0,0,0,0,0,0,0,0,0,0,0,0,0,0,0,0,0,0,0,0,0,0
A08,X8,,Cal.Biomass [DCW [g/L]]:FS=1,0,0,0,0,0,0,0,0,0,0,0,0,0,0,0,0,0,0,0,0,0,0,0,0,0,0,0,0,0,0,0,0,0,0,0,0,0,0,0,0,0,0,0,0,0,0,0,0,0,0,0,0,0,0,0,0,0,0,0,0,0,0,0,0,0,0,0,0,0,0,0,0,0,0,0,0,0,0,0,0,0,0,0,0,0,0,0,0,0,0,0,0,0,0,0,0,0,0,0,0,0,0,0,0,0,0,0,0,0,0,0,0,0,0,0,0,0,0,0,0,0,0,0,0,0,0,0,0,0,0,0,0,0,0,0,0,0,0,0
B01,X9,,Cal.Biomass [DCW [g/L]]:FS=1,0,0,0,0,0,0,0,0,0,0,0,0,0,0,0,0,0,0,0,0,0,0,0,0,0,0,0,0,0,0,0,0,0,0,0,0,0,0,0,0,0,0,0,0,0,0,0,0,0,0,0,0,0,0,0,0,0,0,0,0,0,0,0,0,0,0,0,0,0,0,0,0,0,0,0,0,0,0,0,0,0,0,0,0,0,0,0,0,0,0,0,0,0,0,0,0,0,0,0,0,0,0,0,0,0,0,0,0,0,0,0,0,0,0,0,0,0,0,0,0,0,0,0,0,0,0,0,0,0,0,0,0,0,0,0,0,0,0,0
B02,X10,,Cal.Biomass [DCW [g/L]]:FS=1,0,0,0,0,0,0,0,0,0,0,0,0,0,0,0,0,0,0,0,0,0,0,0,0,0,0,0,0,0,0,0,0,0,0,0,0,0,0,0,0,0,0,0,0,0,0,0,0,0,0,0,0,0,0,0,0,0,0,0,0,0,0,0,0,0,0,0,0,0,0,0,0,0,0,0,0,0,0,0,0,0,0,0,0,0,0,0,0,0,0,0,0,0,0,0,0,0,0,0,0,0,0,0,0,0,0,0,0,0,0,0,0,0,0,0,0,0,0,0,0,0,0,0,0,0,0,0,0,0,0,0,0,0,0,0,0,0,0,0
B03,X11,,Cal.Biomass [DCW [g/L]]:FS=1,0,0,0,0,0,0,0,0,0,0,0,0,0,0,0,0,0,0,0,0,0,0,0,0,0,0,0,0,0,0,0,0,0,0,0,0,0,0,0,0,0,0,0,0,0,0,0,0,0,0,0,0,0,0,0,0,0,0,0,0,0,0,0,0,0,0,0,0,0,0,0,0,0,0,0,0,0,0,0,0,0,0,0,0,0,0,0,0,0,0,0,0,0,0,0,0,0,0,0,0,0,0,0,0,0,0,0,0,0,0,0,0,0,0,0,0,0,0,0,0,0,0,0,0,0,0,0,0,0,0,0,0,0,0,0,0,0,0,0
B04,X12,,Cal.Biomass [DCW [g/L]]:FS=1,0,0,0,0,0,0,0,0,0,0,0,0,0,0,0,0,0,0,0,0,0,0,0,0,0,0,0,0,0,0,0,0,0,0,0,0,0,0,0,0,0,0,0,0,0,0,0,0,0,0,0,0,0,0,0,0,0,0,0,0,0,0,0,0,0,0,0,0,0,0,0,0,0,0,0,0,0,0,0,0,0,0,0,0,0,0,0,0,0,0,0,0,0,0,0,0,0,0,0,0,0,0,0,0,0,0,0,0,0,0,0,0,0,0,0,0,0,0,0,0,0,0,0,0,0,0,0,0,0,0,0,0,0,0,0,0,0,0,0
B05,X13,,Cal.Biomass [DCW [g/L]]:FS=1,0,0,0,0,0,0,0,0,0,0,0,0,0,0,0,0,0,0,0,0,0,0,0,0,0,0,0,0,0,0,0,0,0,0,0,0,0,0,0,0,0,0,0,0,0,0,0,0,0,0,0,0,0,0,0,0,0,0,0,0,0,0,0,0,0,0,0,0,0,0,0,0,0,0,0,0,0,0,0,0,0,0,0,0,0,0,0,0,0,0,0,0,0,0,0,0,0,0,0,0,0,0,0,0,0,0,0,0,0,0,0,0,0,0,0,0,0,0,0,0,0,0,0,0,0,0,0,0,0,0,0,0,0,0,0,0,0,0,0
B06,X14,,Cal.Biomass [DCW [g/L]]:FS=1,0,0,0,0,0,0,0,0,0,0,0,0,0,0,0,0,0,0,0,0,0,0,0,0,0,0,0,0,0,0,0,0,0,0,0,0,0,0,0,0,0,0,0,0,0,0,0,0,0,0,0,0,0,0,0,0,0,0,0,0,0,0,0,0,0,0,0,0,0,0,0,0,0,0,0,0,0,0,0,0,0,0,0,0,0,0,0,0,0,0,0,0,0,0,0,0,0,0,0,0,0,0,0,0,0,0,0,0,0,0,0,0,0,0,0,0,0,0,0,0,0,0,0,0,0,0,0,0,0,0,0,0,0,0,0,0,0,0,0
B07,X15,,Cal.Biomass [DCW [g/L]]:FS=1,0,0,0,0,0,0,0,0,0,0,0,0,0,0,0,0,0,0,0,0,0,0,0,0,0,0,0,0,0,0,0,0,0,0,0,0,0,0,0,0,0,0,0,0,0,0,0,0,0,0,0,0,0,0,0,0,0,0,0,0,0,0,0,0,0,0,0,0,0,0,0,0,0,0,0,0,0,0,0,0,0,0,0,0,0,0,0,0,0,0,0,0,0,0,0,0,0,0,0,0,0,0,0,0,0,0,0,0,0,0,0,0,0,0,0,0,0,0,0,0,0,0,0,0,0,0,0,0,0,0,0,0,0,0,0,0,0,0,0
B08,X16,,Cal.Biomass [DCW [g/L]]:FS=1,0,0,0,0,0,0,0,0,0,0,0,0,0,0,0,0,0,0,0,0,0,0,0,0,0,0,0,0,0,0,0,0,0,0,0,0,0,0,0,0,0,0,0,0,0,0,0,0,0,0,0,0,0,0,0,0,0,0,0,0,0,0,0,0,0,0,0,0,0,0,0,0,0,0,0,0,0,0,0,0,0,0,0,0,0,0,0,0,0,0,0,0,0,0,0,0,0,0,0,0,0,0,0,0,0,0,0,0,0,0,0,0,0,0,0,0,0,0,0,0,0,0,0,0,0,0,0,0,0,0,0,0,0,0,0,0,0,0,0
C01,X17,,Cal.Biomass [DCW [g/L]]:FS=1,0,0,0,0,0,0,0,0,0,0,0,0,0,0,0,0,0,0,0,0,0,0,0,0,0,0,0,0,0,0,0,0,0,0,0,0,0,0,0,0,0,0,0,0,0,0,0,0,0,0,0,0,0,0,0,0,0,0,0,0,0,0,0,0,0,0,0,0,0,0,0,0,0,0,0,0,0,0,0,0,0,0,0,0,0,0,0,0,0,0,0,0,0,0,0,0,0,0,0,0,0,0,0,0,0,0,0,0,0,0,0,0,0,0,0,0,0,0,0,0,0,0,0,0,0,0,0,0,0,0,0,0,0,0,0,0,0,0,0
C02,X18,,Cal.Biomass [DCW [g/L]]:FS=1,0,0,0,0,0,0,0,0,0,0,0,0,0,0,0,0,0,0,0,0,0,0,0,0,0,0,0,0,0,0,0,0,0,0,0,0,0,0,0,0,0,0,0,0,0,0,0,0,0,0,0,0,0,0,0,0,0,0,0,0,0,0,0,0,0,0,0,0,0,0,0,0,0,0,0,0,0,0,0,0,0,0,0,0,0,0,0,0,0,0,0,0,0,0,0,0,0,0,0,0,0,0,0,0,0,0,0,0,0,0,0,0,0,0,0,0,0,0,0,0,0,0,0,0,0,0,0,0,0,0,0,0,0,0,0,0,0,0,0
C03,X19,,Cal.Biomass [DCW [g/L]]:FS=1,0,0,0,0,0,0,0,0,0,0,0,0,0,0,0,0,0,0,0,0,0,0,0,0,0,0,0,0,0,0,0,0,0,0,0,0,0,0,0,0,0,0,0,0,0,0,0,0,0,0,0,0,0,0,0,0,0,0,0,0,0,0,0,0,0,0,0,0,0,0,0,0,0,0,0,0,0,0,0,0,0,0,0,0,0,0,0,0,0,0,0,0,0,0,0,0,0,0,0,0,0,0,0,0,0,0,0,0,0,0,0,0,0,0,0,0,0,0,0,0,0,0,0,0,0,0,0,0,0,0,0,0,0,0,0,0,0,0,0
C04,X20,,Cal.Biomass [DCW [g/L]]:FS=1,0,0,0,0,0,0,0,0,0,0,0,0,0,0,0,0,0,0,0,0,0,0,0,0,0,0,0,0,0,0,0,0,0,0,0,0,0,0,0,0,0,0,0,0,0,0,0,0,0,0,0,0,0,0,0,0,0,0,0,0,0,0,0,0,0,0,0,0,0,0,0,0,0,0,0,0,0,0,0,0,0,0,0,0,0,0,0,0,0,0,0,0,0,0,0,0,0,0,0,0,0,0,0,0,0,0,0,0,0,0,0,0,0,0,0,0,0,0,0,0,0,0,0,0,0,0,0,0,0,0,0,0,0,0,0,0,0,0,0
C05,X21,,Cal.Biomass [DCW [g/L]]:FS=1,0,0,0,0,0,0,0,0,0,0,0,0,0,0,0,0,0,0,0,0,0,0,0,0,0,0,0,0,0,0,0,0,0,0,0,0,0,0,0,0,0,0,0,0,0,0,0,0,0,0,0,0,0,0,0,0,0,0,0,0,0,0,0,0,0,0,0,0,0,0,0,0,0,0,0,0,0,0,0,0,0,0,0,0,0,0,0,0,0,0,0,0,0,0,0,0,0,0,0,0,0,0,0,0,0,0,0,0,0,0,0,0,0,0,0,0,0,0,0,0,0,0,0,0,0,0,0,0,0,0,0,0,0,0,0,0,0,0,0
C06,X22,,Cal.Biomass [DCW [g/L]]:FS=1,0,0,0,0,0,0,0,0,0,0,0,0,0,0,0,0,0,0,0,0,0,0,0,0,0,0,0,0,0,0,0,0,0,0,0,0,0,0,0,0,0,0,0,0,0,0,0,0,0,0,0,0,0,0,0,0,0,0,0,0,0,0,0,0,0,0,0,0,0,0,0,0,0,0,0,0,0,0,0,0,0,0,0,0,0,0,0,0,0,0,0,0,0,0,0,0,0,0,0,0,0,0,0,0,0,0,0,0,0,0,0,0,0,0,0,0,0,0,0,0,0,0,0,0,0,0,0,0,0,0,0,0,0,0,0,0,0,0,0
C07,X23,,Cal.Biomass [DCW [g/L]]:FS=1,0,0,0,0,0,0,0,0,0,0,0,0,0,0,0,0,0,0,0,0,0,0,0,0,0,0,0,0,0,0,0,0,0,0,0,0,0,0,0,0,0,0,0,0,0,0,0,0,0,0,0,0,0,0,0,0,0,0,0,0,0,0,0,0,0,0,0,0,0,0,0,0,0,0,0,0,0,0,0,0,0,0,0,0,0,0,0,0,0,0,0,0,0,0,0,0,0,0,0,0,0,0,0,0,0,0,0,0,0,0,0,0,0,0,0,0,0,0,0,0,0,0,0,0,0,0,0,0,0,0,0,0,0,0,0,0,0,0,0
C08,X24,,Cal.Biomass [DCW [g/L]]:FS=1,0,0,0,0,0,0,0,0,0,0,0,0,0,0,0,0,0,0,0,0,0,0,0,0,0,0,0,0,0,0,0,0,0,0,0,0,0,0,0,0,0,0,0,0,0,0,0,0,0,0,0,0,0,0,0,0,0,0,0,0,0,0,0,0,0,0,0,0,0,0,0,0,0,0,0,0,0,0,0,0,0,0,0,0,0,0,0,0,0,0,0,0,0,0,0,0,0,0,0,0,0,0,0,0,0,0,0,0,0,0,0,0,0,0,0,0,0,0,0,0,0,0,0,0,0,0,0,0,0,0,0,0,0,0,0,0,0,0,0
D01,X25,,Cal.Biomass [DCW [g/L]]:FS=1,0,0,0,0,0,0,0,0,0,0,0,0,0,0,0,0,0,0,0,0,0,0,0,0,0,0,0,0,0,0,0,0,0,0,0,0,0,0,0,0,0,0,0,0,0,0,0,0,0,0,0,0,0,0,0,0,0,0,0,0,0,0,0,0,0,0,0,0,0,0,0,0,0,0,0,0,0,0,0,0,0,0,0,0,0,0,0,0,0,0,0,0,0,0,0,0,0,0,0,0,0,0,0,0,0,0,0,0,0,0,0,0,0,0,0,0,0,0,0,0,0,0,0,0,0,0,0,0,0,0,0,0,0,0,0,0,0,0,0
D02,X26,,Cal.Biomass [DCW [g/L]]:FS=1,0,0,0,0,0,0,0,0,0,0,0,0,0,0,0,0,0,0,0,0,0,0,0,0,0,0,0,0,0,0,0,0,0,0,0,0,0,0,0,0,0,0,0,0,0,0,0,0,0,0,0,0,0,0,0,0,0,0,0,0,0,0,0,0,0,0,0,0,0,0,0,0,0,0,0,0,0,0,0,0,0,0,0,0,0,0,0,0,0,0,0,0,0,0,0,0,0,0,0,0,0,0,0,0,0,0,0,0,0,0,0,0,0,0,0,0,0,0,0,0,0,0,0,0,0,0,0,0,0,0,0,0,0,0,0,0,0,0,0
D03,X27,,Cal.Biomass [DCW [g/L]]:FS=1,0,0,0,0,0,0,0,0,0,0,0,0,0,0,0,0,0,0,0,0,0,0,0,0,0,0,0,0,0,0,0,0,0,0,0,0,0,0,0,0,0,0,0,0,0,0,0,0,0,0,0,0,0,0,0,0,0,0,0,0,0,0,0,0,0,0,0,0,0,0,0,0,0,0,0,0,0,0,0,0,0,0,0,0,0,0,0,0,0,0,0,0,0,0,0,0,0,0,0,0,0,0,0,0,0,0,0,0,0,0,0,0,0,0,0,0,0,0,0,0,0,0,0,0,0,0,0,0,0,0,0,0,0,0,0,0,0,0,0
D04,X28,,Cal.Biomass [DCW [g/L]]:FS=1,0,0,0,0,0,0,0,0,0,0,0,0,0,0,0,0,0,0,0,0,0,0,0,0,0,0,0,0,0,0,0,0,0,0,0,0,0,0,0,0,0,0,0,0,0,0,0,0,0,0,0,0,0,0,0,0,0,0,0,0,0,0,0,0,0,0,0,0,0,0,0,0,0,0,0,0,0,0,0,0,0,0,0,0,0,0,0,0,0,0,0,0,0,0,0,0,0,0,0,0,0,0,0,0,0,0,0,0,0,0,0,0,0,0,0,0,0,0,0,0,0,0,0,0,0,0,0,0,0,0,0,0,0,0,0,0,0,0,0
D05,X29,,Cal.Biomass [DCW [g/L]]:FS=1,0,0,0,0,0,0,0,0,0,0,0,0,0,0,0,0,0,0,0,0,0,0,0,0,0,0,0,0,0,0,0,0,0,0,0,0,0,0,0,0,0,0,0,0,0,0,0,0,0,0,0,0,0,0,0,0,0,0,0,0,0,0,0,0,0,0,0,0,0,0,0,0,0,0,0,0,0,0,0,0,0,0,0,0,0,0,0,0,0,0,0,0,0,0,0,0,0,0,0,0,0,0,0,0,0,0,0,0,0,0,0,0,0,0,0,0,0,0,0,0,0,0,0,0,0,0,0,0,0,0,0,0,0,0,0,0,0,0,0
D06,X30,,Cal.Biomass [DCW [g/L]]:FS=1,0,0,0,0,0,0,0,0,0,0,0,0,0,0,0,0,0,0,0,0,0,0,0,0,0,0,0,0,0,0,0,0,0,0,0,0,0,0,0,0,0,0,0,0,0,0,0,0,0,0,0,0,0,0,0,0,0,0,0,0,0,0,0,0,0,0,0,0,0,0,0,0,0,0,0,0,0,0,0,0,0,0,0,0,0,0,0,0,0,0,0,0,0,0,0,0,0,0,0,0,0,0,0,0,0,0,0,0,0,0,0,0,0,0,0,0,0,0,0,0,0,0,0,0,0,0,0,0,0,0,0,0,0,0,0,0,0,0,0
D07,X31,,Cal.Biomass [DCW [g/L]]:FS=1,0,0,0,0,0,0,0,0,0,0,0,0,0,0,0,0,0,0,0,0,0,0,0,0,0,0,0,0,0,0,0,0,0,0,0,0,0,0,0,0,0,0,0,0,0,0,0,0,0,0,0,0,0,0,0,0,0,0,0,0,0,0,0,0,0,0,0,0,0,0,0,0,0,0,0,0,0,0,0,0,0,0,0,0,0,0,0,0,0,0,0,0,0,0,0,0,0,0,0,0,0,0,0,0,0,0,0,0,0,0,0,0,0,0,0,0,0,0,0,0,0,0,0,0,0,0,0,0,0,0,0,0,0,0,0,0,0,0,0
D08,X32,,Cal.Biomass [DCW [g/L]]:FS=1,0,0,0,0,0,0,0,0,0,0,0,0,0,0,0,0,0,0,0,0,0,0,0,0,0,0,0,0,0,0,0,0,0,0,0,0,0,0,0,0,0,0,0,0,0,0,0,0,0,0,0,0,0,0,0,0,0,0,0,0,0,0,0,0,0,0,0,0,0,0,0,0,0,0,0,0,0,0,0,0,0,0,0,0,0,0,0,0,0,0,0,0,0,0,0,0,0,0,0,0,0,0,0,0,0,0,0,0,0,0,0,0,0,0,0,0,0,0,0,0,0,0,0,0,0,0,0,0,0,0,0,0,0,0,0,0,0,0,0
E01,X33,,Cal.Biomass [DCW [g/L]]:FS=1,0,0,0,0,0,0,0,0,0,0,0,0,0,0,0,0,0,0,0,0,0,0,0,0,0,0,0,0,0,0,0,0,0,0,0,0,0,0,0,0,0,0,0,0,0,0,0,0,0,0,0,0,0,0,0,0,0,0,0,0,0,0,0,0,0,0,0,0,0,0,0,0,0,0,0,0,0,0,0,0,0,0,0,0,0,0,0,0,0,0,0,0,0,0,0,0,0,0,0,0,0,0,0,0,0,0,0,0,0,0,0,0,0,0,0,0,0,0,0,0,0,0,0,0,0,0,0,0,0,0,0,0,0,0,0,0,0,0,0
E02,X34,,Cal.Biomass [DCW [g/L]]:FS=1,0,0,0,0,0,0,0,0,0,0,0,0,0,0,0,0,0,0,0,0,0,0,0,0,0,0,0,0,0,0,0,0,0,0,0,0,0,0,0,0,0,0,0,0,0,0,0,0,0,0,0,0,0,0,0,0,0,0,0,0,0,0,0,0,0,0,0,0,0,0,0,0,0,0,0,0,0,0,0,0,0,0,0,0,0,0,0,0,0,0,0,0,0,0,0,0,0,0,0,0,0,0,0,0,0,0,0,0,0,0,0,0,0,0,0,0,0,0,0,0,0,0,0,0,0,0,0,0,0,0,0,0,0,0,0,0,0,0,0
E03,X35,,Cal.Biomass [DCW [g/L]]:FS=1,0,0,0,0,0,0,0,0,0,0,0,0,0,0,0,0,0,0,0,0,0,0,0,0,0,0,0,0,0,0,0,0,0,0,0,0,0,0,0,0,0,0,0,0,0,0,0,0,0,0,0,0,0,0,0,0,0,0,0,0,0,0,0,0,0,0,0,0,0,0,0,0,0,0,0,0,0,0,0,0,0,0,0,0,0,0,0,0,0,0,0,0,0,0,0,0,0,0,0,0,0,0,0,0,0,0,0,0,0,0,0,0,0,0,0,0,0,0,0,0,0,0,0,0,0,0,0,0,0,0,0,0,0,0,0,0,0,0,0
E04,X36,,Cal.Biomass [DCW [g/L]]:FS=1,0,0,0,0,0,0,0,0,0,0,0,0,0,0,0,0,0,0,0,0,0,0,0,0,0,0,0,0,0,0,0,0,0,0,0,0,0,0,0,0,0,0,0,0,0,0,0,0,0,0,0,0,0,0,0,0,0,0,0,0,0,0,0,0,0,0,0,0,0,0,0,0,0,0,0,0,0,0,0,0,0,0,0,0,0,0,0,0,0,0,0,0,0,0,0,0,0,0,0,0,0,0,0,0,0,0,0,0,0,0,0,0,0,0,0,0,0,0,0,0,0,0,0,0,0,0,0,0,0,0,0,0,0,0,0,0,0,0,0
E05,X37,,Cal.Biomass [DCW [g/L]]:FS=1,0,0,0,0,0,0,0,0,0,0,0,0,0,0,0,0,0,0,0,0,0,0,0,0,0,0,0,0,0,0,0,0,0,0,0,0,0,0,0,0,0,0,0,0,0,0,0,0,0,0,0,0,0,0,0,0,0,0,0,0,0,0,0,0,0,0,0,0,0,0,0,0,0,0,0,0,0,0,0,0,0,0,0,0,0,0,0,0,0,0,0,0,0,0,0,0,0,0,0,0,0,0,0,0,0,0,0,0,0,0,0,0,0,0,0,0,0,0,0,0,0,0,0,0,0,0,0,0,0,0,0,0,0,0,0,0,0,0,0
E06,X38,,Cal.Biomass [DCW [g/L]]:FS=1,0,0,0,0,0,0,0,0,0,0,0,0,0,0,0,0,0,0,0,0,0,0,0,0,0,0,0,0,0,0,0,0,0,0,0,0,0,0,0,0,0,0,0,0,0,0,0,0,0,0,0,0,0,0,0,0,0,0,0,0,0,0,0,0,0,0,0,0,0,0,0,0,0,0,0,0,0,0,0,0,0,0,0,0,0,0,0,0,0,0,0,0,0,0,0,0,0,0,0,0,0,0,0,0,0,0,0,0,0,0,0,0,0,0,0,0,0,0,0,0,0,0,0,0,0,0,0,0,0,0,0,0,0,0,0,0,0,0,0
E07,X39,,Cal.Biomass [DCW [g/L]]:FS=1,0,0,0,0,0,0,0,0,0,0,0,0,0,0,0,0,0,0,0,0,0,0,0,0,0,0,0,0,0,0,0,0,0,0,0,0,0,0,0,0,0,0,0,0,0,0,0,0,0,0,0,0,0,0,0,0,0,0,0,0,0,0,0,0,0,0,0,0,0,0,0,0,0,0,0,0,0,0,0,0,0,0,0,0,0,0,0,0,0,0,0,0,0,0,0,0,0,0,0,0,0,0,0,0,0,0,0,0,0,0,0,0,0,0,0,0,0,0,0,0,0,0,0,0,0,0,0,0,0,0,0,0,0,0,0,0,0,0,0
E08,X40,,Cal.Biomass [DCW [g/L]]:FS=1,0,0,0,0,0,0,0,0,0,0,0,0,0,0,0,0,0,0,0,0,0,0,0,0,0,0,0,0,0,0,0,0,0,0,0,0,0,0,0,0,0,0,0,0,0,0,0,0,0,0,0,0,0,0,0,0,0,0,0,0,0,0,0,0,0,0,0,0,0,0,0,0,0,0,0,0,0,0,0,0,0,0,0,0,0,0,0,0,0,0,0,0,0,0,0,0,0,0,0,0,0,0,0,0,0,0,0,0,0,0,0,0,0,0,0,0,0,0,0,0,0,0,0,0,0,0,0,0,0,0,0,0,0,0,0,0,0,0,0
F01,X41,,Cal.Biomass [DCW [g/L]]:FS=1,0,0,0,0,0,0,0,0,0,0,0,0,0,0,0,0,0,0,0,0,0,0,0,0,0,0,0,0,0,0,0,0,0,0,0,0,0,0,0,0,0,0,0,0,0,0,0,0,0,0,0,0,0,0,0,0,0,0,0,0,0,0,0,0,0,0,0,0,0,0,0,0,0,0,0,0,0,0,0,0,0,0,0,0,0,0,0,0,0,0,0,0,0,0,0,0,0,0,0,0,0,0,0,0,0,0,0,0,0,0,0,0,0,0,0,0,0,0,0,0,0,0,0,0,0,0,0,0,0,0,0,0,0,0,0,0,0,0,0
F02,X42,,Cal.Biomass [DCW [g/L]]:FS=1,0,0,0,0,0,0,0,0,0,0,0,0,0,0,0,0,0,0,0,0,0,0,0,0,0,0,0,0,0,0,0,0,0,0,0,0,0,0,0,0,0,0,0,0,0,0,0,0,0,0,0,0,0,0,0,0,0,0,0,0,0,0,0,0,0,0,0,0,0,0,0,0,0,0,0,0,0,0,0,0,0,0,0,0,0,0,0,0,0,0,0,0,0,0,0,0,0,0,0,0,0,0,0,0,0,0,0,0,0,0,0,0,0,0,0,0,0,0,0,0,0,0,0,0,0,0,0,0,0,0,0,0,0,0,0,0,0,0,0
F03,X43,,Cal.Biomass [DCW [g/L]]:FS=1,0,0,0,0,0,0,0,0,0,0,0,0,0,0,0,0,0,0,0,0,0,0,0,0,0,0,0,0,0,0,0,0,0,0,0,0,0,0,0,0,0,0,0,0,0,0,0,0,0,0,0,0,0,0,0,0,0,0,0,0,0,0,0,0,0,0,0,0,0,0,0,0,0,0,0,0,0,0,0,0,0,0,0,0,0,0,0,0,0,0,0,0,0,0,0,0,0,0,0,0,0,0,0,0,0,0,0,0,0,0,0,0,0,0,0,0,0,0,0,0,0,0,0,0,0,0,0,0,0,0,0,0,0,0,0,0,0,0,0
F04,X44,,Cal.Biomass [DCW [g/L]]:FS=1,0,0,0,0,0,0,0,0,0,0,0,0,0,0,0,0,0,0,0,0,0,0,0,0,0,0,0,0,0,0,0,0,0,0,0,0,0,0,0,0,0,0,0,0,0,0,0,0,0,0,0,0,0,0,0,0,0,0,0,0,0,0,0,0,0,0,0,0,0,0,0,0,0,0,0,0,0,0,0,0,0,0,0,0,0,0,0,0,0,0,0,0,0,0,0,0,0,0,0,0,0,0,0,0,0,0,0,0,0,0,0,0,0,0,0,0,0,0,0,0,0,0,0,0,0,0,0,0,0,0,0,0,0,0,0,0,0,0,0
F05,X45,,Cal.Biomass [DCW [g/L]]:FS=1,0,0,0,0,0,0,0,0,0,0,0,0,0,0,0,0,0,0,0,0,0,0,0,0,0,0,0,0,0,0,0,0,0,0,0,0,0,0,0,0,0,0,0,0,0,0,0,0,0,0,0,0,0,0,0,0,0,0,0,0,0,0,0,0,0,0,0,0,0,0,0,0,0,0,0,0,0,0,0,0,0,0,0,0,0,0,0,0,0,0,0,0,0,0,0,0,0,0,0,0,0,0,0,0,0,0,0,0,0,0,0,0,0,0,0,0,0,0,0,0,0,0,0,0,0,0,0,0,0,0,0,0,0,0,0,0,0,0,0
F06,X46,,Cal.Biomass [DCW [g/L]]:FS=1,0,0,0,0,0,0,0,0,0,0,0,0,0,0,0,0,0,0,0,0,0,0,0,0,0,0,0,0,0,0,0,0,0,0,0,0,0,0,0,0,0,0,0,0,0,0,0,0,0,0,0,0,0,0,0,0,0,0,0,0,0,0,0,0,0,0,0,0,0,0,0,0,0,0,0,0,0,0,0,0,0,0,0,0,0,0,0,0,0,0,0,0,0,0,0,0,0,0,0,0,0,0,0,0,0,0,0,0,0,0,0,0,0,0,0,0,0,0,0,0,0,0,0,0,0,0,0,0,0,0,0,0,0,0,0,0,0,0,0
F07,X47,,Cal.Biomass [DCW [g/L]]:FS=1,0,0,0,0,0,0,0,0,0,0,0,0,0,0,0,0,0,0,0,0,0,0,0,0,0,0,0,0,0,0,0,0,0,0,0,0,0,0,0,0,0,0,0,0,0,0,0,0,0,0,0,0,0,0,0,0,0,0,0,0,0,0,0,0,0,0,0,0,0,0,0,0,0,0,0,0,0,0,0,0,0,0,0,0,0,0,0,0,0,0,0,0,0,0,0,0,0,0,0,0,0,0,0,0,0,0,0,0,0,0,0,0,0,0,0,0,0,0,0,0,0,0,0,0,0,0,0,0,0,0,0,0,0,0,0,0,0,0,0
F08,X48,,Cal.Biomass [DCW [g/L]]:FS=1,0,0,0,0,0,0,0,0,0,0,0,0,0,0,0,0,0,0,0,0,0,0,0,0,0,0,0,0,0,0,0,0,0,0,0,0,0,0,0,0,0,0,0,0,0,0,0,0,0,0,0,0,0,0,0,0,0,0,0,0,0,0,0,0,0,0,0,0,0,0,0,0,0,0,0,0,0,0,0,0,0,0,0,0,0,0,0,0,0,0,0,0,0,0,0,0,0,0,0,0,0,0,0,0,0,0,0,0,0,0,0,0,0,0,0,0,0,0,0,0,0,0,0,0,0,0,0,0,0,0,0,0,0,0,0,0,0,0,0
ACT.TEMP,,,,34.2,36.5,37.3,37,37,37,37,37,37,37,37,37,37,37,37,37,37,37,37,37,37,37,37,37,37,37,37,37,37,37,37,37,37,37,37,37,37,37,37,37,37,37,37,37,37,37,37,37,37,37,37,37,37,37,37,37,37,37,37,37,37,37,37,37,37,37,37,37,37,37,37,37,37,37,37,37,37,37,37,37,37,37,37,37,37,37,37,37,37.1,37,37,36.9,37,37,37,37,37,37,37,37,37,37,37,37,37,37,37,37,37,37,37,37,37,37,37,37,37,37,37,37,37,37,37,37,37,37,37,37,37,37,37,37,37,37,37,37,37,37,37
ACT.HUMIDITY,,,,38.72,85.32,85.43,85.37,86.07,85.11,85.53,85.17,84.93,84.79,84.91,84.65,84.79,84.78,85.23,84.97,84.87,86.13,85.56,86.11,85.36,84.91,85.05,85.38,84.84,84.91,85.75,84.97,85.02,86.11,84.86,84.78,84.87,85.33,85.27,85.83,84.93,86.97,85.49,85.28,86.37,85.22,84.93,87.33,85.17,86.67,85.33,84.88,86.86,85.06,84.8,84.85,84.9,84.79,86.14,84.83,84.97,84.9,87.86,85.11,84.84,85.37,85.49,84.93,85.18,84.97,84.82,85.74,87.18,85.2,84.86,84.78,86.03,85.2,84.92,85.49,86.2,87.49,85.23,84.97,85.27,86.3,84.84,87.19,85.06,85.84,84.9,85.65,87.31,84.85,84.91,85.79,85.82,85.5,84.91,85.12,85.11,84.83,85.37,85.49,84.98,85.72,85.15,85,85.21,85.88,86.3,85.44,86.43,84.72,86.19,85.08,87.27,84.99,85.06,84.97,85.17,85.99,84.82,85.11,84.77,84.96,87.1,85.89,84.85,85.49,85.04,84.85,84.84,84.86,85.19,84.92,84.84,85.21,84.86,85.16,84.76,86.77,85.11
ACT.O2,,,,0,0,0,0,0,0,0,0,0,0,0,0,0,0,0,0,0,0,0,0,0,0,0,0,0,0,0,0,0,0,0,0,0,0,0,0,0,0,0,0,0,0,0,0,0,0,0,0,0,0,0,0,0,0,0,0,0,0,0,0,0,0,0,0,0,0,0,0,0,0,0,0,0,0,0,0,0,0,0,0,0,0,0,0,0,0,0,0,0,0,0,0,0,0,0,0,0,0,0,0,0,0,0,0,0,0,0,0,0,0,0,0,0,0,0,0,0,0,0,0,0,0,0,0,0,0,0,0,0,0,0,0,0,0,0,0,0,0,0
ACT.CO2,,,,0,0,0,0,0,0,0,0,0,0,0,0,0,0,0,0,0,0,0,0,0,0,0,0,0,0,0,0,0,0,0,0,0,0,0,0,0,0,0,0,0,0,0,0,0,0,0,0,0,0,0,0,0,0,0,0,0,0,0,0,0,0,0,0,0,0,0,0,0,0,0,0,0,0,0,0,0,0,0,0,0,0,0,0,0,0,0,0,0,0,0,0,0,0,0,0,0,0,0,0,0,0,0,0,0,0,0,0,0,0,0,0,0,0,0,0,0,0,0,0,0,0,0,0,0,0,0,0,0,0,0,0,0,0,0,0,0,0,0
COMMENT,0.00337,Close Cover, 
