,,,,TIME [h] ->,0.00508,0.17161,0.33827,0.50498,0.67167,0.83839,1.00495,1.1718,1.3384,1.50497,1.67175,1.83835,2.00505,2.17177,2.33847,2.50502,2.67184,2.83844,3.00507,3.17181,3.33848,3.50522,3.67184,3.83858,4.00525,4.17194,4.33854,4.5052,4.67192,4.83869,5.00525,5.17198,5.33868,5.50527,5.67201,5.83865,6.00531,6.17207,6.33876,6.50537,6.67213,6.83866,7.00544,7.17209,7.33873,7.50536,7.67211,7.83877,8.00545,8.17211,8.33881,8.5056,8.67229,8.839,9.00566,9.17225,9.33888,9.50563,9.67225,9.83884,10.00557,10.17222,10.33896,10.50563,10.67228,10.83903,11.00567,11.1724,11.33901,11.50571,11.67243,11.83906,12.00572,12.17249,12.33909,12.50586,12.67241,12.83914,13.0058,13.17244,13.33912,13.50586,13.6726,13.83918,14.00578,14.17259,14.33914,14.50593,14.67249,14.83925,15.00589,15.17259,15.33931,15.50601,15.67261,15.83929,16.00605,16.17258,16.3394,16.50597,16.67275,16.83935,17.00595,17.17266,17.33932,17.50608,17.67274,17.83953,18.00606,18.17272,18.33946,18.50616,18.67275,18.83947,19.00616,19.17284,19.33963,19.50617,19.67282,19.83958,20.00616,20.17297,20.33955,20.50627,20.6729,20.83967,21.00621,21.17298,21.33958,21.50646,21.67305,21.83969,22.00631,22.17308,22.33979,22.50645,22.67303,22.83973,23.00645,23.17298,23.33966,23.50651,23.67301,23.83972,24.00652,24.17325,24.33993,24.50647,24.67319,24.83981,25.0065,25.17315,25.33988,25.50651,25.67327,25.83993,26.00653,26.17326,26.33988,26.50657,26.67325,26.84009,27.00671,27.17327,27.33999,27.50661,27.67338,27.83994,28.0067,28.17329
A01,X1,MG1655-1,M9 + 50 g/L adipic acid,,0,0.206,0.305,0.415,0.585,0.595,0.558,0.476,0.646,0.69,0.682,0.707,0.676,0.741,0.642,0.653,0.753,0.727,0.61,0.753,0.753,0.787,0.701,0.899,0.701,0.75,0.825,0.827,0.739,0.739,0.65,0.721,0.796,0.747,0.73,0.69,0.644,0.658,0.75,0.644,0.635,0.566,0.644,0.555,0.747,0.736,0.652,0.624,0.664,0.693,0.655,0.549,0.661,0.827,0.713,0.664,0.647,0.684,0.644,0.607,0.65,0.787,0.653,0.647,0.718,0.819,0.796,0.741,0.73,0.801,0.905,0.885,0.902,0.827,1.039,0.842,1.065,1.083,0.973,1.145,1.013,1.19,1.213,1.366,1.184,1.192,1.421,1.249,1.39,1.352,1.44,1.44,1.554,1.575,1.585,1.724,1.658,1.652,1.765,1.918,1.937,2.099,1.975,2.271,2.194,2.229,2.258,2.458,2.556,2.344,2.458,2.667,2.81,2.708,3.042,2.907,2.966,3.158,3.175,3.374,3.319,3.319,3.384,3.644,3.559,3.746,3.702,3.882,4.075,3.968,4.139,4.264,4.311,4.601,4.62,4.566,4.623,4.695,4.773,5.239,4.809,4.803,5.06,5.205,5.228,5.415,5.197,5.358,5.565,5.702,5.538,5.962,5.968,5.882,5.853,5.992,5.965,6.095,6.185,6.341,6.615,6.431,6.492,6.419,6.452,6.648,6.664,6.546,6.958,6.718
A02,X2,ADIP1-9_1,M9 + 50 g/L adipic acid,,0.353,0.122,0.059,0.001,0,0.195,0.181,0.291,0.345,0.501,0.49,0.515,0.567,0.547,0.674,0.627,0.641,0.559,0.556,0.756,0.727,0.79,0.618,0.7,0.79,0.81,0.798,0.973,0.97,0.97,0.967,1.068,1.228,1.18,1.364,1.381,1.45,1.522,1.701,1.796,2.046,2.033,2.141,2.253,2.445,2.605,2.838,2.924,3.306,3.598,3.697,3.851,3.991,4.328,4.414,4.826,5.205,5.494,5.947,6.221,6.338,6.892,7.621,7.555,8.207,8.701,8.968,9.862,9.499,9.819,11.022,11.238,11.361,12.041,12.411,13.674,13.837,13.899,15.171,15.228,16.565,17.121,17.508,18.298,19.109,19.548,20.432,20.918,21.353,21.973,22.523,23.407,24.205,24.088,25.254,25.418,25.308,25.749,26.251,26.23,26.194,25.841,25.773,25.068,24.306,23.966,24.293,23.566,23.482,23.978,23.452,24.205,23.503,23.951,23.768,23.68,23.305,23.98,23.589,23.892,23.703,23.417,23.629,23.497,23.493,24.174,23.665,23.705,24.266,24.134,23.705,24.215,23.963,24.29,25.218,24.078,24.25,24.764,24.261,24.047,24.592,24.524,24.404,25.122,24.654,24.944,24.537,24.858,24.986,25.288,25.304,24.487,23.353,24.329,23.726,23.686,23.722,23.462,23.986,24.042,23.9,23.992,23.373,23.424,23.612,23.743,23.115,23.222,24.029,24.339
A03,X3,ADIP4-8_1,M9 + 50 g/L adipic acid,,0,0.002,0.09,0.189,0.186,0.243,0.254,0.418,0.387,0.289,0.36,0.44,0.405,0.442,0.368,0.405,0.505,0.566,0.533,0.59,0.619,0.738,0.738,0.734,0.709,0.814,0.831,0.72,0.746,0.746,0.828,0.9,0.832,1.012,0.937,0.954,1.024,1.009,1.101,1.138,1.273,1.463,1.34,1.48,1.5,1.575,1.635,1.894,1.905,2.136,2.326,2.507,2.533,2.698,2.985,2.995,3.463,3.582,3.832,4.022,4.332,4.491,4.817,5.096,5.372,5.87,5.992,6.541,6.868,7.106,7.704,8.261,8.587,9.15,9.38,9.89,10.149,10.636,11.399,11.914,12.169,13.066,13.684,13.994,14.027,15.187,15.187,15.444,16.04,16.134,16.311,16.824,17.167,16.724,18.286,17.051,16.947,17.563,17.447,17.41,17.447,17.113,17.153,16.568,15.674,15.861,15.428,15.462,15.571,15.314,15.262,15.398,14.85,15.079,14.913,14.804,15.302,14.449,14.764,14.856,15.079,14.936,14.53,14.752,14.163,14.725,14.736,14.93,14.449,14.845,15.216,14.69,14.787,14.437,14.38,14.701,14.414,14.563,14.352,15.251,14.477,14.856,14.552,14.541,14.461,14.368,14.414,14.598,14.907,14.311,14.294,14.769,14.523,14.58,14.064,14.442,14.421,14.339,14.402,14.609,14.89,14.414,14.437,14.483,14.296,14.53,15.011,14.289,14.445,14.346
A04,X4,ADIP6-3_1,M9 + 50 g/L adipic acid,,0.071,0,0.195,0.269,0.458,0.49,0.504,0.558,0.585,0.627,0.644,0.781,0.777,0.757,0.684,0.751,0.822,0.797,0.851,0.679,0.736,0.712,0.77,0.737,0.684,0.617,0.72,0.695,0.52,0.463,0.659,0.559,0.692,0.757,0.625,0.67,0.797,0.811,0.731,0.854,0.932,0.834,1.055,1.053,1.274,1.205,1.294,1.352,1.363,1.536,1.497,1.621,1.647,1.813,2.071,1.994,2.148,2.269,2.488,2.737,2.9,3.147,3.301,3.409,3.569,3.924,4.103,4.652,4.551,4.963,5.185,5.655,5.812,6.343,6.52,6.765,7.203,7.687,7.51,7.853,7.914,8.78,9.085,9.544,9.943,10.538,10.881,11.08,11.954,12.515,13.205,13.091,13.918,14.728,15.402,15.997,16.693,17.223,16.821,16.785,16.821,16.457,16.613,16.428,16.306,16.436,16.834,16.464,16.174,16.433,16.521,16.4,16.197,16.424,16.317,16.698,16.592,16.257,16.487,16.404,16.573,16.487,16.508,16.477,16.428,16.356,16.085,16.135,16.314,16.278,16.306,16.439,16.106,16.332,16.104,16.196,16.139,15.742,15.931,16.086,16.086,15.72,16.103,16.118,16.068,15.834,15.708,15.748,16.06,16.092,16.018,16.125,15.932,15.961,16.104,15.882,15.999,15.892,16.3,16.104,16.071,16.225,16.275,15.92,16.329,16.251,16.074,16.154,16.418,16.441
A05,X5,ADIP8-3_1,M9 + 50 g/L adipic acid,,0.076,0,0.123,0.283,0.371,0.406,0.589,0.452,0.454,0.554,0.432,0.401,0.51,0.547,0.475,0.543,0.472,0.532,0.614,0.443,0.443,0.563,0.505,0.617,0.563,0.697,0.542,0.689,0.686,0.887,0.884,1.042,1.116,1.097,1.223,1.241,1.51,1.525,1.474,1.627,1.56,1.806,2.144,2.17,2.132,2.32,2.323,2.783,2.677,3.084,2.954,3.366,3.448,3.441,3.757,3.911,3.804,4.036,4.258,4.419,4.647,5.089,5.244,5.695,5.8,5.781,6.075,6.538,6.436,6.902,7.128,7.341,7.553,7.943,8.489,9.113,8.8,9.659,9.191,10.165,10.193,10.746,11.022,11.049,11.565,11.9,12.328,12.671,13.148,13.476,13.795,14.28,14.451,15.491,15.223,15.503,15.971,16.501,16.843,17.234,16.557,17.224,17.062,16.966,17.729,17.513,16.941,17.456,17.739,17.485,17.713,17.589,17.704,16.901,17.024,16.807,16.156,16.078,16.223,15.51,15.593,15.363,15.614,15.582,15.448,15.92,15.563,15.155,15.276,15.699,15.613,15.545,15.298,15.839,15.381,15.416,15.588,15.478,15.008,15.019,15.019,14.71,15.208,15.31,15.26,14.653,15.445,15.111,14.532,14.681,14.693,14.768,14.521,14.406,14.492,14.354,14.188,14.194,14.084,14.406,14.716,13.953,14.119,14.251,14.006,13.81,14.005,13.942,13.926,14.228
A06,X6,kgtP-1,M9 + 50 g/L adipic acid,,0.015,0,0.242,0.337,0.412,0.357,0.532,0.5,0.524,0.424,0.522,0.46,0.623,0.517,0.756,0.507,0.52,0.554,0.578,0.606,0.606,0.695,0.724,0.633,0.609,0.456,0.672,0.534,0.445,0.531,0.469,0.714,0.531,0.565,0.55,0.479,0.377,0.563,0.482,0.518,0.683,0.586,0.605,0.66,0.565,0.727,0.73,0.558,0.829,0.597,0.821,0.714,0.826,0.849,0.821,0.829,0.755,0.794,0.924,0.802,0.785,0.81,1.019,0.841,0.998,1.07,1.019,0.993,1.096,1.083,1.185,1.251,1.268,1.279,1.349,1.351,1.432,1.535,1.512,1.712,1.581,1.615,1.666,1.735,1.781,1.903,1.932,2.017,2.072,2.091,2.094,2.38,2.465,2.572,2.667,2.835,2.74,3.077,2.933,3.4,3.305,3.41,3.457,3.668,3.849,3.826,3.998,4.254,4.353,4.571,4.454,4.776,5.007,5.161,5.439,5.422,5.708,5.673,5.863,6.03,6.322,6.465,6.7,6.792,6.933,6.885,7.448,7.538,7.534,8.024,8.396,8.266,8.024,8.263,8.829,8.374,8.833,8.845,9.409,9.447,9.475,9.675,9.552,9.921,9.777,9.738,9.981,10.254,10.037,10.197,10.378,10.123,10.206,10.206,10.435,10.406,10.255,10.65,10.397,10.091,10.569,10.125,10.498,10.34,10.051,10.25,10.24,10.264,10.095,10.092
A07,X7,proV-1,M9 + 50 g/L adipic acid,,0,0.077,0.095,0.068,0.152,0.241,0.257,0.257,0.341,0.385,0.375,0.371,0.452,0.461,0.389,0.514,0.528,0.531,0.385,0.442,0.528,0.59,0.562,0.587,0.562,0.496,0.513,0.487,0.513,0.513,0.51,0.524,0.513,0.55,0.504,0.464,0.619,0.547,0.466,0.647,0.553,0.426,0.647,0.616,0.464,0.682,0.685,0.541,0.582,0.639,0.602,0.438,0.607,0.659,0.516,0.61,0.507,0.487,0.476,0.639,0.625,0.59,0.599,0.593,0.607,0.507,0.685,0.573,0.59,0.633,0.679,0.602,0.848,0.659,0.728,0.759,0.839,0.685,0.547,0.662,0.931,0.822,0.702,0.713,0.702,0.739,0.682,0.711,0.851,0.728,0.816,0.702,0.73,0.836,0.816,0.842,0.89,0.97,0.911,0.751,0.854,0.871,0.979,0.928,0.911,1.148,1.088,1.005,0.931,1.002,1.148,1.073,1.099,1.142,1.159,1.192,1.368,1.415,1.23,1.26,1.287,1.43,1.298,1.525,1.558,1.522,1.673,1.797,1.73,1.712,1.654,1.664,1.712,1.739,1.956,1.701,1.873,1.918,1.997,2.405,2.061,2.252,2.284,2.204,2.309,2.494,2.561,2.494,2.437,2.551,2.673,2.716,2.845,2.96,2.931,3.066,3.076,3.027,3.231,3.046,3.432,3.393,3.373,3.498,3.424,3.703,3.487,3.885,3.936,3.914
A08,X8,ybjL-1,M9 + 50 g/L adipic acid,,0,0.123,0.36,0.45,0.711,0.682,0.718,0.768,0.678,0.662,0.786,0.838,0.773,0.781,0.933,0.798,0.782,0.845,0.811,0.782,0.897,0.899,0.813,0.779,0.756,0.717,0.646,0.652,0.821,0.707,0.787,0.631,0.907,0.855,0.782,0.682,0.839,0.737,0.771,0.808,0.886,0.675,0.779,0.892,0.855,0.787,0.933,0.876,0.86,0.944,0.996,0.946,1.03,1.024,1.197,1.004,0.931,1.055,1.014,1.006,1.132,1.014,1.28,1.074,1.259,1.189,1.194,1.254,1.329,1.258,1.246,1.34,1.272,1.283,1.381,1.411,1.521,1.481,1.545,1.602,1.7,1.791,1.871,1.854,1.986,1.937,1.852,2.194,2.077,2.382,2.214,2.642,2.442,2.691,2.757,2.869,2.831,2.911,3.31,3.234,3.31,3.586,3.548,3.615,3.939,4.002,4.146,4.402,4.501,4.603,4.659,4.81,5.098,5.194,5.187,5.512,5.855,5.791,6.153,6.206,6.44,6.612,6.961,7.168,6.965,7.376,7.423,7.8,7.853,8,8.629,8.585,8.83,9.327,9.205,9.783,9.525,9.307,9.871,9.937,10.224,10.883,10.673,10.898,10.927,11.289,11.591,12.121,12.079,12.035,11.873,12.397,12.647,12.303,12.418,12.62,13.179,13.495,13.156,13.479,13.931,13.829,13.825,13.755,13.858,13.947,14.542,14.193,14.724,14.049
B01,X9,MG1655-2,M9 + 50 g/L adipic acid,,0.034,0,0.182,0.269,0.362,0.484,0.45,0.509,0.43,0.56,0.553,0.522,0.549,0.558,0.545,0.643,0.657,0.659,0.686,0.6,0.6,0.635,0.807,0.805,0.693,0.799,0.731,0.791,0.788,0.816,0.987,0.886,0.988,0.941,0.837,0.941,0.923,0.852,0.829,0.838,0.743,0.76,0.867,0.835,0.855,0.843,0.846,0.904,0.713,0.916,0.791,0.742,0.796,0.791,0.791,0.886,0.81,0.789,0.721,0.941,0.728,0.95,0.874,0.868,0.969,0.982,1.074,1.049,1.065,1.193,1.039,0.963,1.036,1.077,1.059,1.179,1.199,1.218,1.136,1.222,1.289,1.267,1.289,1.271,1.289,1.239,1.296,1.353,1.495,1.54,1.515,1.629,1.772,1.794,1.718,1.886,1.791,1.87,2.013,2.08,2.07,2.262,2.137,2.29,2.442,2.305,2.449,2.676,2.575,2.735,2.762,2.856,3.029,3.012,3.147,3.242,3.3,3.35,3.425,3.593,3.626,3.798,3.948,3.894,3.923,4.165,4.324,4.101,4.209,4.473,4.616,4.627,4.559,4.65,4.87,4.931,5.218,5.202,5.252,4.858,5.288,5.427,5.481,5.539,5.964,5.579,5.82,5.665,5.845,5.923,5.816,6.3,6.075,6.017,6.361,6.358,6.386,6.288,6.636,6.878,6.522,7.054,6.77,6.726,6.843,6.868,6.885,7.282,7.033,7.11
B02,X10,ADIP1-9_2,M9 + 50 g/L adipic acid,,0.428,0.138,0,0.055,0.114,0.231,0.249,0.333,0.419,0.547,0.595,0.706,0.704,0.684,0.67,0.711,0.697,0.756,0.725,0.725,0.725,0.76,0.817,0.758,0.817,0.752,0.884,0.858,0.74,0.941,0.795,0.838,0.769,0.778,0.789,0.951,0.847,0.804,0.896,0.79,0.81,0.884,0.819,0.787,0.807,0.853,0.942,0.798,0.867,0.896,0.858,0.781,0.749,0.829,0.858,0.752,0.734,0.828,0.846,0.751,0.881,0.76,0.769,0.906,0.864,0.849,0.855,0.772,0.76,0.831,0.849,0.829,0.817,0.772,0.812,0.873,0.895,0.826,0.831,0.746,0.871,0.877,0.871,0.882,0.871,0.793,0.908,0.793,1.02,0.867,0.785,0.842,0.984,0.777,0.928,0.868,0.974,0.996,0.994,1.005,0.937,0.955,0.976,1.184,1.023,1.145,1.172,1.145,1.243,1.258,1.173,1.327,1.497,1.339,1.443,1.448,1.623,1.642,1.715,1.544,1.83,1.887,2.04,1.925,2.072,2.119,2.272,2.396,2.501,2.567,2.653,2.863,3.082,3.027,3.216,3.506,3.678,4.123,4.116,4.352,4.381,4.69,5.262,5.292,5.43,5.99,6.261,6.678,6.802,7.051,7.633,7.949,8.236,8.723,9.154,9.498,10.147,10.718,11.01,11.362,12.158,12.659,13.343,14.133,14.345,14.723,15.549,16.317,16.634,17.205
B03,X11,ADIP4-8_2,M9 + 50 g/L adipic acid,,0.212,0,0.128,0.241,0.197,0.317,0.336,0.339,0.342,0.359,0.351,0.32,0.374,0.383,0.426,0.466,0.452,0.512,0.481,0.623,0.623,0.659,0.773,0.714,0.745,0.851,0.812,0.929,0.868,1.012,0.809,0.851,0.926,0.965,1.033,1.137,1.061,1.163,1.083,1.264,1.169,1.329,1.437,1.52,1.683,1.671,1.789,1.703,1.913,2.06,2.362,2.429,2.656,2.534,2.907,3.061,3.327,3.56,3.839,3.857,4.399,4.383,4.767,4.903,5.381,5.676,5.914,6.348,6.503,7.083,7.281,7.925,8.079,8.441,9.158,9.899,10.07,10.758,11.061,11.577,12.231,12.814,12.774,13.198,14.346,14.249,15.105,16.19,15.702,15.794,16.057,16.399,16.171,16.043,15.69,15.941,16.551,16.025,16.251,16.386,16.051,16.002,16.043,15.802,15.422,14.866,14.747,14.637,14.432,14.375,14.609,14.289,13.998,14.226,14.003,13.981,13.534,13.74,14.17,13.431,13.195,13.482,13.248,13.04,13.081,13.044,13.826,13.22,13.54,13.048,13.42,13.408,13.534,13.385,13.47,13.562,13.389,13.654,13.184,13.367,13.367,13.142,13.528,13.231,13.178,13.545,13.303,13.029,13.165,13.287,13.24,13.227,13.585,13.499,13.154,13.446,12.824,13.056,13.004,13.154,13.062,12.873,13.127,13.229,13.214,13.076,12.926,13.092,13.193,13.379
B04,X12,ADIP6-3_2,M9 + 50 g/L adipic acid,,0.111,0,0.287,0.321,0.469,0.536,0.447,0.534,0.65,0.584,0.661,0.687,0.658,0.667,0.654,0.752,0.766,0.654,0.681,0.681,0.509,0.687,0.716,0.657,0.601,0.565,0.553,0.556,0.438,0.524,0.55,0.622,0.639,0.591,0.659,0.677,0.717,0.847,0.939,0.89,0.939,0.956,1.034,1.146,1.137,1.211,1.272,1.358,1.54,1.543,1.502,1.77,1.795,1.817,2.047,2.143,2.295,2.215,2.492,2.654,2.906,3.008,3.362,3.642,3.803,4.072,4.251,4.369,4.698,5.194,5.218,5.574,5.959,6.204,6.294,6.569,7.235,7.29,7.57,8.285,8.63,8.525,9.344,9.887,9.945,10.681,10.967,11.509,12.099,12.372,13.062,13.918,14.374,15.043,15.947,16.57,16.808,16.938,16.852,16.786,16.194,16.461,16.357,16.375,16.337,16.437,16.121,16.008,16.462,16.35,16.294,16.514,16.484,16.196,16.319,16.387,16.681,16.174,16.492,16.436,16.205,16.377,16.597,16.424,16.289,16.443,16.375,16.137,16.26,16.223,16.337,16.27,16.023,16.25,16.138,15.972,16.115,15.861,15.906,15.861,16.004,15.898,15.906,15.806,15.843,15.753,16.029,15.953,15.549,15.839,16.052,15.959,15.621,16.052,15.593,15.801,15.802,16.041,15.875,15.765,15.789,16.029,15.906,16.211,15.931,16.139,16.193,16.158,16.076,16.158
B05,X13,ADIP8-3_2,M9 + 50 g/L adipic acid,,0.093,0,0.17,0.353,0.409,0.496,0.538,0.621,0.62,0.72,0.709,0.649,0.644,0.738,0.694,0.875,0.661,0.693,0.804,0.661,0.661,0.751,0.694,0.719,0.58,0.714,0.616,0.677,0.76,0.674,0.555,0.599,0.703,0.739,0.722,0.739,0.779,0.793,0.742,0.894,0.828,0.874,0.836,1.064,1.084,1.072,1.133,1.075,1.115,1.374,1.307,1.431,1.485,1.336,1.566,1.603,1.729,1.622,1.811,1.802,1.876,1.926,2.107,2.216,2.289,2.302,2.451,2.54,2.614,2.769,2.875,2.913,3.101,3.286,3.266,3.475,3.434,3.856,4.029,4.143,4.037,4.53,4.694,4.53,4.98,5.297,5.211,5.81,5.874,6.08,6.284,6.369,6.797,6.74,7.295,7.462,7.764,7.813,8.023,8.482,9.081,9.194,9.396,9.881,10.196,10.106,10.578,10.62,11.411,11.608,12.134,12.103,12.463,12.98,13.298,13.185,14,14.062,14.979,15.07,15.294,15.294,15.001,15.857,15.723,15.824,16.181,16.031,16.267,15.974,16.488,16.335,16.059,16.085,15.398,15.719,15.719,15.581,14.308,14.95,14.577,14.439,14.681,14.297,14.474,14.239,14.084,13.924,13.887,13.838,13.906,14.266,14.508,14.336,14.422,13.939,14.32,14.095,14.129,13.849,13.699,13.854,14.337,14.01,13.68,13.942,14.079,13.73,13.231,13.73
B06,X14,kgtP-2,M9 + 50 g/L adipic acid,,0.064,0,0.19,0.257,0.413,0.523,0.589,0.613,0.581,0.623,0.721,0.632,0.682,0.718,0.644,0.596,0.609,0.585,0.78,0.609,0.552,0.669,0.669,0.521,0.641,0.659,0.503,0.594,0.505,0.505,0.5,0.573,0.505,0.626,0.667,0.453,0.667,0.623,0.6,0.694,0.6,0.79,0.636,0.691,0.769,0.615,0.704,0.704,0.688,0.686,0.737,0.659,0.829,0.823,0.995,0.946,0.729,0.882,0.841,0.89,1.017,0.841,0.993,0.93,1.029,1.102,1.021,1.225,1.07,1.2,1.36,1.311,1.357,1.311,1.437,1.411,1.434,1.48,1.514,1.629,1.669,1.846,1.869,1.852,2.041,1.991,2.049,2.134,2.304,2.179,2.525,2.354,2.553,2.46,2.669,2.752,2.743,3.022,3.222,3.289,3.222,3.499,3.689,3.957,3.737,3.971,4.259,4.171,4.413,4.688,4.799,4.949,5.067,5.449,5.242,5.797,5.796,6.076,5.981,6.233,6.267,6.64,6.473,6.91,7.193,7.345,7.48,7.426,7.823,8.056,7.998,8.469,8.427,8.409,8.86,8.865,9.008,9.249,9.354,9.363,9.449,9.649,9.727,9.695,9.866,9.741,9.812,9.655,10.098,10.085,10.094,10.356,10.237,10.266,10.352,10.553,10.572,10.452,10.4,10.725,10.371,10.271,10.329,10.429,10.368,10.11,10.214,10.324,10.069,10.353
B07,X15,proV-2,M9 + 50 g/L adipic acid,,0.003,0,0.061,0.185,0.181,0.209,0.302,0.215,0.238,0.336,0.406,0.402,0.338,0.375,0.471,0.451,0.436,0.412,0.465,0.465,0.465,0.382,0.411,0.521,0.411,0.43,0.503,0.565,0.39,0.505,0.443,0.487,0.505,0.454,0.495,0.54,0.495,0.508,0.514,0.464,0.428,0.618,0.436,0.606,0.454,0.587,0.532,0.503,0.602,0.543,0.393,0.43,0.484,0.393,0.508,0.43,0.499,0.538,0.468,0.46,0.443,0.411,0.476,0.557,0.484,0.557,0.476,0.479,0.497,0.483,0.614,0.508,0.554,0.422,0.549,0.521,0.575,0.591,0.541,0.569,0.525,0.558,0.553,0.651,0.582,0.534,0.534,0.791,0.587,0.638,0.697,0.555,0.612,0.745,0.639,0.808,0.571,0.737,0.761,0.831,0.647,0.921,0.716,0.864,0.847,0.971,0.853,0.914,1.096,1.167,1.085,0.983,1.151,1.165,1.096,1.184,1.362,1.293,1.394,1.253,1.365,1.308,1.376,1.517,1.494,1.373,1.723,1.476,1.637,1.619,1.705,1.8,1.82,1.904,1.832,1.864,2.036,2.196,2.076,2.311,2.282,2.214,2.391,2.627,2.388,2.457,2.639,2.629,2.686,2.744,2.722,2.792,2.98,3.123,3.209,3.143,3.183,3.477,3.366,3.467,3.538,3.471,3.795,3.719,3.818,4.039,3.995,4.25,4.188,4.221
B08,X16,ybjL-2,M9 + 50 g/L adipic acid,,0,0.136,0.299,0.419,0.575,0.74,0.751,0.831,0.911,0.813,0.771,0.907,0.844,0.937,0.92,0.929,0.942,0.947,0.942,0.885,0.771,0.888,0.831,0.913,0.745,0.706,0.751,0.727,0.811,0.753,0.777,0.764,0.753,0.73,0.714,0.759,0.829,0.785,0.762,0.741,0.762,0.78,0.741,0.767,0.874,0.777,0.837,0.866,1.022,0.934,0.842,0.907,0.905,0.756,1.014,0.907,0.977,0.987,1.06,1.224,1.007,1.06,1.183,1.063,1.019,1.092,1.155,1.186,1.146,1.219,1.264,1.243,1.089,1.358,1.399,1.372,1.539,1.413,1.476,1.591,1.602,1.608,1.745,1.757,1.688,1.811,1.811,2.096,2.008,1.999,2.173,2.088,2.259,2.565,2.46,2.457,2.648,2.784,2.926,3.108,3.069,3.289,3.279,3.489,3.613,3.619,3.82,3.99,4.261,4.363,4.418,4.74,4.686,4.697,5.061,5.1,5.3,5.436,5.655,6.051,5.913,6.171,6.435,6.613,6.84,6.821,7.298,7.217,7.412,7.789,7.789,8.173,8.418,8.485,8.334,8.683,8.855,9.095,9.087,9.841,9.554,9.925,10.261,10.572,10.228,10.648,11.006,10.906,11.323,11.451,11.719,11.582,11.891,11.92,12.149,12.294,12.195,13.054,13.174,13.038,13.174,13.13,13.385,13.372,13.532,13.965,14.187,14.01,13.884,13.351
C01,X17,MG1655-3,M9 + 50 g/L adipic acid,,0,0.068,0.215,0.321,0.433,0.385,0.538,0.455,0.707,0.583,0.516,0.597,0.678,0.658,0.643,0.74,0.611,0.671,0.668,0.668,0.668,0.644,0.788,0.756,0.644,0.722,0.825,0.713,0.653,0.653,0.65,0.664,0.567,0.69,0.644,0.69,0.644,0.6,0.664,0.615,0.434,0.423,0.586,0.784,0.488,0.506,0.566,0.652,0.664,0.779,0.627,0.578,0.575,0.57,0.57,0.664,0.705,0.628,0.616,0.693,0.764,0.558,0.739,0.647,0.833,0.733,0.796,0.799,0.788,0.888,0.876,0.799,0.73,0.742,0.725,0.899,1.037,0.968,0.859,1.117,1.214,1.191,1.014,1.111,1.214,1.022,1.079,1.079,1.22,1.267,1.27,1.327,1.441,1.519,1.443,1.44,1.459,1.625,1.709,1.805,1.88,1.813,1.862,1.899,1.995,2.03,2.144,2.202,2.157,2.316,2.373,2.468,2.554,2.538,2.472,2.793,2.767,3.044,3.176,2.945,3.147,3.147,3.241,3.186,3.474,3.376,3.646,3.482,3.503,3.711,3.797,3.75,3.968,4.086,4.017,4.308,4.394,4.294,4.286,4.523,4.552,4.832,4.802,5.005,5.028,5.129,5.083,5.301,5.249,5.473,5.222,5.53,5.595,5.796,5.595,5.905,5.564,5.693,5.783,5.767,5.783,5.857,6.092,5.932,6.224,5.847,5.948,6.088,6.188,6.288
C02,X18,ADIP1-9_3,M9 + 50 g/L adipic acid,,0.599,0.329,0.137,0.136,0,0.185,0.325,0.559,0.516,0.735,0.624,0.737,0.827,0.723,0.8,0.846,0.948,0.833,0.862,0.862,0.919,0.873,0.987,1.017,0.901,1.01,1.174,1.173,1.255,1.227,1.171,1.326,1.399,1.472,1.451,1.615,1.709,1.727,1.935,2.032,2.165,2.409,2.377,2.719,2.679,3.009,3.041,3.271,3.535,3.833,3.925,4.396,4.65,4.929,5.187,5.515,5.661,6.261,6.345,6.732,7.116,7.777,7.763,8.47,9.211,9.272,9.425,10.119,10.699,11.016,11.708,11.724,12.791,13.473,13.61,14.364,14.778,15.445,15.91,16.94,17.186,17.686,19.101,19.63,20.188,20.251,20.936,22.077,22.661,23.615,24.707,25.021,25.705,25.565,26.276,26.21,26.442,27.281,28.304,26.85,26.416,26.554,26.507,26.296,26.073,26.156,25.146,25.242,25.161,24.659,24.614,23.88,24.724,24.74,24.99,25.167,25.301,25.065,25.536,24.945,24.39,25.02,24.77,25.303,24.635,24.708,24.778,24.843,25.437,25.015,25.73,25.383,25.558,25.634,25.074,25.341,26,25.479,26.322,26.052,25.221,25.329,25.949,26.777,26.456,26.176,26.373,26.147,26.339,26.434,25.82,25.873,25.82,25.504,25.504,25.296,23.919,25.357,24.648,24.959,24.792,24.853,25.004,25.631,24.634,24.884,25.004,25.253,25.103,25.253
C03,X19,ADIP4-8_3,M9 + 50 g/L adipic acid,,0.153,0.001,0,0.034,0.044,0.165,0.185,0.216,0.192,0.265,0.23,0.369,0.481,0.404,0.476,0.603,0.532,0.563,0.532,0.618,0.618,0.654,0.797,0.767,0.625,0.732,0.779,0.723,0.72,0.835,0.833,0.761,0.978,0.932,0.914,0.932,1.028,1.015,1.05,1.145,1.194,1.267,1.232,1.372,1.478,1.465,1.641,1.727,1.88,2.027,1.956,2.224,2.393,2.415,2.673,2.913,2.978,3.068,3.404,3.794,3.993,4.12,4.476,4.755,5.089,5.27,5.622,6.142,6.412,6.62,7.018,7.347,7.702,8.694,8.638,9.206,9.864,10.008,10.627,10.97,11.54,11.922,12.712,13.25,13.455,14.072,14.5,15.413,15.411,15.503,16.108,16.394,16.479,16.095,15.742,16.679,16.86,16.818,16.361,16.437,16.447,16.742,16.009,15.74,15.531,15.632,15.229,15.003,14.941,14.571,14.689,14.397,14.421,13.964,13.912,14.004,13.872,14.079,13.764,13.798,13.448,13.391,13.329,13.379,13.334,13.124,13.621,13.3,13.363,13.329,13.672,13.632,13.243,13.523,13.465,13.586,13.844,13.678,13.752,13.563,13.133,13.425,13.466,13.483,13.288,13.311,13.041,13.483,13.16,13.368,13.58,12.935,13.15,13.551,13.236,13.27,13.449,13.339,13.345,13.465,13.488,13.069,13.58,13.311,13.123,13.185,13.351,13.03,13.473,13.116
C04,X20,ADIP6-3_3,M9 + 50 g/L adipic acid,,0.164,0,0.11,0.231,0.412,0.429,0.399,0.545,0.469,0.6,0.541,0.539,0.682,0.634,0.594,0.637,0.652,0.625,0.624,0.624,0.624,0.574,0.488,0.516,0.431,0.538,0.557,0.529,0.44,0.526,0.611,0.538,0.584,0.623,0.691,0.71,0.72,0.793,0.799,0.895,0.971,0.959,1.096,0.978,1.083,1.214,1.332,1.39,1.37,1.575,1.533,1.657,1.654,1.906,1.992,2.174,2.354,2.502,2.523,2.827,3.139,3.296,3.393,3.472,3.805,4.073,4.425,4.859,4.929,5.195,5.449,5.862,6.018,6.522,6.868,7.261,7.322,7.922,7.914,8.773,8.802,9.126,9.459,9.829,10.231,10.88,11.48,12.193,12.614,13.027,13.831,14.773,14.773,15.529,16.348,16.941,17.265,16.966,17.225,16.586,16.252,16.576,16.928,16.548,16.595,16.636,16.723,16.722,16.776,16.78,16.494,16.541,16.941,16.966,16.519,16.818,16.538,16.576,17.01,16.723,16.666,16.522,16.828,16.542,16.491,16.557,16.748,16.624,16.376,16.424,16.681,16.7,16.281,16.252,16.513,16.175,16.118,16.322,16.08,16.264,16.064,16.302,16.338,16.208,16.074,16.271,16.261,16.156,15.954,16.242,16.169,16.107,16.083,16.283,16.37,16.293,16.29,16.216,16.223,16.37,16.567,16.204,16.338,16.586,16.675,16.541,16.768,16.675,16.389,16.732
C05,X21,ADIP8-3_3,M9 + 50 g/L adipic acid,,0.028,0,0.183,0.166,0.395,0.436,0.458,0.408,0.385,0.515,0.537,0.535,0.506,0.543,0.501,0.628,0.557,0.445,0.529,0.443,0.443,0.478,0.507,0.448,0.392,0.528,0.431,0.49,0.43,0.487,0.456,0.499,0.516,0.468,0.68,0.698,0.709,0.695,0.701,0.739,0.787,0.862,0.883,0.966,0.957,1.06,0.976,1.206,1.188,1.334,1.264,1.388,1.5,1.637,1.58,1.647,1.742,1.891,1.825,2.044,1.95,2.054,2.236,2.401,2.504,2.659,2.666,2.841,2.828,2.925,3.06,3.329,3.315,3.673,3.737,3.863,4.163,4.271,4.384,4.47,4.676,4.856,5.334,5.139,5.334,5.592,6.048,6.048,6.571,6.545,7.063,6.949,7.148,7.521,7.906,8.33,8.574,8.821,9.15,9.35,9.407,10.009,10.035,10.639,10.951,11.287,11.677,11.801,12.451,12.736,12.601,13.138,13.474,14.417,14.509,14.402,15.213,14.848,15.939,15.683,16.254,16.598,15.701,16.617,16.051,16.005,17.053,17.415,16.853,16.929,16.557,16.748,16.529,16.5,16.043,16.193,16.107,15.566,15.64,14.935,15.05,15.89,14.78,14.825,14.774,14.769,14.615,14.683,14.679,14.941,15.154,14.283,14.867,14.466,14.953,14.846,14.39,14.311,14.317,14.208,14.719,14.615,15.009,14.54,14.035,14.155,14.092,14.001,14.125,13.972
C06,X22,kgtP-3,M9 + 50 g/L adipic acid,,0.05,0,0.114,0.293,0.372,0.484,0.553,0.468,0.493,0.535,0.579,0.603,0.682,0.605,0.532,0.598,0.755,0.644,0.697,0.612,0.669,0.616,0.73,0.64,0.501,0.463,0.536,0.455,0.538,0.509,0.476,0.577,0.509,0.544,0.586,0.602,0.471,0.599,0.576,0.555,0.547,0.536,0.613,0.61,0.659,0.648,0.766,0.68,0.721,0.835,0.713,0.721,0.919,0.799,0.827,0.836,0.962,0.886,0.959,0.951,1.079,1.074,1.083,1.077,1.177,1.134,1.169,1.401,1.475,1.232,1.421,1.429,1.332,1.515,1.469,1.674,1.667,1.742,1.747,1.804,1.815,1.878,1.929,2.14,2.158,2.165,2.394,2.422,2.536,2.581,2.641,2.727,2.983,2.949,3.13,3.327,3.402,3.396,3.568,3.577,3.912,4.19,4.063,4.276,4.341,4.602,4.806,4.888,5.073,5.178,5.373,5.636,5.727,6.108,6.017,6.317,6.228,6.567,6.845,7.009,7.045,7.017,7.279,7.832,7.827,8.09,8.228,8.459,7.999,8.402,8.488,8.873,9.203,9.158,9.266,9.099,9.529,9.425,9.845,9.683,9.769,10.026,10.161,10.128,10.099,10.633,10.189,10.318,10.303,10.289,10.385,10.332,10.012,10.471,10.213,10.299,10.232,10.399,10.519,10.041,10.433,10.132,10.476,10.175,10.228,9.999,10.189,10.07,10.271,10.07
C07,X23,proV-3,M9 + 50 g/L adipic acid,,0.044,0.044,0,0.151,0.307,0.435,0.38,0.305,0.398,0.446,0.443,0.555,0.784,0.509,0.584,0.513,0.529,0.501,0.614,0.843,0.529,0.48,0.509,0.709,0.566,0.674,0.549,0.664,0.661,0.805,0.603,0.616,0.891,0.702,0.54,0.76,0.626,0.699,0.705,0.628,0.446,0.693,0.772,0.654,0.558,0.689,0.549,0.606,0.702,0.734,0.607,0.674,0.785,0.722,0.492,0.674,0.856,0.69,0.48,0.585,0.632,0.709,1.034,0.598,0.871,0.684,0.604,0.722,0.709,0.837,0.798,0.951,0.852,0.865,0.961,0.91,0.843,1.063,1.037,0.751,0.76,1.024,0.76,1.056,0.76,0.881,0.91,1.224,0.824,0.811,0.729,1.071,0.872,0.894,0.846,0.9,1.062,1.084,1.199,1.065,0.941,0.932,1.351,1.132,1.256,1.091,1.034,1.233,1.275,1.348,1.348,1.242,1.186,1.341,1.504,1.397,1.37,1.304,1.378,1.463,1.579,1.636,1.702,1.675,1.877,1.665,1.648,1.8,1.705,1.914,2.057,2.01,1.914,1.944,2.105,2.051,2.309,1.923,2.288,2.267,2.353,2.374,2.718,2.665,2.801,2.528,2.711,2.557,2.646,2.786,2.822,2.955,2.908,3.138,3.051,2.93,3.309,3.177,3.353,3.596,3.382,3.543,3.52,3.79,3.826,3.906,3.864,4.004,4.021,3.946
C08,X24,ybjL-3,M9 + 50 g/L adipic acid,,0,0.088,0.206,0.389,0.69,0.588,0.687,0.687,0.771,0.899,0.889,0.717,0.769,0.863,0.762,0.887,0.787,0.847,0.815,0.873,0.815,0.849,0.734,0.702,0.734,0.783,0.627,0.66,0.686,0.686,0.711,0.754,0.6,0.808,0.705,0.693,0.762,0.891,0.696,0.733,0.782,0.713,0.733,0.788,0.894,0.94,0.771,0.972,0.869,0.897,1.004,0.955,0.952,1.032,0.86,1.041,1.024,1.004,1.107,1.184,1.113,1.021,1.116,1.253,1.296,1.282,1.173,1.262,1.25,1.35,1.368,1.348,1.422,1.462,1.33,1.391,1.499,1.546,1.493,1.665,1.561,1.767,1.847,2,1.876,2.026,1.94,2.169,2.282,2.156,2.33,2.416,2.445,2.552,2.533,2.787,2.835,2.971,3.086,3.266,3.515,3.449,3.781,3.621,4.001,4.063,4.065,4.206,4.505,4.523,4.72,5.154,4.902,5.255,5.477,5.318,5.803,6.113,5.96,6.355,6.218,6.505,6.882,7.119,7.144,7.008,7.63,7.862,7.602,7.862,8.091,8.19,8.435,8.474,8.898,9.161,9.161,9.286,9.706,10.117,9.859,10.031,10.709,10.475,10.532,11.011,10.796,10.982,11.199,10.982,11.193,11.862,11.709,11.938,12.053,12.458,12.814,12.528,13.021,13.258,12.591,13.177,12.83,13.878,13.406,13.41,13.288,13.684,13.585,14.028
D01,X25,kgtP_proV-1,M9 + 50 g/L adipic acid,,0.07,0,0.231,0.289,0.379,0.416,0.435,0.604,0.523,0.484,0.476,0.557,0.527,0.62,0.606,0.561,0.661,0.607,0.804,0.661,0.661,0.61,0.696,0.779,0.581,0.687,0.619,0.679,0.504,0.619,0.53,0.63,0.447,0.627,0.553,0.541,0.639,0.625,0.573,0.668,0.573,0.619,0.668,0.751,0.714,0.817,0.791,0.705,0.774,0.832,0.851,0.888,0.857,0.937,0.966,1.06,1.043,1.079,1.04,1.088,1.162,1.126,1.106,1.215,1.287,1.444,1.393,1.453,1.555,1.454,1.53,1.711,1.641,1.654,1.864,1.899,1.861,1.966,2.198,2.198,2.179,2.357,2.293,2.502,2.55,2.784,2.87,2.956,3.072,3.17,3.43,3.602,3.858,3.797,3.922,4.233,4.337,4.558,4.705,5.169,5.22,5.301,5.369,5.816,6.164,6.479,6.744,6.878,7.238,7.374,7.592,7.823,8.377,8.783,8.982,9.176,9.339,10.283,10.079,10.693,10.853,11.655,11.739,12.13,12.489,12.281,12.345,11.942,12.259,12.571,12.8,12.988,13.057,13.278,13.593,13.484,13.426,13.49,13.565,13.805,14.092,13.839,13.995,14.098,14.476,14.528,14.459,14.356,14.235,14.585,14.023,14.011,14.023,14.167,14.023,13.713,13.462,13.437,13.443,13.421,13.357,13.398,13.192,13.467,13.051,12.998,13.02,12.872,13.202,13.015
D02,X26,kgtP_ybjL-1,M9 + 50 g/L adipic acid,,0,0.069,0.137,0.137,0.215,0.255,0.243,0.267,0.29,0.262,0.413,0.303,0.37,0.211,0.263,0.313,0.302,0.27,0.331,0.216,0.245,0.259,0.202,0.205,0.116,0.198,0.162,0.216,0.126,0.212,0.215,0.284,0.212,0.23,0.208,0.316,0.208,0.255,0.262,0.33,0.406,0.305,0.359,0.327,0.345,0.417,0.42,0.391,0.456,0.521,0.445,0.485,0.538,0.56,0.56,0.657,0.692,0.667,0.689,0.706,0.819,0.803,0.872,0.807,0.911,0.95,0.958,0.99,0.975,1.043,1.151,1.133,1.204,1.305,1.197,1.41,1.394,1.56,1.558,1.615,1.678,1.771,1.792,1.94,1.964,2.022,2.108,2.279,2.515,2.377,2.638,2.695,2.809,2.923,3.193,3.36,3.404,3.567,3.691,3.837,4.206,4.232,4.294,4.776,4.721,5.061,5.245,5.404,5.651,6.132,6.26,6.317,6.589,6.936,7.194,7.192,7.152,7.497,8.124,8.249,8.239,8.468,8.609,9.087,9.502,9.579,9.559,9.869,10.332,10.327,10.641,10.859,11.156,11.065,11.525,11.789,12.105,11.736,12.068,12.281,12.252,12.461,12.584,12.627,12.779,12.717,12.736,12.603,12.658,12.631,12.615,12.637,12.557,12.701,12.615,12.393,12.394,12.318,12.381,12.213,12.324,12.133,12.441,12.459,12.208,12.216,12.326,12.32,12.297,12.349
D03,X27,kgtP_sspA-1,M9 + 50 g/L adipic acid,,0.631,0.358,0.104,0.038,0,0.178,0.064,0.319,0.242,0.289,0.369,0.367,0.509,0.376,0.478,0.378,0.393,0.509,0.45,0.393,0.393,0.429,0.487,0.457,0.487,0.422,0.354,0.442,0.439,0.496,0.437,0.422,0.41,0.392,0.374,0.536,0.517,0.446,0.395,0.375,0.366,0.383,0.404,0.401,0.536,0.523,0.469,0.354,0.336,0.539,0.499,0.422,0.419,0.499,0.442,0.422,0.404,0.325,0.429,0.478,0.552,0.487,0.439,0.576,0.534,0.576,0.439,0.442,0.429,0.5,0.49,0.614,0.515,0.614,0.567,0.629,0.649,0.668,0.672,0.586,0.568,0.631,0.739,0.721,0.739,0.689,0.775,0.689,0.974,0.705,0.851,0.965,0.794,0.958,0.882,1.079,0.898,1.035,1.006,1.13,0.92,1.082,1.073,1.082,1.263,1.155,1.184,1.241,1.311,1.327,1.412,1.45,1.565,1.634,1.425,1.547,1.664,1.798,1.786,1.699,1.815,1.872,2.052,2.083,1.97,2.072,2.285,2.264,2.313,2.436,2.55,2.704,2.636,2.496,2.685,2.746,2.947,3.076,3.069,3.162,3.105,3.27,3.355,3.416,3.524,3.624,3.779,3.71,4.002,4.112,4.119,4.169,4.378,4.55,4.492,4.401,4.461,4.734,4.766,4.75,4.852,5.07,4.903,5.316,5.178,5.316,5.332,5.386,5.513,5.414
D04,X28,kgtP_proV_ybjL-1,M9 + 50 g/L adipic acid,,0.115,0,0.179,0.211,0.355,0.393,0.413,0.36,0.362,0.379,0.399,0.424,0.393,0.402,0.359,0.313,0.242,0.273,0.413,0.242,0.213,0.247,0.276,0.387,0.333,0.353,0.456,0.43,0.456,0.542,0.54,0.525,0.686,0.637,0.649,0.724,0.62,0.749,0.813,0.851,0.813,0.887,0.994,1.02,0.982,1.085,1.06,1.232,1.242,1.244,1.377,1.501,1.411,1.491,1.749,1.73,1.74,1.804,2.023,2.014,2.148,2.281,2.434,2.514,2.645,2.8,2.893,3.068,3.112,3.123,3.373,3.412,3.714,3.756,3.878,4.119,4.39,4.24,4.726,4.926,4.989,5.512,5.647,5.737,5.847,6.39,6.761,6.846,7.342,7.714,7.889,8.46,8.317,8.949,9.82,10.301,10.657,11.39,11.35,11.519,12.666,13.157,13.833,14.073,15.154,15.827,16.282,16.569,17.823,18.972,18.768,19.242,19.131,18.898,18.767,18.754,17.957,18.569,17.914,17.484,18.287,18,17.933,18.278,17.853,17.432,17.71,17.471,18.311,17.414,17.814,17.977,17.471,17.3,17.934,17.654,17.596,17.542,18.016,17.198,17.456,18.069,17.729,17.341,17.723,17.806,17.998,17.663,18.037,18.007,18.02,17.732,18.221,17.647,17.647,17.428,17.595,17.437,17.759,17.217,17.788,17.654,17.873,17.376,17.379,17.789,17.644,17.866,17.492,17.694
D05,X29,ADIP3-2_4,M9 + 50 g/L adipic acid,,0.326,0.239,0.086,0.017,0,0.057,0.092,0.109,0.265,0.233,0.435,0.465,0.444,0.596,0.505,0.609,0.569,0.624,0.541,0.569,0.484,0.61,0.61,0.555,0.61,0.52,0.626,0.509,0.592,0.592,0.393,0.606,0.592,0.665,0.53,0.579,0.53,0.662,0.554,0.65,0.582,0.569,0.593,0.503,0.493,0.565,0.655,0.483,0.462,0.582,0.624,0.548,0.545,0.624,0.624,0.606,0.528,0.59,0.582,0.6,0.709,0.696,0.764,0.757,0.717,0.671,0.764,0.796,0.782,0.736,0.757,0.853,0.868,1.025,1.033,0.986,1.029,1.108,1.223,1.223,1.259,1.266,1.373,1.352,1.545,1.662,1.605,1.919,1.981,2.075,2.107,2.279,2.421,2.619,2.831,3.055,3.215,3.378,3.672,3.933,4.044,4.384,4.59,4.842,5.159,5.728,6.026,6.442,6.69,7.171,7.442,7.67,8.657,8.831,9.576,9.95,10.25,10.999,11.457,11.892,12.489,13.263,13.599,14.4,15.037,15.159,16.583,17.257,17.557,18.373,19.403,19.539,20.575,21.475,21.169,23.013,23.358,23.812,24.77,25.131,25.475,25.01,26.002,26.284,26.079,27.29,25.71,25.77,25.849,25.254,25.243,24.923,23.952,24.669,24.325,23.801,23.341,23.718,24.244,24.325,24.416,23.157,24.168,23.993,24.256,23.763,24.369,23.816,24.067,23.616
D06,X30,ADIP4-1_4,M9 + 50 g/L adipic acid,,0.021,0,0.072,0.261,0.458,0.413,0.57,0.572,0.519,0.48,0.612,0.468,0.607,0.615,0.658,0.641,0.627,0.63,0.656,0.656,0.627,0.662,0.605,0.717,0.519,0.453,0.613,0.616,0.527,0.527,0.725,0.625,0.585,0.622,0.461,0.564,0.519,0.475,0.539,0.547,0.395,0.527,0.576,0.544,0.536,0.467,0.556,0.47,0.51,0.539,0.415,0.625,0.679,0.673,0.587,0.51,0.665,0.587,0.662,0.596,0.61,0.691,0.585,0.579,0.708,0.665,0.699,0.702,0.691,0.819,0.607,0.845,0.776,0.874,0.771,0.889,0.911,0.871,0.905,0.991,0.973,0.979,0.973,1.155,1.23,1.067,1.067,1.209,1.351,1.226,1.457,1.543,1.457,1.393,1.602,1.713,1.847,1.783,2.04,1.85,1.897,2.002,2.021,2.26,2.383,2.446,2.476,2.475,2.574,2.59,2.732,2.712,2.913,3.154,3.26,3.269,3.242,3.52,3.48,3.62,3.623,3.824,3.946,4.15,4.121,4.249,4.207,4.042,4.493,4.7,4.729,4.769,4.7,5.049,4.982,5.215,5.244,5.401,5.536,5.659,5.401,5.854,5.88,6.196,5.991,5.978,6.191,6.265,6.359,6.666,6.76,6.815,6.76,6.703,6.961,7.073,6.641,6.716,6.863,6.76,7.122,7.023,7.026,7.182,7.47,7.525,7.255,7.71,7.546,7.824
D07,X31,ADIP3-2_5,M9 + 50 g/L adipic acid,,0.543,0.305,0.124,0,0.093,0.297,0.319,0.296,0.496,0.515,0.594,0.536,0.762,0.686,0.816,0.688,0.731,0.875,0.817,0.874,0.731,0.739,0.681,0.766,0.825,0.789,0.864,0.694,0.834,0.777,0.804,0.875,0.748,0.73,0.769,0.874,0.798,0.871,0.733,0.828,0.733,0.778,0.915,0.912,0.874,0.804,0.893,0.721,0.932,0.905,0.837,0.932,1.13,0.923,0.923,0.846,1.028,0.835,0.939,0.902,0.948,0.997,1.121,0.914,1.015,1,1.035,1.124,1.197,1.096,1.172,1.21,1.169,1.439,1.277,1.311,1.417,1.522,1.496,1.582,1.677,1.741,1.82,2.001,2.02,2.083,2.426,2.426,2.656,2.697,2.957,3.186,3.357,3.639,3.65,4.275,4.406,4.599,4.89,5.039,5.491,5.63,6.324,6.632,6.978,7.119,7.874,8.233,8.537,8.99,9.604,9.86,10.533,10.822,11.453,12.055,12.441,13.104,14.135,14.197,14.709,15.626,16.477,17.739,18.316,18.407,19.605,20.078,20.979,21.708,21.908,23.676,23.824,25.099,25.254,26.123,26.008,27.208,26.13,27.15,26.577,27.087,27.105,27.302,26.236,27.015,26.812,25.725,25.541,25.41,25.426,25.849,25.598,25.053,25.053,24.7,25.189,24.934,25.373,25.397,25.459,24.66,25.013,25.152,25.132,25.238,25.557,25.348,25.287,25.033
D08,X32,ADIP4-1_5,M9 + 50 g/L adipic acid,,0,0.156,0.342,0.329,0.559,0.537,0.712,0.676,0.723,0.609,0.614,0.673,0.652,0.577,0.684,0.675,0.663,0.547,0.606,0.577,0.606,0.561,0.647,0.677,0.561,0.556,0.576,0.66,0.571,0.714,0.688,0.47,0.628,0.529,0.48,0.586,0.509,0.439,0.446,0.456,0.503,0.404,0.456,0.51,0.5,0.429,0.519,0.433,0.47,0.446,0.46,0.498,0.495,0.488,0.402,0.47,0.478,0.54,0.389,0.522,0.601,0.532,0.657,0.478,0.581,0.621,0.542,0.718,0.561,0.544,0.564,0.804,0.79,0.574,0.64,0.677,0.866,0.829,0.716,0.801,0.781,0.931,1.038,0.846,1.01,0.928,0.985,1.071,1.217,1.085,1.089,1.117,1.117,1.142,1.381,1.32,1.395,1.56,1.478,1.542,1.478,1.585,1.542,1.929,1.821,1.795,1.914,2.138,2.01,2.086,2.081,2.23,2.178,2.245,2.267,2.394,2.421,2.53,2.836,2.601,2.75,2.836,2.87,3.077,2.816,3.113,3.217,3.251,3.074,3.251,3.394,3.52,3.594,3.688,3.794,3.74,3.913,3.954,3.888,4.126,4.212,4.323,4.49,4.375,4.486,4.56,4.659,4.732,5.029,4.818,4.511,4.738,4.913,4.999,5.113,5.369,5.165,5.356,5.389,5.113,5.131,5.405,5.378,5.965,5.563,5.532,5.607,5.546,5.638,5.718
E01,X33,kgtP_proV-2,M9 + 50 g/L adipic acid,,0.068,0,0.188,0.202,0.327,0.424,0.366,0.4,0.462,0.425,0.448,0.418,0.446,0.54,0.443,0.542,0.5,0.473,0.5,0.5,0.5,0.507,0.45,0.477,0.45,0.443,0.489,0.434,0.459,0.431,0.458,0.529,0.373,0.498,0.394,0.383,0.48,0.553,0.501,0.597,0.473,0.576,0.654,0.651,0.556,0.802,0.662,0.662,0.701,0.731,0.749,0.787,0.87,0.835,0.921,0.959,0.912,0.976,1.023,0.985,1.061,0.937,1.09,1.112,1.099,1.17,1.119,1.265,1.281,1.408,1.342,1.38,1.539,1.695,1.532,1.711,1.758,1.778,1.838,2.009,2.018,2.11,2.247,2.312,2.361,2.48,2.508,2.651,2.768,2.837,3.04,3.382,3.411,3.493,3.533,3.701,3.775,4.111,4.202,4.55,4.659,4.768,4.893,5.255,5.26,5.86,5.811,6.203,6.334,6.756,7.088,7.119,7.359,7.765,8.02,8.672,8.864,9.093,9.518,10.161,9.891,10.149,10.577,10.91,11.269,11.635,12.128,12.181,12.3,11.838,12.01,12.455,12.61,12.402,12.86,12.608,12.923,12.987,13.004,12.901,13.073,12.791,13.348,13.194,13.256,13.279,13.64,13.967,13.56,13.164,13.606,13.71,13.29,13.463,13.262,13.239,13.073,13.365,13.313,13.118,13.227,12.866,13.09,13.164,12.748,12.552,12.718,12.798,12.726,12.569
E02,X34,kgtP_ybjL-2,M9 + 50 g/L adipic acid,,0,0.01,0.102,0.152,0.147,0.211,0.171,0.109,0.215,0.242,0.194,0.225,0.178,0.131,0.098,0.289,0.221,0.189,0.221,0.049,0.164,0.005,0.091,0.065,0.005,0.029,0.079,0.134,0.13,0.044,0.047,0.116,0.102,0.147,0.126,0.147,0.126,0.23,0.179,0.19,0.237,0.223,0.161,0.158,0.348,0.219,0.309,0.309,0.23,0.323,0.306,0.374,0.485,0.449,0.449,0.46,0.553,0.528,0.521,0.51,0.506,0.635,0.732,0.696,0.743,0.696,0.732,0.822,0.865,0.932,0.782,1.051,0.951,1.051,1.058,1.098,1.226,1.22,1.219,1.362,1.282,1.518,1.596,1.574,1.768,1.656,1.912,1.941,2.119,2.011,2.329,2.5,2.557,2.613,2.683,2.936,3.124,2.944,3.238,3.299,3.467,3.692,3.899,4.122,4.182,4.466,4.763,4.637,4.941,5.106,5.465,5.638,5.736,6.313,6.113,6.394,6.642,6.728,6.924,7.252,7.784,7.784,7.782,8,8.675,8.384,8.532,9.016,9.105,9.359,9.33,9.862,10.017,10.009,10.209,10.444,10.789,10.622,10.783,10.938,11.253,11.231,11.27,11.544,11.522,11.632,11.649,11.861,11.685,11.775,11.816,11.807,11.873,11.902,11.701,11.736,11.825,11.719,11.753,11.701,11.552,11.621,11.786,11.689,11.555,11.648,11.7,11.694,11.674,11.579
E03,X35,kgtP_sspA-2,M9 + 50 g/L adipic acid,,0.707,0.399,0.132,0,0.056,0.107,0.275,0.232,0.469,0.436,0.55,0.466,0.442,0.48,0.5,0.546,0.648,0.618,0.676,0.476,0.562,0.544,0.515,0.573,0.429,0.481,0.414,0.528,0.439,0.554,0.497,0.481,0.353,0.481,0.462,0.51,0.404,0.593,0.571,0.609,0.513,0.471,0.523,0.491,0.424,0.583,0.558,0.558,0.538,0.571,0.729,0.653,0.477,0.614,0.557,0.567,0.69,0.581,0.63,0.792,0.727,0.773,0.812,0.805,0.822,0.862,0.783,0.901,0.945,0.842,0.948,0.987,1.031,1.044,1.139,1.061,1.049,1.213,1.272,1.186,1.194,1.344,1.365,1.431,1.594,1.513,1.57,1.598,1.773,1.756,1.902,1.845,1.987,2.041,2.109,2.191,2.18,2.201,2.463,2.526,2.491,2.742,2.698,3,2.977,2.865,3.328,3.208,3.309,3.414,3.608,3.699,3.905,3.886,3.995,4.096,4.322,4.289,4.739,4.702,4.739,4.825,5.144,5.239,5.463,5.497,5.577,5.695,5.806,6.066,6.324,6.309,6.553,6.278,6.731,6.477,6.707,6.631,6.708,7.032,6.889,7.003,7.252,7.306,7.19,7.524,7.625,7.524,7.423,7.467,7.735,7.768,7.792,8.136,7.792,7.763,8.012,7.663,7.84,7.907,8.012,8.055,7.854,7.524,7.978,7.491,7.94,7.763,7.763,7.706
E04,X36,kgtP_proV_ybjL-2,M9 + 50 g/L adipic acid,,0.057,0,0.166,0.29,0.338,0.384,0.217,0.307,0.399,0.39,0.359,0.386,0.301,0.395,0.327,0.312,0.327,0.443,0.413,0.242,0.299,0.335,0.249,0.219,0.278,0.184,0.317,0.376,0.287,0.344,0.314,0.356,0.258,0.413,0.366,0.384,0.308,0.41,0.473,0.511,0.559,0.461,0.511,0.594,0.47,0.63,0.576,0.547,0.643,0.588,0.691,0.729,0.812,0.806,1.035,0.902,0.854,1.004,1.023,1.042,1.09,1.137,1.233,1.198,1.329,1.37,1.405,1.494,1.653,1.551,1.656,1.838,1.624,1.896,1.961,1.999,2.158,2.236,2.409,2.581,2.474,2.796,2.817,2.967,2.989,3.135,3.335,3.335,3.882,3.862,4.008,4.436,4.465,4.663,4.675,5.071,5.488,5.736,6.06,6.206,6.66,6.916,7.034,7.775,8.033,8.458,8.615,9,9.706,9.988,10.685,11.253,11.33,12.759,12.764,13.113,13.696,14.676,15.136,15.94,16.627,17.028,17.161,18.511,19.287,20.146,19.487,19.445,19.029,19.502,19.016,18.865,18.816,18.362,18.941,18.661,18.575,18.978,18.219,18.49,18.404,18.503,17.904,18.515,18.527,18.755,18.661,18.211,18.214,18.239,18.654,18.428,18.109,18.31,18.597,18.15,18.514,18.761,17.849,18.482,18.538,18.575,18.534,18.841,18.38,18.049,18.477,18.441,18.262,18.183
E05,X37,ADIP3-4_4,M9 + 50 g/L adipic acid,,0.287,0.193,0.028,0,0.003,0.117,0.188,0.049,0.271,0.259,0.248,0.357,0.297,0.39,0.46,0.557,0.514,0.545,0.485,0.485,0.485,0.462,0.519,0.573,0.433,0.539,0.585,0.53,0.47,0.528,0.496,0.568,0.528,0.507,0.49,0.507,0.461,0.562,0.51,0.518,0.424,0.556,0.49,0.429,0.421,0.496,0.47,0.499,0.453,0.424,0.444,0.539,0.393,0.473,0.616,0.453,0.436,0.416,0.433,0.511,0.553,0.462,0.442,0.522,0.45,0.522,0.442,0.444,0.462,0.505,0.522,0.473,0.433,0.559,0.542,0.545,0.453,0.614,0.533,0.591,0.431,0.494,0.574,0.414,0.431,0.639,0.497,0.639,0.522,0.628,0.488,0.574,0.545,0.565,0.659,0.685,0.591,0.642,0.668,0.679,0.611,0.599,0.679,0.685,0.668,0.677,0.845,0.819,0.774,0.874,0.991,0.888,0.857,1.013,1.002,1.121,1.183,1.287,1.244,1.303,1.33,1.474,1.541,1.683,1.63,1.765,1.917,1.955,2.088,2.298,2.384,2.709,2.613,3.015,3.089,3.178,3.379,3.624,4.046,4.197,4.312,4.678,4.906,5.195,5.418,5.864,6.22,6.609,6.818,7.326,7.564,8.224,8.597,9.056,9.801,10.175,10.794,11.366,11.629,11.695,12.577,13.134,13.875,14.666,15.306,16.2,16.282,17.565,17.764,18.167
E06,X38,ADIP7-2_4,M9 + 50 g/L adipic acid,,0,0.163,0.247,0.233,0.415,0.414,0.45,0.445,0.495,0.563,0.689,0.713,0.592,0.77,0.81,0.79,0.774,0.922,0.803,0.803,0.803,0.835,0.749,0.945,0.835,0.911,1.013,0.846,0.929,0.986,0.867,0.854,0.929,0.935,0.948,0.964,1.005,0.932,0.88,0.975,0.967,1.128,1.147,1.202,1.136,1.212,1.301,1.214,1.284,1.283,1.247,1.427,1.367,1.448,1.505,1.513,1.583,1.734,1.58,1.743,1.729,1.666,1.76,1.783,1.711,1.783,1.961,1.935,1.924,1.909,1.926,1.964,2.038,2.107,2.118,2.122,2.115,2.219,2.195,2.367,2.349,2.412,2.492,2.417,2.521,2.471,2.756,2.728,2.698,2.83,3.004,3.09,3.061,3.197,3.435,3.375,3.537,3.702,3.788,3.94,3.988,4.18,4.225,4.438,4.732,4.736,4.996,5.136,5.436,5.769,5.821,6.256,6.461,6.442,7.037,7.166,7.592,7.674,8.239,8.373,8.468,8.898,9.33,9.858,10.108,10.453,10.853,11.253,11.74,12.111,12.483,13.013,13.57,13.675,14.218,14.912,15.256,15.778,16.111,16.896,17.04,17.679,18.088,18.988,18.855,19.368,19.818,20.573,20.548,20.429,21.303,21.365,21.389,21.619,21.963,21.345,21.849,21.755,21.503,21.734,21.302,21.109,20.982,21.089,21.199,21.04,21.584,20.832,20.624,20.374
E07,X39,ADIP3-4_5,M9 + 50 g/L adipic acid,,0.234,0.217,0,0.053,0.138,0.254,0.325,0.271,0.411,0.315,0.445,0.499,0.467,0.475,0.575,0.643,0.629,0.546,0.657,0.629,0.543,0.577,0.577,0.603,0.52,0.597,0.528,0.674,0.586,0.7,0.554,0.54,0.672,0.651,0.692,0.537,0.548,0.62,0.654,0.663,0.654,0.614,0.721,0.545,0.623,0.611,0.614,0.7,0.626,0.654,0.76,0.626,0.68,0.588,0.531,0.683,0.608,0.588,0.749,0.597,0.697,0.606,0.7,0.694,0.623,0.752,0.672,0.617,0.577,0.591,0.666,0.76,0.663,0.588,0.657,0.631,0.568,0.7,0.677,0.591,0.746,0.723,0.803,0.786,0.746,0.697,0.64,0.811,0.837,0.686,0.717,0.774,0.774,0.737,0.746,0.714,0.791,0.871,0.84,0.794,0.812,0.743,0.737,0.858,0.754,0.734,0.903,0.906,0.832,0.989,0.82,0.888,0.886,0.957,1.06,1.007,0.983,1.029,1.044,1.018,1.044,1.102,1.084,1.139,1.087,1.223,1.287,1.241,1.344,1.412,1.412,1.507,1.498,1.525,1.541,1.802,1.745,1.904,1.984,2.048,2.076,2.239,2.385,2.62,2.668,2.825,3.007,3.112,3.315,3.599,3.692,3.91,3.979,4.581,4.667,4.747,4.895,5.626,5.63,5.93,6.462,6.737,7.228,7.556,7.872,8.299,8.661,9.544,9.859,10.203
E08,X40,ADIP7-2_5,M9 + 50 g/L adipic acid,,0.019,0.186,0.104,0,0.006,0.123,0.196,0.142,0.227,0.271,0.234,0.259,0.227,0.235,0.278,0.403,0.246,0.334,0.274,0.246,0.274,0.28,0.28,0.334,0.308,0.3,0.317,0.32,0.374,0.374,0.314,0.3,0.374,0.354,0.394,0.44,0.48,0.437,0.357,0.423,0.414,0.432,0.596,0.449,0.526,0.572,0.575,0.661,0.644,0.788,0.664,0.644,0.756,0.807,0.807,0.845,0.913,0.892,0.91,0.958,1.175,1.139,1.091,1.142,1.329,1.314,1.32,1.409,1.512,1.496,1.572,1.581,1.655,1.753,1.82,1.798,1.989,2.094,2.097,2.154,2.164,2.342,2.421,2.487,2.507,2.626,2.74,2.655,2.999,3.041,3.13,3.244,3.301,3.439,3.679,3.789,3.864,3.914,4.147,4.211,4.461,4.598,4.696,4.684,4.89,5.007,5.184,5.235,5.508,5.785,5.949,6.011,6.304,6.198,6.623,6.926,7.093,7.261,7.541,7.359,7.713,8.172,7.973,8.529,8.665,9.01,9.266,9.295,9.696,10.239,10.239,10.168,10.696,10.484,10.824,11.346,11.891,11.698,12.174,12.3,12.701,12.676,13.063,13.625,14.06,14.083,14.703,14.857,15.255,15.287,15.844,16.067,16.188,16.819,16.791,17.202,17.428,17.671,17.878,18.254,18.395,18.863,19.109,19.215,19.728,19.826,20.14,20.477,20.522,20.563
F01,X41,kgtP_proV-3,M9 + 50 g/L adipic acid,,0,0.259,0.43,0.586,0.614,0.646,0.743,0.659,0.797,0.672,0.829,0.797,0.764,0.829,0.955,0.852,0.865,0.898,0.865,1.123,0.922,0.87,0.87,0.924,0.87,0.889,0.82,0.824,0.821,0.821,0.903,0.889,0.964,1.029,0.754,0.943,0.926,0.912,0.86,0.954,1.032,0.992,1.127,1.095,0.943,1.018,1.078,0.992,1.061,1.176,1.168,1.148,1.173,1.311,1.254,1.434,1.388,1.368,1.3,1.377,1.506,1.328,1.48,1.503,1.518,1.589,1.652,1.684,1.844,1.743,1.818,1.856,1.959,1.971,1.953,2.014,2.121,2.226,2.316,2.401,2.526,2.475,2.697,2.793,2.726,2.875,2.932,3.189,3.19,3.262,3.351,3.607,3.778,3.859,4.041,4.066,4.227,4.192,4.537,4.602,4.795,4.988,5.402,5.332,5.624,5.884,6.09,6.283,6.328,6.891,7.197,7.372,7.638,7.903,8.157,8.261,8.427,8.883,8.962,9.351,9.536,10.224,10.31,10.754,10.887,11.001,11.116,11.516,11.746,11.716,12.374,11.617,12.002,11.991,12.102,11.677,12.194,12.058,12.249,12.746,12.603,12.433,12.65,13.043,12.645,12.952,12.194,12.866,12.914,12.952,12.848,12.831,13.106,12.705,12.619,12.794,12.548,12.433,12.697,12.016,12.611,12.165,12.679,12.178,12.426,12.543,12.736,12.415,12.494,12.301
F02,X42,kgtP_ybjL-3,M9 + 50 g/L adipic acid,,0,0.227,0.369,0.389,0.356,0.539,0.4,0.492,0.529,0.408,0.489,0.46,0.404,0.442,0.459,0.501,0.46,0.432,0.431,0.374,0.345,0.382,0.382,0.352,0.324,0.26,0.249,0.308,0.334,0.334,0.332,0.346,0.305,0.373,0.441,0.431,0.498,0.428,0.434,0.529,0.434,0.421,0.529,0.555,0.546,0.591,0.594,0.709,0.69,0.779,0.681,0.69,0.802,0.795,0.824,0.805,0.815,0.85,0.897,0.888,1.079,0.983,1.165,1.158,1.175,1.216,1.337,1.254,1.241,1.397,1.416,1.512,1.671,1.57,1.664,1.672,1.804,1.853,1.969,1.998,2.178,2.299,2.349,2.414,2.435,2.668,2.782,3.039,2.899,3.281,3.256,3.37,3.57,3.796,3.95,4.146,4.106,4.213,4.562,4.624,4.762,5.187,5.11,5.273,5.649,5.877,5.914,5.991,6.408,6.658,6.876,6.936,7.261,7.324,7.637,7.773,8.337,8.108,8.389,8.862,9.134,9.134,9.105,9.493,9.797,9.909,9.826,9.967,10.37,10.425,10.597,10.784,10.768,10.901,10.956,11.134,11.105,11.026,11.159,11.256,11.198,11.058,11.159,11.122,11.097,11.175,11.277,10.946,10.964,11.003,11.014,10.938,10.841,10.956,10.669,11.16,10.57,10.857,10.776,10.784,10.776,10.875,10.672,10.745,10.792,11.138,10.729,10.839,10.916,10.925
F03,X43,kgtP_sspA-3,M9 + 50 g/L adipic acid,,0.512,0.558,0.134,0,0.111,0.145,0.133,0.132,0.243,0.287,0.361,0.386,0.353,0.333,0.375,0.414,0.457,0.317,0.428,0.428,0.428,0.376,0.462,0.401,0.404,0.424,0.355,0.387,0.384,0.413,0.41,0.395,0.413,0.363,0.433,0.421,0.433,0.332,0.452,0.346,0.366,0.326,0.432,0.458,0.421,0.41,0.412,0.412,0.395,0.366,0.387,0.338,0.393,0.387,0.301,0.395,0.321,0.302,0.29,0.31,0.41,0.318,0.298,0.321,0.307,0.321,0.384,0.387,0.29,0.362,0.379,0.387,0.29,0.301,0.37,0.315,0.281,0.47,0.362,0.39,0.259,0.293,0.374,0.271,0.288,0.268,0.325,0.325,0.351,0.229,0.317,0.346,0.317,0.28,0.288,0.371,0.277,0.414,0.296,0.28,0.353,0.313,0.337,0.284,0.353,0.334,0.302,0.334,0.345,0.302,0.42,0.346,0.342,0.414,0.374,0.462,0.382,0.399,0.384,0.445,0.413,0.413,0.396,0.565,0.399,0.422,0.485,0.525,0.456,0.525,0.468,0.448,0.468,0.465,0.507,0.424,0.51,0.499,0.493,0.585,0.585,0.602,0.636,0.616,0.548,0.559,0.654,0.588,0.671,0.559,0.565,0.631,0.593,0.737,0.651,0.611,0.714,0.774,0.662,0.651,0.691,0.768,0.751,0.731,0.722,0.74,0.808,0.748,0.839,0.834
F04,X44,kgtP_proV_ybjL-3,M9 + 50 g/L adipic acid,,0,0.193,0.191,0.384,0.34,0.871,0.812,1.345,1.437,1.261,1.117,1.228,1.257,1.266,1.226,1.269,1.284,1.114,1.227,1.227,1.113,1.063,1.177,1.262,1.149,1.199,1.274,1.276,1.187,1.244,1.3,1.285,1.33,1.37,1.294,1.312,1.351,1.395,1.373,1.382,1.402,1.389,1.468,1.465,1.485,1.559,1.562,1.476,1.543,1.459,1.505,1.629,1.769,1.763,1.82,1.773,1.84,1.817,1.894,1.884,2.047,1.98,2.104,2.097,2.171,2.241,2.247,2.337,2.323,2.422,2.499,2.537,2.61,2.595,2.832,2.382,2.399,2.62,2.679,2.822,2.888,3.152,3.231,3.153,3.317,3.606,3.635,3.892,4.181,4.105,4.394,4.708,4.737,5.077,5.26,5.685,5.987,6.15,6.559,6.505,6.959,7.643,7.448,8.245,8.332,8.957,9.343,9.786,10.462,10.745,10.985,11.44,12.258,12.888,13.349,13.898,14.653,14.831,15.52,16.61,17.24,17.641,18.061,18.923,20.559,19.474,19.9,18.829,18.468,18.457,18.114,18.706,18.028,18.259,18.091,18.442,17.782,18.071,17.8,18.501,17.842,17.853,18.173,17.784,17.88,18.336,18.27,18.164,18.137,17.849,18.005,17.745,18.091,18.005,18.005,18.131,17.981,17.795,17.888,17.747,18.031,18.04,18.087,18.078,17.993,17.803,17.743,18.596,17.934,18.052
F05,X45,ADIP3-8_4,M9 + 50 g/L adipic acid,,0.616,0.56,0.17,0.073,0,0.055,0.172,0.215,0.287,0.367,0.456,0.486,0.379,0.559,0.524,0.571,0.531,0.557,0.645,0.531,0.588,0.686,0.542,0.602,0.714,0.738,0.673,0.642,0.725,0.725,0.842,0.796,0.811,0.827,0.806,0.769,0.806,0.823,0.772,0.927,0.945,0.931,0.927,1.096,0.999,1.014,1.247,1.333,1.513,1.635,1.502,1.771,1.767,2.104,2.162,2.345,2.58,2.983,3.178,3.395,3.541,3.694,4.193,4.357,4.722,4.672,5.111,5.832,5.9,6.536,6.735,7.065,7.647,7.667,8.325,8.725,9.093,9.697,10.485,10.857,11.31,12.15,12.253,12.989,13.711,14.068,14.724,14.981,15.753,15.897,16.845,17.444,18.014,18.492,18.913,19.992,19.912,21.268,21.795,22.262,22.681,23.331,23.148,24.219,24.255,23.368,24.042,24.225,24.573,24.3,23.625,23.976,23.621,23.466,23.172,22.029,23.425,22.185,21.996,21.667,22.139,21.48,22.034,21.847,22.615,22.091,22.042,22.138,21.842,21.995,22.567,22.963,22.653,22.983,22.765,22.257,22.199,22.139,22.983,22.741,22.397,22.732,22.668,22.354,22.831,22.692,22.027,22.606,23.281,22.52,23.281,23.387,23.224,23.023,22.449,23.704,23.159,22.703,23.658,23.626,23.486,23.548,23.327,23.781,23.846,24.067,23.814,23.662,23.915,23.92
F06,X46,ADIP7-5_4,M9 + 50 g/L adipic acid,,0.089,0.137,0.04,0,0.155,0.209,0.356,0.435,0.459,0.557,0.712,0.652,0.73,0.795,0.75,0.817,0.83,0.806,0.83,0.802,0.887,0.834,0.863,0.888,0.92,0.997,0.956,0.989,1.072,1.101,1.183,1.255,1.187,1.367,1.35,1.309,1.522,1.565,1.657,1.925,2.002,2.076,2.27,2.44,2.517,2.763,2.766,3.111,3.292,3.526,3.483,3.923,4.15,4.315,4.515,5.014,4.82,5.539,5.848,5.837,6.295,6.421,6.977,7.227,7.506,8.115,8.468,8.472,9.057,9.836,10.322,10.422,10.575,11.454,11.453,12.254,12.279,13.227,13.47,13.642,15.01,15.451,15.725,16.004,16.868,17.34,18.31,18.881,19.368,19.939,20.059,20.887,21.029,20.792,21.127,21.863,21.328,21.942,22.178,21.706,21.034,21.075,21.278,20.76,21.119,20.7,20.161,20.528,20.47,19.874,20.071,19.717,19.434,19.658,19.584,19.943,19.632,19.987,19.963,19.703,20.279,20.193,19.665,20.213,19.987,19.907,20.016,20.033,19.472,19.804,20.719,20.482,20.404,20.208,20.729,20.392,21.224,20.365,20.552,19.935,20.451,20.492,21.354,20.475,20.774,20.572,20.65,21.146,20.519,20.63,20.844,21.021,20.5,20.93,20.643,20.972,20.932,21.238,21.274,20.93,21.36,21.138,21.383,21.375,21.284,21.756,21.096,21.605,21.25,21.691
F07,X47,ADIP3-8_5,M9 + 50 g/L adipic acid,,0.297,0.273,0,0.075,0.076,0.134,0.231,0.229,0.451,0.523,0.597,0.537,0.504,0.569,0.611,0.65,0.664,0.639,0.664,0.693,0.693,0.64,0.726,0.752,0.698,0.718,0.648,0.652,0.649,0.706,0.646,0.718,0.706,0.772,0.726,0.657,0.669,0.683,0.688,0.754,0.775,0.735,0.869,0.694,0.657,0.732,0.821,0.648,0.746,0.746,0.652,0.832,0.657,0.738,0.824,0.746,0.701,0.795,0.784,0.775,0.818,0.726,0.878,0.787,0.829,0.901,0.878,1.053,0.87,0.941,0.958,1.053,0.87,0.967,0.978,0.981,1.033,1.165,1.142,1.199,1.181,1.301,1.296,1.278,1.353,1.475,1.589,1.503,1.673,1.634,1.751,1.837,1.922,2.172,2.267,2.379,2.683,2.677,2.877,3.144,3.078,3.355,3.401,3.928,3.993,4.311,4.572,4.797,5.24,5.373,5.825,6.001,6.265,6.588,7.184,7.43,7.625,8.281,8.819,8.921,9.564,9.822,10.395,10.783,11.488,12.17,12.405,12.831,13.693,14.518,15.033,16.052,16.406,17.149,18.27,18.621,19.395,19.942,20.702,21.232,22.149,22.279,22.593,23.285,23.502,24.221,24.56,23.963,24.032,24.192,24.122,23.733,22.544,22.63,21.999,21.87,21.798,21.963,20.822,20.708,20.909,20.801,20.845,21.296,20.946,21.017,20.874,20.953,20.312,20.781
F08,X48,ADIP7-5_5,M9 + 50 g/L adipic acid,,0,0.06,0.169,0.316,0.306,0.377,0.373,0.323,0.329,0.264,0.427,0.397,0.368,0.434,0.251,0.463,0.393,0.252,0.307,0.221,0.278,0.314,0.257,0.197,0.343,0.335,0.267,0.269,0.18,0.237,0.177,0.249,0.323,0.362,0.344,0.362,0.43,0.301,0.393,0.546,0.537,0.525,0.489,0.658,0.707,0.694,0.64,0.784,0.88,0.825,0.928,0.966,0.963,1.1,1.043,1.282,1.177,1.183,1.259,1.279,1.47,1.46,1.728,1.549,1.737,1.807,1.871,1.989,1.976,2.074,2.351,2.304,2.348,2.534,2.599,2.723,2.596,2.874,2.875,3.018,3.111,3.204,3.511,3.347,3.683,3.743,4,4,4.062,4.156,4.274,4.16,4.587,4.614,4.655,4.965,5.039,5.202,5.41,5.357,5.639,5.692,5.871,5.95,6.153,6.067,6.334,6.296,6.598,6.763,7.067,7.069,7.537,7.144,7.256,7.39,7.469,7.754,8.12,7.993,8.034,8.034,7.978,8.278,8.24,8.528,8.813,8.813,8.756,8.899,8.871,9.085,8.985,8.856,9.138,9.2,9.057,8.751,8.77,8.837,8.923,9.296,9.429,8.995,9.081,8.555,8.569,9.1,8.885,8.756,8.622,8.597,8.564,8.564,8.622,8.65,8.355,8.492,8.325,8.478,8.468,8.627,8.197,8.526,8.323,8.408,8.369,8.679,8.338,8.594
,,,,,,,,,,,,,,,,,,,,,,,,,,,,,,,,,,,,,,,,,,,,,,,,,,,,,,,,,,,,,,,,,,,,,,,,,,,,,,,,,,,,,,,,,,,,,,,,,,,,,,,,,,,,,,,,,,,,,,,,,,,,,,,,,,,,,,,,,,,,,,,,,,,,,,,,,,,,,,,,,,,,,,,,,,,,,,
,,,,,,,,,,,,,,,,,,,,,,,,,,,,,,,,,,,,,,,,,,,,,,,,,,,,,,,,,,,,,,,,,,,,,,,,,,,,,,,,,,,,,,,,,,,,,,,,,,,,,,,,,,,,,,,,,,,,,,,,,,,,,,,,,,,,,,,,,,,,,,,,,,,,,,,,,,,,,,,,,,,,,,,,,,,,,,
,avgs,MG1655,,,0.011333333,0.091333333,0.234,0.335,0.46,0.488,0.515333333,0.48,0.594333333,0.611,0.583666667,0.608666667,0.634333333,0.652333333,0.61,0.678666667,0.673666667,0.685666667,0.654666667,0.673666667,0.673666667,0.688666667,0.765333333,0.82,0.679333333,0.757,0.793666667,0.777,0.726666667,0.736,0.762333333,0.757,0.783666667,0.792666667,0.737,0.773666667,0.737,0.703333333,0.747666667,0.699,0.604,0.583,0.699,0.724666667,0.696666667,0.695,0.688,0.726666667,0.680333333,0.796,0.691,0.623,0.677333333,0.729333333,0.691333333,0.738,0.720666667,0.700333333,0.660333333,0.747,0.714,0.765,0.755333333,0.720666667,0.84,0.844666667,0.888666667,0.863,0.861,0.960666667,0.94,0.882333333,0.889333333,0.882,0.941,0.973333333,1.100333333,1.089666667,0.989333333,1.161333333,1.172,1.216,1.172,1.249333333,1.229,1.151,1.265333333,1.227,1.368333333,1.386333333,1.408333333,1.465333333,1.589,1.629333333,1.582,1.683333333,1.636,1.715666667,1.829,1.934333333,1.962333333,2.058,1.991333333,2.153333333,2.210333333,2.188,2.283666667,2.445333333,2.429333333,2.465,2.531,2.663666667,2.797666667,2.752666667,2.887,2.980666667,3.011,3.184,3.258666667,3.304,3.364,3.421333333,3.524333333,3.574666667,3.652,3.762333333,3.890666667,3.821666667,3.929,4.050666667,4.184,4.213666667,4.279333333,4.445666667,4.502333333,4.601666667,4.745,4.730333333,4.770333333,4.873333333,4.883,5.020666667,5.114333333,5.249666667,5.406666667,5.374333333,5.366666667,5.441333333,5.553,5.699333333,5.525333333,5.930666667,5.879333333,5.898333333,5.936333333,6.085,5.971666667,6.025333333,6.201333333,6.328666667,6.306666667,6.447333333,6.451333333,6.359,6.506333333,6.454333333,6.499,6.638666667,6.726333333,6.705333333
,,ADIP1-9,,,0.476,0.2255,0.098,0.0685,0,0.19,0.253,0.425,0.4305,0.618,0.557,0.626,0.697,0.635,0.737,0.7365,0.7945,0.696,0.709,0.809,0.823,0.8315,0.8025,0.8585,0.8455,0.91,0.986,1.073,1.1125,1.0985,1.069,1.197,1.3135,1.326,1.4075,1.498,1.5795,1.6245,1.818,1.914,2.1055,2.221,2.259,2.486,2.562,2.807,2.9395,3.0975,3.4205,3.7155,3.811,4.1235,4.3205,4.6285,4.8005,5.1705,5.433,5.8775,6.146,6.4765,6.727,7.3345,7.692,8.0125,8.709,8.9865,9.1965,9.9905,10.099,10.4175,11.365,11.481,12.076,12.757,13.0105,14.019,14.3075,14.672,15.5405,16.084,16.8755,17.4035,18.3045,18.964,19.6485,19.8995,20.684,21.4975,22.007,22.794,23.615,24.214,24.955,24.8265,25.765,25.814,25.875,26.515,27.2775,26.54,26.305,26.1975,26.14,25.682,25.1895,25.061,24.7195,24.404,24.3215,24.3185,24.033,24.0425,24.1135,24.3455,24.379,24.4235,24.303,24.5225,24.5625,24.4185,24.0465,24.2185,24.1995,24.4,24.064,24.441,24.2215,24.274,24.8515,24.5745,24.7175,24.799,24.7605,24.962,25.146,24.7095,25.125,25.1215,25.2915,25.0495,24.9065,24.9265,25.1765,25.9495,25.555,25.56,25.455,25.5025,25.6625,25.861,25.562,25.18,24.5865,24.9165,24.615,24.491,23.8205,24.4095,24.317,24.5005,24.346,24.4225,24.1885,24.5275,24.123,24.3135,24.0595,24.2375,24.566,24.796
,,ADIP4-8,,,0.121666667,0.001,0.072666667,0.154666667,0.142333333,0.241666667,0.258333333,0.324333333,0.307,0.304333333,0.313666667,0.376333333,0.42,0.409666667,0.423333333,0.491333333,0.496333333,0.547,0.515333333,0.610333333,0.62,0.683666667,0.769333333,0.738333333,0.693,0.799,0.807333333,0.790666667,0.778,0.864333333,0.823333333,0.837333333,0.912,0.969666667,0.961333333,1.007666667,1.037666667,1.062333333,1.078,1.182333333,1.212,1.353,1.336333333,1.457333333,1.553666667,1.570333333,1.688333333,1.774666667,1.899333333,2.074333333,2.214666667,2.386666667,2.527333333,2.549,2.855,2.989666667,3.256,3.403333333,3.691666667,3.891,4.241333333,4.331333333,4.686666667,4.918,5.280666667,5.605333333,5.842666667,6.343666667,6.594333333,6.936333333,7.334333333,7.844333333,8.122666667,8.761666667,9.058666667,9.665,10.02766667,10.46733333,11.029,11.487,11.98,12.60066667,13.05666667,13.48066667,13.94266667,14.50266667,14.93066667,15.68233333,15.71766667,15.81033333,16.15866667,16.539,16.60566667,16.28733333,16.57266667,16.557,16.786,16.802,16.68633333,16.74433333,16.64833333,16.619,16.40166667,16.03666667,15.54233333,15.453,15.13466667,15.034,14.98133333,14.75333333,14.85333333,14.69466667,14.423,14.423,14.276,14.263,14.236,14.08933333,14.23266667,14.02833333,13.90733333,13.93633333,13.70233333,13.72366667,13.526,13.631,14.061,13.81666667,13.784,13.74066667,14.10266667,13.91,13.85466667,13.78166667,13.77166667,13.94966667,13.88233333,13.965,13.76266667,14.06033333,13.659,13.80766667,13.84866667,13.75166667,13.64233333,13.74133333,13.586,13.70333333,13.744,13.65533333,13.70466667,13.64366667,13.75266667,13.87666667,13.48466667,13.71933333,13.56466667,13.578,13.58366667,13.74266667,13.81333333,13.452,13.71466667,13.67433333,13.54433333,13.597,13.76266667,13.47033333,13.70366667,13.61366667
,,ADIP6-3,,,0.115333333,0,0.197333333,0.273666667,0.446333333,0.485,0.45,0.545666667,0.568,0.603666667,0.615333333,0.669,0.705666667,0.686,0.644,0.713333333,0.746666667,0.692,0.718666667,0.661333333,0.623,0.657666667,0.658,0.636666667,0.572,0.573333333,0.61,0.593333333,0.466,0.504333333,0.606666667,0.573,0.638333333,0.657,0.658333333,0.685666667,0.744666667,0.817,0.823,0.879666667,0.947333333,0.916333333,1.061666667,1.059,1.164666667,1.21,1.299333333,1.366666667,1.424333333,1.551333333,1.510666667,1.682666667,1.698666667,1.845333333,2.036666667,2.103666667,2.265666667,2.328666667,2.501,2.739333333,2.981666667,3.150333333,3.352,3.507666667,3.725666667,4.023,4.259666667,4.626666667,4.726,5.117333333,5.284,5.697,5.929666667,6.356333333,6.560666667,6.865,7.253333333,7.633,7.664666667,8.303666667,8.448666667,8.810333333,9.296,9.753333333,10.03966667,10.69966667,11.10933333,11.594,12.22233333,12.638,13.366,13.92733333,14.355,15.1,15.899,16.50266667,16.922,17.04233333,16.966,16.719,16.42233333,16.498,16.63266667,16.45033333,16.41266667,16.503,16.55933333,16.398,16.47066667,16.521,16.43633333,16.485,16.54066667,16.52866667,16.385,16.63433333,16.60366667,16.33566667,16.663,16.521,16.48133333,16.462,16.64433333,16.481,16.40266667,16.452,16.40266667,16.29866667,16.31666667,16.30833333,16.44133333,16.46966667,16.13666667,16.278,16.25166667,16.11433333,16.124,15.975,15.97233333,16.07033333,16.05133333,15.97333333,16.11566667,16.044,15.995,15.95266667,15.99933333,15.95233333,15.85433333,16.05766667,16.07966667,16.06366667,15.87866667,16.09866667,16.02233333,15.992,16.03033333,16.04966667,16.13266667,16.07966667,16.14233333,16.15266667,16.173,16.239,16.31166667,16.31033333,16.345,16.329,16.29433333,16.44366667
,,ADIP8-3,,,0.065666667,0,0.158666667,0.267333333,0.391666667,0.446,0.528333333,0.493666667,0.486333333,0.596333333,0.559333333,0.528333333,0.553333333,0.609333333,0.556666667,0.682,0.563333333,0.556666667,0.649,0.515666667,0.515666667,0.597333333,0.568666667,0.594666667,0.511666667,0.646333333,0.529666667,0.618666667,0.625333333,0.682666667,0.631666667,0.713333333,0.778333333,0.768,0.875,0.892666667,0.999333333,1.004333333,0.972333333,1.086666667,1.058333333,1.180666667,1.287666667,1.4,1.391,1.484,1.477333333,1.688,1.66,1.930666667,1.841666667,2.061666667,2.144333333,2.138,2.301,2.387,2.425,2.516333333,2.631333333,2.755,2.824333333,3.023,3.195666667,3.437333333,3.531,3.580666667,3.730666667,3.973,3.959333333,4.198666667,4.354333333,4.527666667,4.656333333,4.967333333,5.164,5.483666667,5.465666667,5.928666667,5.868,6.259333333,6.302,6.710666667,7.016666667,6.906,7.293,7.596333333,7.862333333,8.176333333,8.531,8.700333333,9.047333333,9.199333333,9.465333333,9.917333333,10.14133333,10.43166667,10.76966667,11.045,11.33866667,11.68866667,11.68166667,12.14233333,12.16433333,12.49533333,12.95866667,12.96866667,13.06533333,13.29233333,13.867,13.943,14.14933333,14.27666667,14.547,14.766,14.94366667,14.798,15.123,14.996,15.71366667,15.421,15.71366667,15.75166667,15.43866667,16.01866667,15.74066667,15.91633333,16.26566667,16.20033333,16.132,16.20066667,16.21933333,16.20933333,15.962,16.14133333,15.60733333,15.776,15.80466667,15.54166667,14.98533333,14.968,14.882,15.013,14.88966667,14.81066667,14.836,14.55366667,14.71466667,14.57266667,14.366,14.48666667,14.58433333,14.439,14.632,14.40266667,14.62233333,14.37966667,14.29933333,14.2,14.17666667,14.15433333,14.378,14.14066667,14.48833333,14.267,13.907,13.969,14.05866667,13.891,13.76066667,13.97666667
,,MG1655 kgtP::kan,,,0.043,0,0.182,0.295666667,0.399,0.454666667,0.558,0.527,0.532666667,0.527333333,0.607333333,0.565,0.662333333,0.613333333,0.644,0.567,0.628,0.594333333,0.685,0.609,0.609,0.66,0.707666667,0.598,0.583666667,0.526,0.570333333,0.527666667,0.496,0.515,0.481666667,0.621333333,0.515,0.578333333,0.601,0.511333333,0.505,0.595,0.552666667,0.589,0.61,0.637333333,0.618,0.653666667,0.664333333,0.663333333,0.733333333,0.647333333,0.746,0.706,0.757,0.698,0.858,0.823666667,0.881,0.870333333,0.815333333,0.854,0.908,0.881,0.960333333,0.908333333,1.031666667,0.949333333,1.068,1.102,1.069666667,1.206333333,1.213666667,1.171666667,1.322,1.330333333,1.319,1.368333333,1.418333333,1.478666667,1.511,1.585666667,1.591,1.715,1.688333333,1.779666667,1.821333333,1.909,1.993333333,2.019666667,2.125,2.191,2.304,2.283666667,2.42,2.487,2.667,2.660333333,2.822,2.971333333,2.961666667,3.165,3.241,3.422,3.479666667,3.699666667,3.736333333,3.967,3.975666667,4.133,4.354333333,4.437666667,4.613,4.812333333,4.875333333,5.120333333,5.267,5.572666667,5.566,5.845333333,5.910666667,6.105333333,6.229666667,6.424,6.544666667,6.707333333,6.817333333,7.178,7.317666667,7.44,7.718666667,7.807666667,7.785333333,8.160666667,8.294,8.536,8.551333333,8.61,8.985,8.779333333,9.123333333,9.173,9.536,9.497666667,9.564333333,9.783333333,9.813333333,9.914666667,9.914,10.03733333,9.994,10.07566667,10.146,10.19033333,10.28566667,10.27033333,10.15166667,10.31433333,10.33333333,10.41933333,10.353,10.50033333,10.43866667,10.28566667,10.45766667,10.176,10.43433333,10.31466667,10.21566667,10.11966667,10.21433333,10.21933333,10.145,10.17166667
,,MG1655 proV::kan,,,0.015666667,0.040333333,0.052,0.134666667,0.213333333,0.295,0.313,0.259,0.325666667,0.389,0.408,0.442666667,0.524666667,0.448333333,0.481333333,0.492666667,0.497666667,0.481333333,0.488,0.583333333,0.507333333,0.484,0.494,0.605666667,0.513,0.533333333,0.521666667,0.572,0.521333333,0.607666667,0.518666667,0.542333333,0.636333333,0.568666667,0.513,0.588,0.58,0.584666667,0.561666667,0.579666667,0.475666667,0.579,0.618333333,0.625333333,0.492,0.652666667,0.588666667,0.55,0.628666667,0.638666667,0.534,0.514,0.625333333,0.591333333,0.505333333,0.571333333,0.620666667,0.571666667,0.474666667,0.561333333,0.566666667,0.57,0.703,0.582666667,0.654,0.582666667,0.588333333,0.591333333,0.598666667,0.651,0.697,0.687,0.751333333,0.648666667,0.746,0.73,0.752333333,0.779666667,0.708333333,0.660666667,0.738666667,0.801333333,0.671666667,0.806666667,0.681333333,0.718,0.708666667,0.908666667,0.754,0.725666667,0.747333333,0.776,0.738,0.825,0.767,0.85,0.841,0.930333333,0.957,0.882333333,0.814,0.908,1.015333333,0.974666667,1.004666667,1.07,0.991666667,1.050666667,1.100666667,1.172333333,1.193666667,1.099333333,1.145333333,1.216,1.253,1.257666667,1.366666667,1.337333333,1.334,1.325333333,1.410333333,1.458,1.458666667,1.572333333,1.643,1.52,1.681333333,1.691,1.690666667,1.748333333,1.805333333,1.824666667,1.815333333,1.862333333,1.964333333,1.872,2.072666667,2.012333333,2.120333333,2.327666667,2.232,2.28,2.464333333,2.498666667,2.499333333,2.493,2.637,2.56,2.589666667,2.693666667,2.739,2.821,2.911,3.073666667,3.063666667,3.046333333,3.189333333,3.227,3.316666667,3.369666667,3.450666667,3.469,3.562666667,3.669,3.689333333,3.882666667,3.782,4.046333333,4.048333333,4.027
,,MG1655 ybjL::kan,,,0,0.115666667,0.288333333,0.419333333,0.658666667,0.67,0.718666667,0.762,0.786666667,0.791333333,0.815333333,0.820666667,0.795333333,0.860333333,0.871666667,0.871333333,0.837,0.879666667,0.856,0.846666667,0.827666667,0.878666667,0.792666667,0.798,0.745,0.735333333,0.674666667,0.679666667,0.772666667,0.715333333,0.758333333,0.716333333,0.753333333,0.797666667,0.733666667,0.711333333,0.81,0.804333333,0.743,0.760666667,0.81,0.722666667,0.751,0.815666667,0.874333333,0.834666667,0.847,0.904666667,0.917,0.925,0.947333333,0.936,0.962333333,0.937333333,1.023666667,0.984,0.977333333,1.015333333,1.060333333,1.138,1.084,1.031666667,1.193,1.13,1.191333333,1.187666667,1.174,1.234,1.241666667,1.275666667,1.292666667,1.310333333,1.261,1.367666667,1.37,1.391333333,1.519666667,1.48,1.504666667,1.619333333,1.621,1.722,1.821,1.870333333,1.85,1.924666667,1.867666667,2.153,2.122333333,2.179,2.239,2.382,2.382,2.602666667,2.583333333,2.704333333,2.771333333,2.888666667,3.107333333,3.202666667,3.298,3.441333333,3.536,3.575,3.851,3.894666667,4.010333333,4.199333333,4.422333333,4.496333333,4.599,4.901333333,4.895333333,5.048666667,5.241666667,5.31,5.652666667,5.78,5.922666667,6.204,6.190333333,6.429333333,6.759333333,6.966666667,6.983,7.068333333,7.450333333,7.626333333,7.622333333,7.883666667,8.169666667,8.316,8.561,8.762,8.812333333,9.209,9.180333333,9.229333333,9.554666667,9.965,9.879,10.27966667,10.54766667,10.64833333,10.56233333,10.98266667,11.131,11.33633333,11.53366667,11.48933333,11.595,11.947,12.08233333,12.05366667,12.20666667,12.45733333,12.72933333,13.02566667,13.117,13.25833333,13.232,13.37866667,13.34666667,13.66833333,13.59866667,13.774,14.00566667,13.96233333,14.06433333,13.80933333
,,MG1655 ?kgtP proV::kan,,,0.046,0.086333333,0.283,0.359,0.44,0.495333333,0.514666667,0.554333333,0.594,0.527,0.584333333,0.590666667,0.579,0.663,0.668,0.651666667,0.675333333,0.659333333,0.723,0.761333333,0.694333333,0.662333333,0.672,0.726666667,0.633666667,0.673,0.642666667,0.645666667,0.594666667,0.623666667,0.630333333,0.682666667,0.594666667,0.718,0.567,0.622333333,0.681666667,0.696666667,0.644666667,0.739666667,0.692666667,0.729,0.816333333,0.832333333,0.737666667,0.879,0.843666667,0.786333333,0.845333333,0.913,0.922666667,0.941,0.966666667,1.027666667,1.047,1.151,1.114333333,1.141,1.121,1.15,1.243,1.130333333,1.225333333,1.276666667,1.301333333,1.401,1.388,1.467333333,1.56,1.535,1.563333333,1.649,1.713,1.773333333,1.783,1.874666667,1.913333333,1.99,2.117333333,2.202666667,2.241,2.314,2.412333333,2.535666667,2.545666667,2.713,2.77,2.932,3.01,3.089666667,3.273666667,3.530333333,3.682333333,3.716333333,3.832,4,4.113,4.287,4.481333333,4.773666667,4.891333333,5.019,5.221333333,5.467666667,5.682666667,6.074333333,6.215,6.454666667,6.633333333,7.007,7.292333333,7.438,7.791333333,8.150333333,8.386333333,8.703,8.876666667,9.419666667,9.519666667,10.06833333,10.09333333,10.676,10.87533333,11.26466667,11.54833333,11.639,11.863,11.87966667,12.10166667,12.04166667,12.39466667,12.35333333,12.55633333,12.557,12.85166667,12.58966667,12.84766667,12.845,12.93933333,13.15066667,13.256,13.021,13.331,13.445,13.459,13.58633333,13.431,13.72966667,13.56966667,13.567,13.49233333,13.51733333,13.473,13.445,13.30133333,13.24866667,13.02766667,13.07833333,13.151,12.85166667,13.065,12.80966667,12.987,12.93633333,12.74166667,12.69766667,12.82466667,12.695,12.80733333,12.62833333
,,MG1655 ?kgtP ybjL::kan,,,0,0.102,0.202666667,0.226,0.239333333,0.335,0.271333333,0.289333333,0.344666667,0.304,0.365333333,0.329333333,0.317333333,0.261333333,0.273333333,0.367666667,0.327666667,0.297,0.327666667,0.213,0.251333333,0.215333333,0.225,0.207333333,0.148333333,0.162333333,0.163333333,0.219333333,0.196666667,0.196666667,0.198,0.248666667,0.206333333,0.25,0.258333333,0.298,0.277333333,0.304333333,0.291666667,0.349666667,0.359,0.316333333,0.349666667,0.346666667,0.413,0.409,0.441,0.469666667,0.458666667,0.541,0.477333333,0.516333333,0.608333333,0.601333333,0.611,0.640666667,0.686666667,0.681666667,0.702333333,0.701333333,0.801333333,0.807,0.923,0.887,0.943,0.954,1.009,1.022,1.027,1.124,1.116333333,1.232,1.275333333,1.308666667,1.306333333,1.393333333,1.474666667,1.544333333,1.582,1.658333333,1.712666667,1.862666667,1.912333333,1.976,2.055666667,2.115333333,2.267333333,2.419666667,2.511,2.556333333,2.741,2.855,2.978666667,3.110666667,3.275333333,3.480666667,3.544666667,3.574666667,3.830333333,3.92,4.145,4.370333333,4.434333333,4.723666667,4.850666667,5.134666667,5.307333333,5.344,5.666666667,5.965333333,6.200333333,6.297,6.528666667,6.857666667,6.981333333,7.119666667,7.377,7.444333333,7.812333333,8.121,8.385666667,8.462,8.498666667,8.86,9.324666667,9.290666667,9.305666667,9.617333333,9.935666667,10.037,10.18933333,10.50166667,10.647,10.65833333,10.89666667,11.12233333,11.333,11.128,11.33666667,11.49166667,11.56766667,11.58333333,11.671,11.76433333,11.79933333,11.84133333,11.88733333,11.80333333,11.769,11.803,11.815,11.794,11.757,11.853,11.66166667,11.763,11.59633333,11.63133333,11.63666667,11.566,11.55066667,11.543,11.633,11.631,11.51833333,11.66733333,11.585,11.61766667,11.629,11.61766667
,,MG1655 ?kgtP sspA::kan,,,0.616666667,0.438333333,0.123333333,0.012666667,0.055666667,0.143333333,0.157333333,0.227666667,0.318,0.337333333,0.426666667,0.406333333,0.434666667,0.396333333,0.451,0.446,0.499333333,0.481333333,0.518,0.432333333,0.461,0.449666667,0.488,0.477,0.44,0.442333333,0.374333333,0.452333333,0.420666667,0.487666667,0.448,0.432666667,0.392,0.412,0.423,0.489,0.451333333,0.457,0.472666667,0.443333333,0.415,0.393333333,0.453,0.45,0.460333333,0.505333333,0.479666667,0.441333333,0.423,0.492,0.538333333,0.471,0.429666667,0.5,0.433333333,0.461333333,0.471666667,0.402666667,0.449666667,0.526666667,0.563,0.526,0.516333333,0.567333333,0.554333333,0.586333333,0.535333333,0.576666667,0.554666667,0.568,0.605666667,0.662666667,0.612,0.653,0.692,0.668333333,0.659666667,0.783666667,0.768666667,0.720666667,0.673666667,0.756,0.826,0.807666667,0.873666667,0.823333333,0.89,0.870666667,1.032666667,0.896666667,1.023333333,1.052,1.032666667,1.093,1.093,1.213666667,1.118333333,1.216666667,1.255,1.312,1.254666667,1.379,1.369333333,1.455333333,1.531,1.451333333,1.604666667,1.594333333,1.655,1.681,1.813333333,1.831666667,1.937333333,1.978,1.931333333,2.035,2.122666667,2.162,2.303,2.282,2.322333333,2.37,2.530666667,2.629,2.610666667,2.663666667,2.782333333,2.828,2.858333333,3.009,3.114,3.153666667,3.219,3.079666667,3.307666667,3.215666667,3.388,3.402,3.423333333,3.593,3.526333333,3.625,3.747666667,3.779333333,3.754,3.902333333,4.019333333,3.940666667,4.032,4.046,4.139666667,4.189333333,4.254333333,4.474333333,4.311666667,4.258333333,4.395666667,4.390333333,4.422666667,4.436,4.518333333,4.631,4.502666667,4.523666667,4.626,4.515666667,4.693333333,4.632333333,4.705,4.651333333
,,MG1655 ?kgtP ?proV ybjL::kan,,,0.057333333,0.064333333,0.178666667,0.295,0.344333333,0.549333333,0.480666667,0.670666667,0.732666667,0.676666667,0.625,0.679333333,0.650333333,0.687666667,0.637333333,0.631333333,0.617666667,0.61,0.684333333,0.570333333,0.541666667,0.548333333,0.567333333,0.622666667,0.586666667,0.578666667,0.682333333,0.694,0.643333333,0.71,0.718,0.722,0.758,0.806666667,0.769666667,0.806666667,0.759666667,0.851333333,0.886333333,0.914666667,0.924666667,0.912333333,0.991,1.026333333,0.979,1.091333333,1.066,1.085,1.142666667,1.097,1.191,1.286333333,1.330666667,1.353333333,1.534666667,1.468333333,1.478,1.541666667,1.646666667,1.646666667,1.761666667,1.799333333,1.923666667,1.936333333,2.048333333,2.137,2.181666667,2.299666667,2.362666667,2.365333333,2.509333333,2.595666667,2.649333333,2.749,2.890333333,2.833333333,2.982333333,3.032,3.271333333,3.443,3.450333333,3.82,3.898333333,3.952333333,4.051,4.377,4.577,4.691,5.135,5.227,5.430333333,5.868,5.839666667,6.229666667,6.585,7.019,7.377333333,7.758666667,7.989666667,8.076666667,8.761666667,9.238666667,9.438333333,10.031,10.50633333,11.08066667,11.41333333,11.785,12.66366667,13.235,13.47933333,13.97833333,14.23966667,14.84833333,14.96,15.255,15.43533333,16.02533333,16.19,16.678,17.38466667,17.55633333,17.71833333,18.57066667,19.233,19.01733333,19.03233333,18.58166667,18.60266667,18.45766667,18.31466667,18.516,18.105,17.97366667,18.322,18.25233333,17.98433333,18.197,18.01166667,18.063,17.90066667,18.14166667,17.93533333,17.88,18.04333333,18.299,18.30966667,18.01266667,18.12933333,18.03166667,18.22633333,17.96833333,18.14033333,17.98733333,18.083,17.903,18.03,17.99766667,17.832,17.81533333,18.119,18.08966667,18.16466667,18.09833333,17.91733333,17.88033333,17.95466667,18.301,17.896,17.97633333
,,,,,,,,,,,,,,,,,,,,,,,,,,,,,,,,,,,,,,,,,,,,,,,,,,,,,,,,,,,,,,,,,,,,,,,,,,,,,,,,,,,,,,,,,,,,,,,,,,,,,,,,,,,,,,,,,,,,,,,,,,,,,,,,,,,,,,,,,,,,,,,,,,,,,,,,,,,,,,,,,,,,,,,,,,,,,,
,stdevs,MG1655,,,0.019629909,0.104963486,0.063663176,0.074,0.113925414,0.105057127,0.05745723,0.027221315,0.145548388,0.069375788,0.087145472,0.093050166,0.0739076,0.091631508,0.056293872,0.053351039,0.072452283,0.036295087,0.039715656,0.076657246,0.076657246,0.085277977,0.056518434,0.072670489,0.030859898,0.038974351,0.054270925,0.058275209,0.068339837,0.081541401,0.194567041,0.115295273,0.210770808,0.13158394,0.096690227,0.144914918,0.161080725,0.131974745,0.082524744,0.12124768,0.156815178,0.169141952,0.148354306,0.149131933,0.188606292,0.172200465,0.143429425,0.154211975,0.028290163,0.112467773,0.087726849,0.10407209,0.111401676,0.139155788,0.112081815,0.12817176,0.082621628,0.081733306,0.054372174,0.173424335,0.058275209,0.196923843,0.111401676,0.127594409,0.125646329,0.126468705,0.160503375,0.163670401,0.179033516,0.205855127,0.086954011,0.082032514,0.153392742,0.174140748,0.187328588,0.180378306,0.086587143,0.125133262,0.139220449,0.054372174,0.142712999,0.044170126,0.142010563,0.128873323,0.054083269,0.114162165,0.173050089,0.138318473,0.138774397,0.139700871,0.1255322,0.152585495,0.168252786,0.145328364,0.137524543,0.225763888,0.167089796,0.134336642,0.161789987,0.138225661,0.097500427,0.227290563,0.138225661,0.220463905,0.223947166,0.142010563,0.154111432,0.237253732,0.236038839,0.234245598,0.204516503,0.194021476,0.237740054,0.240136073,0.363214812,0.233388803,0.269334365,0.154647987,0.14404976,0.329622511,0.242649954,0.337348979,0.373807883,0.35905617,0.238509958,0.39475351,0.376320785,0.313879489,0.374961331,0.387667813,0.411350216,0.440661246,0.296769832,0.312442528,0.438504656,0.313027688,0.425331635,0.455030036,0.483005521,0.358246191,0.373538485,0.352193602,0.342745289,0.269787571,0.492915138,0.227739617,0.396714423,0.195786448,0.298181153,0.225011852,0.297202512,0.385955092,0.251984788,0.111401676,0.389740084,0.240393428,0.41104055,0.303556145,0.4267345,0.555602676,0.455886316,0.598667131,0.340824491,0.400386064,0.313056438,0.537345637,0.489807105,0.602369765,0.467716082,0.411146365
,,ADIP1-9,,,0.173948268,0.146371104,0.055154329,0.095459415,0,0.007071068,0.101823376,0.189504617,0.12091526,0.165462987,0.094752309,0.156977705,0.183847763,0.124450793,0.089095454,0.154856385,0.217081782,0.193747258,0.216374675,0.074953319,0.135764502,0.058689863,0.260922402,0.22415285,0.078488853,0.141421356,0.26587215,0.141421356,0.201525433,0.181726443,0.144249783,0.18243355,0.12091526,0.20647518,0.06151829,0.165462987,0.183140656,0.14495689,0.165462987,0.1668772,0.084145707,0.26587215,0.1668772,0.32951176,0.165462987,0.28567114,0.143542677,0.245366053,0.161927453,0.166170094,0.161220346,0.385373196,0.465983369,0.424971175,0.546593542,0.487196572,0.322440692,0.542350901,0.281428499,0.361331565,0.550129076,0.625789501,0.100409163,0.647002705,0.709935208,0.403757972,0.323147799,0.181726443,0.848528137,0.846406817,0.485075252,0.343653896,1.011162697,1.012576911,0.847821031,0.487903679,0.665387481,1.093187084,0.522551911,1.210566809,0.439113311,0.399515331,1.126421102,0.941866233,0.762968217,0.497096067,0.356381818,0.819536759,0.92489567,1.161069335,1.54432121,1.141270345,1.060660172,1.044396716,0.72266313,0.560028571,0.80185909,1.083287589,1.451690222,0.438406204,0.156977705,0.504167135,0.519016377,0.868327127,1.249457682,1.548563851,0.603162084,1.185110965,1.187232286,0.481539718,0.82165808,0.229809704,0.86337738,0.55790725,0.864084487,1.051467784,1.411385135,0.767210858,1.376736903,0.744583441,0.485782359,1.13349217,0.806808837,1.277034847,0.807515944,0.377595021,0.787009847,0.804687517,0.828022041,0.622961074,1.431891232,0.82590072,1.127835316,0.950351514,0.101823376,0.893075865,1.237436867,0.505581349,1.457347076,1.417749096,0.444770165,0.569220959,1.092479977,1.170261723,1.27420642,0.871155554,1.29824805,0.911460641,0.956715475,0.810344371,0.364867099,0.980049999,1.744432429,0.830850468,1.257235857,1.138441918,0.139300036,1.33996735,0.468104689,0.648416918,0.630739249,0.608818939,1.15329116,1.560584666,0.72266313,0.806808837,1.33572471,1.436133873,0.759432683,0.646295598
,,ADIP4-8,,,0.109418158,0.001,0.065736849,0.107686273,0.085336588,0.076008771,0.07559321,0.101795547,0.102102889,0.048839874,0.072597061,0.060335175,0.055054518,0.029905406,0.05404936,0.101401841,0.040698075,0.030347982,0.029737743,0.017785762,0.002645751,0.047120413,0.029670412,0.026764404,0.061579217,0.06090156,0.026312228,0.119809571,0.079018985,0.135404333,0.01266228,0.070500591,0.074,0.040203648,0.063121576,0.112544806,0.020305993,0.087231493,0.025865034,0.070811958,0.054286278,0.100179838,0.102549175,0.076559345,0.112544806,0.103079258,0.087231493,0.104040056,0.017214335,0.055895736,0.224733917,0.146172273,0.13159154,0.142095039,0.162369948,0.074144004,0.250173939,0.290615439,0.249151226,0.117741242,0.217656457,0.19082016,0.184147586,0.170994152,0.166049189,0.306178597,0.195041876,0.199535293,0.241330341,0.27419397,0.346095844,0.462308699,0.444112974,0.359310915,0.380842925,0.397531131,0.147140522,0.402444199,0.38699354,0.478392099,0.382310084,0.601096775,0.544170316,0.445319361,0.451446933,0.599221439,0.375215049,0.439925372,0.314792524,0.31581693,0.134366414,0.246829901,0.509938558,0.379057164,1.484017969,0.564967256,0.20811295,0.769124827,0.661048662,0.577047947,0.719447936,0.565620898,0.650895793,0.461191211,0.126381697,0.521092122,0.350163295,0.413372713,0.570570183,0.495342642,0.356168967,0.611493527,0.426003521,0.583020583,0.55353139,0.468660858,0.938524374,0.354612935,0.502936709,0.739896164,1.022547961,0.866931562,0.717923626,0.906549686,0.565976148,0.948275804,0.593485467,0.965004318,0.582667143,0.966645919,0.972373042,0.684721841,0.820429359,0.571714381,0.526838052,0.650784399,0.513574078,0.5180222,0.584073055,1.035794059,0.718005571,0.91884402,0.609892887,0.695098075,0.711116259,0.555177749,0.728936897,0.807372487,1.007190647,0.569266487,0.537945474,0.985442709,0.701688202,0.609659194,0.503389842,0.632004219,0.804758556,0.674064537,0.728918605,0.766211677,0.956439927,0.838860537,0.665301686,0.701525005,0.652550637,0.809837638,1.101775083,0.709663535,0.657100703,0.647708525
,,ADIP6-3,,,0.046651188,0,0.088523067,0.045181117,0.030237945,0.053674948,0.052564246,0.012013881,0.091689694,0.021733231,0.064933299,0.122,0.062931179,0.063663176,0.045825757,0.066108497,0.086633327,0.092081486,0.118094595,0.032347076,0.113503304,0.073527773,0.149679658,0.111894295,0.128968989,0.040153871,0.095283787,0.089074875,0.046776062,0.035809682,0.054629052,0.043714986,0.054003086,0.088068155,0.03300505,0.02136196,0.045346812,0.027495454,0.106056589,0.022368132,0.020792627,0.071318534,0.031533051,0.084160561,0.098459806,0.004582576,0.030353473,0.020428738,0.100231399,0.020792627,0.019502137,0.077745311,0.083500499,0.052576928,0.040501029,0.096230626,0.106086443,0.152519944,0.019157244,0.0865236,0.136287686,0.144028932,0.046808119,0.120525239,0.135680998,0.085737973,0.161174853,0.245980352,0.190549206,0.133657523,0.143843665,0.148522726,0.106086443,0.159418736,0.289152785,0.35667352,0.061581924,0.3194417,0.218003058,0.46028397,0.470953642,0.30164604,0.191564611,0.183592847,0.165702545,0.171762433,0.323873947,0.561347486,0.346854917,0.344387863,0.409,0.841038842,0.427816549,0.403530668,0.474823125,0.475588407,0.302560738,0.157087025,0.224835495,0.115182464,0.346471259,0.067579583,0.286007576,0.08863596,0.158664216,0.115182464,0.383643498,0.361546677,0.301093562,0.228107431,0.124001344,0.074839829,0.375223045,0.395526653,0.116051713,0.222441753,0.072210341,0.212231792,0.300521214,0.175667299,0.243787476,0.07566373,0.165167592,0.059101607,0.103355374,0.100801786,0.332364759,0.281748706,0.058045959,0.103876529,0.208135373,0.2166341,0.13170548,0.046776062,0.22695888,0.123710684,0.013076697,0.306344577,0.09407621,0.201956266,0.042442117,0.29822363,0.21627837,0.210969192,0.131670042,0.278643739,0.277691075,0.204000817,0.269685619,0.203681942,0.07921069,0.091089699,0.235572353,0.16599498,0.394885215,0.263801061,0.245504243,0.162173775,0.226442782,0.303233134,0.393874769,0.107611957,0.233364522,0.333881716,0.372302744,0.207464053,0.371129358,0.299651464,0.189637373,0.287009291
,,ADIP8-3,,,0.033709544,0,0.031564748,0.094479275,0.019218047,0.045825757,0.06603282,0.112447025,0.120790452,0.108859236,0.139843961,0.124134336,0.078545104,0.111446549,0.119642523,0.17246159,0.094659037,0.1258266,0.140801278,0.125862359,0.125862359,0.139700871,0.108546457,0.136873421,0.10398237,0.102831578,0.093114625,0.111590023,0.173162737,0.200140784,0.224063235,0.288991926,0.307011943,0.315501189,0.302107597,0.302361263,0.443633107,0.453565137,0.434939459,0.474316702,0.434939459,0.541587789,0.741978661,0.66863742,0.644858899,0.724022099,0.736563869,0.950557205,0.881503829,0.999016183,0.963548822,1.129790394,1.129033362,1.138423032,1.260952418,1.320006061,1.194266721,1.322924916,1.408752048,1.446137269,1.578909223,1.790352759,1.775080937,1.957383543,1.967949949,1.913886709,2.033096243,2.226447619,2.147523535,2.34245434,2.403846154,2.445280625,2.510867845,2.584257405,2.88914849,3.149076267,2.910531624,3.237220464,2.883271232,3.386355908,3.38481772,3.498500441,3.483449631,3.600841152,3.703892142,3.730002189,3.889958397,3.894314103,4.013598012,4.142378584,4.130007789,4.409532893,4.321279247,4.842706922,4.411443339,4.413294952,4.522656999,4.751838381,4.800082951,4.821970275,4.225307721,4.419678533,4.253520228,3.890216746,4.148441434,3.979562078,3.40110928,3.653871965,3.393329928,3.118881049,3.095046419,2.914870552,2.780380729,1.983661009,1.900649977,1.843185558,1.080814045,1.016116135,0.651893652,0.316042719,0.49124366,0.73375768,0.381518457,0.536104778,0.301887948,0.090555692,0.748599581,1.139475903,0.797120443,0.645568225,0.526232205,0.611266172,0.621206085,0.334081327,0.377394135,0.391623544,0.269896894,0.055644706,0.666289226,0.044799554,0.264592139,0.771496598,0.280093437,0.506652083,0.39665098,0.278613233,0.685952136,0.601142523,0.421287313,0.576607608,0.631056522,0.285049119,0.203619744,0.065064071,0.288496678,0.454044418,0.102573551,0.108124928,0.123597465,0.282351436,0.588033162,0.41375637,0.463897977,0.265362017,0.19712179,0.174077569,0.046929024,0.142516666,0.469372276,0.249032796
,,MG1655 kgtP::kan,,,0.025238859,0,0.064373908,0.040066611,0.023388031,0.086800538,0.028827071,0.076177424,0.044635561,0.099721278,0.102480893,0.092081486,0.034063666,0.100758788,0.112,0.051971146,0.118646534,0.045720163,0.101533246,0.003,0.058557664,0.040261644,0.03362043,0.066775744,0.073357572,0.115234543,0.089578643,0.069716091,0.047148701,0.014,0.016258331,0.080276605,0.014,0.042594992,0.059924953,0.079588525,0.147959454,0.030199338,0.06236452,0.092795474,0.068549252,0.13455606,0.016093477,0.040869712,0.102104522,0.057552874,0.031134118,0.078290059,0.073749576,0.120253898,0.056709788,0.033955854,0.052848841,0.025006666,0.098772466,0.065622659,0.127680591,0.052,0.06060528,0.074906609,0.154975267,0.144306387,0.046317743,0.119181934,0.095660859,0.032,0.086031002,0.20463952,0.226694361,0.078436811,0.122503061,0.090561213,0.04590207,0.128020832,0.062139628,0.171803182,0.135103664,0.138153296,0.135103664,0.087538563,0.118191934,0.14350029,0.137827186,0.208429844,0.192967182,0.133331667,0.240193672,0.208429844,0.232,0.261230422,0.288220402,0.208252251,0.277178643,0.256188082,0.266737699,0.310799507,0.381342803,0.201933157,0.317926092,0.145254948,0.37670457,0.426966431,0.305760255,0.30412333,0.32130567,0.412585749,0.412349771,0.392201904,0.399499687,0.322034677,0.464230905,0.45488057,0.399499687,0.485460949,0.402806405,0.449453372,0.278318762,0.447721267,0.536150476,0.516692365,0.434173161,0.282092774,0.415613202,0.569445344,0.4598536,0.608091276,0.441385697,0.566844188,0.234777199,0.209612341,0.260438092,0.308996764,0.599253146,0.480163514,0.243846263,0.370013964,0.362050181,0.297375184,0.269011152,0.165907605,0.17772263,0.210557197,0.313544787,0.216569465,0.166279885,0.515864646,0.188835908,0.365710724,0.139344896,0.102163268,0.166025099,0.128157455,0.121943976,0.138954429,0.112171,0.127523854,0.190007895,0.132296384,0.069586876,0.381294287,0.101278494,0.082346828,0.091882171,0.128881082,0.158859477,0.125778907,0.025501634,0.132760436,0.109890855,0.157424056
,,MG1655 proV::kan,,,0.024583192,0.03863073,0.048135226,0.060185823,0.082403479,0.122294726,0.062233432,0.045033321,0.081094595,0.055108983,0.034044089,0.098510575,0.231709588,0.067892071,0.097909822,0.036087856,0.05340724,0.061889687,0.11621962,0.225171786,0.036665151,0.104057676,0.076609399,0.095379942,0.088357229,0.126211463,0.024193663,0.088707384,0.135692053,0.170942485,0.080351312,0.066425397,0.220584073,0.125049324,0.023811762,0.153727031,0.073695319,0.100917458,0.126429163,0.100619746,0.06757465,0.137706209,0.169824419,0.02532456,0.057375953,0.056976603,0.083859009,0.052086467,0.064291005,0.095500436,0.122135171,0.138621788,0.151335169,0.174626268,0.012220202,0.126512187,0.203843895,0.105604608,0.006110101,0.091816847,0.10715565,0.150003333,0.293177421,0.022368132,0.197734671,0.091248744,0.105377101,0.122532989,0.106265391,0.177685115,0.093311307,0.233411654,0.170907382,0.221680701,0.206588964,0.196114762,0.153588194,0.249834612,0.284649492,0.091007326,0.203838989,0.2336864,0.106781709,0.21814292,0.09078179,0.174450566,0.189413129,0.276000604,0.145254948,0.0865236,0.061581924,0.265840178,0.130184484,0.075106591,0.111861522,0.046518813,0.249140523,0.176868124,0.2225938,0.16317271,0.151026488,0.032511536,0.319055377,0.1399619,0.220000758,0.090349322,0.12308669,0.164329953,0.172047474,0.173061646,0.137318365,0.131492712,0.043775945,0.108862298,0.219642892,0.120732487,0.004163332,0.067485801,0.090421236,0.119274194,0.151186419,0.165782991,0.2143113,0.089001873,0.205160912,0.146010274,0.038188131,0.186201504,0.048128301,0.150818876,0.219436399,0.174313893,0.101080826,0.108666155,0.136690648,0.175137089,0.220300552,0.159079645,0.150480342,0.070493499,0.152285915,0.083594258,0.226102484,0.255895161,0.264220236,0.035510562,0.075019997,0.067549981,0.133717364,0.125324911,0.075940766,0.122110606,0.067549981,0.09872352,0.139432182,0.107853295,0.116629042,0.229128785,0.074473709,0.287628812,0.079657601,0.075019997,0.214210955,0.152285915,0.22982022,0.169210914,0.263740403,0.186146,0.128204264,0.168769073
,,MG1655 ybjL::kan,,,0,0.024826062,0.077552133,0.030501366,0.073214297,0.076707236,0.032005208,0.072187256,0.117287396,0.119976387,0.064236542,0.096178653,0.042193996,0.078034181,0.095196288,0.066890458,0.090967027,0.058320951,0.074505033,0.056323471,0.063947895,0.026274195,0.051597804,0.106775465,0.011,0.041645328,0.066785727,0.041186567,0.075221894,0.034268547,0.041295682,0.074069787,0.153500271,0.063137416,0.042099089,0.041645328,0.041868843,0.078799323,0.04095119,0.041186567,0.066573268,0.053163271,0.024576411,0.066935292,0.019502137,0.091358269,0.081461647,0.058526347,0.091043945,0.024758837,0.091308999,0.025514702,0.063137416,0.157090208,0.168707834,0.069202601,0.046500896,0.035388322,0.046500896,0.116051713,0.067357256,0.024785749,0.082456049,0.106663021,0.150387278,0.095007017,0.019519221,0.041761226,0.091784167,0.067263165,0.065858434,0.058449408,0.1667723,0.089890674,0.03579106,0.019502137,0.020033306,0.066505639,0.035949038,0.039929104,0.071421285,0.099453507,0.066902915,0.122320617,0.150691738,0.108029317,0.065911557,0.050921508,0.142514327,0.192533114,0.081430952,0.278560586,0.106531685,0.076774562,0.154765414,0.21808561,0.106828523,0.095479492,0.192886841,0.083530434,0.223242021,0.148648355,0.251215047,0.074538581,0.208432243,0.240674746,0.16973607,0.20608089,0.139733079,0.122202019,0.159690325,0.221597232,0.20608089,0.306075699,0.213319791,0.206116472,0.306522974,0.338634021,0.251090289,0.152009868,0.2645871,0.230031157,0.283644731,0.307262646,0.152797251,0.282376227,0.167679257,0.35584594,0.221202019,0.10715565,0.425489522,0.233115851,0.233115851,0.489335263,0.441774075,0.551568672,0.335418147,0.116808961,0.41332836,0.140114239,0.335447462,0.525183143,0.2489123,0.221590463,0.350485853,0.321437915,0.411976941,0.680602919,0.476324819,0.527545575,0.356555746,0.4140954,0.497410628,0.216116481,0.18920976,0.163001022,0.497433748,0.48412223,0.083624159,0.220500189,0.671880198,0.390707478,0.498606391,0.263898339,0.233258083,0.315361697,0.646367027,0.257826169,0.590525472,0.397067165
,,MG1655 ?kgtP proV::kan,,,0.039849718,0.14953372,0.129108482,0.201342991,0.152915009,0.130542458,0.200729503,0.136456342,0.178429258,0.128992248,0.212349555,0.191729845,0.165254349,0.149221312,0.261570258,0.173753657,0.182921659,0.21727939,0.195517263,0.323391919,0.212965568,0.18707307,0.211026065,0.228048971,0.214896099,0.223329353,0.166764305,0.197125172,0.197297576,0.195041876,0.238864676,0.185688808,0.321984989,0.276949454,0.180407871,0.288723628,0.226040557,0.189927179,0.189927179,0.188982362,0.298094504,0.228777184,0.269136273,0.232906276,0.194582459,0.120610945,0.212942089,0.1794055,0.190305894,0.233295949,0.218500191,0.186244463,0.178808091,0.250617903,0.180673739,0.250233891,0.24588683,0.203221554,0.155251409,0.203221554,0.233295949,0.195536015,0.220692848,0.202663103,0.209867418,0.212783928,0.266535176,0.209867418,0.281533302,0.181595705,0.239744308,0.243981557,0.219061635,0.172407463,0.221880599,0.1529586,0.18707307,0.224962219,0.249000669,0.196041662,0.259613174,0.18626057,0.247599138,0.242260879,0.18253858,0.206850187,0.22900655,0.269801779,0.217724597,0.223598599,0.206180342,0.128484759,0.23836177,0.195880916,0.265689669,0.272071682,0.297838883,0.23816171,0.256078764,0.34335453,0.292643697,0.267848838,0.284823337,0.30411237,0.454846494,0.350657002,0.478895604,0.368793077,0.523665288,0.32491999,0.265179813,0.356610432,0.526036437,0.552233043,0.520390558,0.458287028,0.456131925,0.755005519,0.558501865,0.675782016,0.681414949,0.84866778,0.759777818,0.753448959,0.836732534,0.640009375,0.655956553,0.336853578,0.308697803,0.462456845,0.395405277,0.691131198,0.529543514,0.657351504,0.745534931,0.903639493,0.619445182,0.726483998,0.660378932,0.571944345,0.761181319,0.730673662,0.672661133,0.570532208,0.932226904,0.831735735,1.146872704,0.772832668,0.660553051,0.8879634,0.595689796,0.613139734,0.485117512,0.731166192,0.702825962,0.459576254,0.45868326,0.560033332,0.398512233,0.739395925,0.398512233,0.618427306,0.271567671,0.673983927,0.31254813,0.260135221,0.169402873,0.245293702,0.360939515,0.360678989
,,MG1655 ?kgtP ybjL::kan,,,0,0.112200713,0.145108006,0.141361239,0.106603627,0.178033705,0.117099673,0.192474241,0.163982723,0.090620086,0.153167664,0.119692662,0.121857841,0.161494066,0.180721701,0.116091918,0.121549715,0.123729544,0.105039675,0.162520768,0.090666054,0.192255906,0.146857073,0.143514227,0.161939289,0.119558912,0.085007843,0.08704788,0.11895097,0.145606776,0.143258508,0.119001401,0.101618568,0.114319727,0.163420725,0.142853071,0.195451614,0.107825476,0.130062805,0.170353554,0.106578609,0.099485342,0.184177451,0.199229349,0.115191145,0.186128988,0.143655839,0.211284958,0.230011594,0.228656948,0.189579359,0.160313235,0.169800864,0.176664465,0.192631773,0.17307898,0.1310814,0.161500258,0.188354276,0.189043205,0.286908232,0.174034479,0.220959272,0.241165918,0.217770521,0.260023076,0.305707376,0.217770521,0.19331839,0.242851807,0.318418488,0.245928851,0.365262006,0.259519428,0.317449734,0.287362721,0.297323617,0.316790677,0.375575558,0.320206704,0.449004826,0.398487557,0.390656285,0.421155553,0.342818222,0.512415196,0.456360968,0.562353388,0.390015384,0.653716554,0.472005297,0.456535869,0.52738253,0.613421823,0.637500065,0.613958739,0.50588668,0.634534738,0.672907374,0.666388025,0.649651445,0.757039189,0.617576176,0.577281849,0.742046045,0.708378665,0.578026239,0.678991163,0.733625472,0.789309403,0.707389803,0.649231084,0.764288122,0.510031698,0.783941537,0.692339753,0.869611982,0.691505845,0.7806461,0.812596456,0.686846659,0.67502,0.668365419,0.771951423,0.581641069,0.80234552,0.683185431,0.523070104,0.719629303,0.589206246,0.744529605,0.555235386,0.579060446,0.568286313,0.660003283,0.672575894,0.686987627,0.563960992,0.660666583,0.701830701,0.593287732,0.764987799,0.792626646,0.776315872,0.874623538,0.792026725,0.758137411,0.830003815,0.850118227,0.814361099,0.800500468,0.849574599,0.8638611,0.873531339,0.973596083,0.616943271,0.933252556,0.734434703,0.808799316,0.724002072,0.774000861,0.632616788,0.89436961,0.858470733,0.708711742,0.539259987,0.804686896,0.743444909,0.691598872,0.712787018
,,MG1655 ?kgtP sspA::kan,,,0.098286995,0.105642479,0.016772994,0.02193931,0.055500751,0.035529331,0.107584076,0.093575282,0.130770792,0.085453691,0.106884673,0.052538874,0.07825812,0.07557998,0.066730802,0.088453378,0.132666248,0.152395319,0.13727345,0.041669333,0.089202018,0.085885583,0.026514147,0.087726849,0.042579338,0.033501244,0.03435598,0.071065697,0.031754265,0.070868423,0.044530888,0.043981057,0.033808283,0.061489837,0.044844175,0.060307545,0.058688443,0.130847239,0.089801633,0.144202404,0.08487049,0.073050211,0.062217361,0.04553021,0.065546421,0.087842662,0.073582154,0.105115809,0.103870111,0.110285992,0.174359781,0.163116523,0.043003876,0.113503304,0.128219863,0.09250045,0.193582885,0.154868762,0.17093956,0.244657584,0.15878602,0.229993478,0.265583006,0.242116363,0.258101401,0.270647988,0.216241377,0.282223906,0.345109161,0.247119404,0.301619517,0.30294609,0.379903935,0.37303217,0.39944837,0.374552177,0.384111095,0.384767895,0.462637367,0.414735257,0.476372053,0.536534249,0.501195571,0.584836159,0.663332747,0.633277454,0.630416529,0.655655651,0.712812972,0.781334969,0.806430613,0.753277505,0.860201333,0.888228011,0.92865548,0.917442823,0.9704444,0.907245465,1.104750198,1.134007055,1.107593036,1.241437473,1.208072983,1.395957497,1.332370819,1.291259205,1.556242055,1.469218273,1.511646784,1.585913932,1.631452523,1.708772756,1.810446446,1.761376734,1.862844688,1.865501809,2.009647067,1.970379913,2.22305488,2.187562342,2.207172248,2.24776311,2.409920607,2.384356517,2.592077224,2.588717507,2.582173761,2.63074077,2.716370066,2.814590023,2.968460207,2.956261209,3.084108137,2.950125817,3.158374476,3.053709602,3.12194859,3.078971094,3.122614343,3.245038212,3.173049847,3.21523234,3.325432954,3.359766857,3.326967989,3.49083204,3.491708798,3.4737486,3.376099969,3.454472898,3.585044677,3.568543447,3.601092936,3.700080314,3.573913868,3.578133778,3.649438633,3.457334281,3.601295508,3.638176879,3.671887843,3.663281725,3.568382313,3.465119959,3.659359507,3.445925178,3.608639263,3.567711638,3.532009626,3.498905734
,,MG1655 ?kgtP ?proV ybjL::kan,,,0.057500725,0.111428602,0.012503333,0.086608314,0.009291573,0.278607849,0.303216644,0.58459074,0.610251041,0.506077399,0.426553631,0.475538992,0.527398647,0.500863588,0.510051305,0.552235759,0.578624518,0.444676287,0.469963119,0.568690015,0.496654139,0.447880937,0.528159383,0.560014583,0.487770779,0.543829324,0.517090256,0.504749443,0.478351684,0.472935514,0.516538479,0.494840378,0.539614677,0.500552029,0.475622049,0.469490504,0.535343192,0.500410165,0.454459386,0.438976461,0.432451539,0.464518389,0.478507053,0.435534537,0.50750665,0.464532381,0.493027383,0.481629526,0.458148811,0.453725688,0.437716803,0.486889447,0.483531109,0.493129124,0.434177767,0.49093007,0.542708025,0.465678358,0.543948833,0.527675405,0.583868421,0.593012928,0.620475893,0.672550618,0.666520317,0.720650401,0.746148332,0.787663845,0.730308382,0.787530529,0.85854664,0.788638278,1.045555036,0.939514236,0.959830367,1.129768265,1.225016054,1.063631515,1.266991055,1.289956201,1.348506705,1.476086718,1.528471568,1.548362145,1.564003836,1.759143826,1.897338135,1.886950185,1.917155967,2.157229473,2.137996804,2.24885393,2.149739829,2.364091651,2.816820016,2.858827032,2.851212081,3.15163217,2.920809876,2.984894359,3.384555264,3.412789817,3.811518114,3.50835403,4.027772875,4.118010482,4.232071872,4.161663249,4.484074524,4.982784262,4.582575295,4.559427852,4.261355692,3.507707276,3.309908307,3.055537105,2.235635107,2.204242803,1.505322557,0.774242856,0.839402367,0.491500085,0.486889447,0.326613431,1.353807963,1.413455812,1.163643559,1.009974917,0.377468321,1.04400016,0.625620758,0.47350924,0.675798047,0.585681085,0.541786858,0.529615269,0.519917622,0.726244449,0.209533609,0.749132165,0.476715149,0.331036755,0.22365226,0.59285833,0.426159986,0.475580698,0.333275162,0.303730692,0.088748709,0.196166596,0.370446127,0.398136074,0.070436733,0.331852879,0.479779116,0.411471749,0.461455307,0.684871764,0.0661589,0.635262413,0.38266565,0.462504414,0.337274863,0.73271163,0.504771565,0.14623725,0.455054209,0.384610192,0.386403934,0.253129084
,,,,,,,,,,,,,,,,,,,,,,,,,,,,,,,,,,,,,,,,,,,,,,,,,,,,,,,,,,,,,,,,,,,,,,,,,,,,,,,,,,,,,,,,,,,,,,,,,,,,,,,,,,,,,,,,,,,,,,,,,,,,,,,,,,,,,,,,,,,,,,,,,,,,,,,,,,,,,,,,,,,,,,,,,,,,,,
,,,,,,,,,,,,,,,,,,,,,,,,,,,,,,,,,,,,,,,,,,,,,,,,,,,,,,,,,,,,,,,,,,,,,,,,,,,,,,,,,,,,,,,,,,,,,,,,,,,,,,,,,,,,,,,,,,,,,,,,,,,,,,,,,,,,,,,,,,,,,,,,,,,,,,,,,,,,,,,,,,,,,,,,,,,,,,
,,,,,,,,,,,,,,,,,,,,,,,,,,,,,,,,,,,,,,,,,,,,,,,,,,,,,,,,,,,,,,,,,,,,,,,,,,,,,,,,,,,,,,,,,,,,,,,,,,,,,,,,,,,,,,,,,,,,,,,,,,,,,,,,,,,,,,,,,,,,,,,,,,,,,,,,,,,,,,,,,,,,,,,,,,,,,,
,,,,,,,,,,,,,,,,,,,,,,,,,,,,,,,,,,,,,,,,,,,,,,,,,,,,,,,,,,,,,,,,,,,,,,,,,,,,,,,,,,,,,,,,,,,,,,,,,,,,,,,,,,,,,,,,,,,,,,,,,,,,,,,,,,,,,,,,,,,,,,,,,,,,,,,,,,,,,,,,,,,,,,,,,,,,,,
,,,,,,,,,,,,,,,,,,,,,,,,,,,,,,,,,,,,,,,,,,,,,,,,,,,,,,,,,,,,,,,,,,,,,,,,,,,,,,,,,,,,,,,,,,,,,,,,,,,,,,,,,,,,,,,,,,,,,,,,,,,,,,,,,,,,,,,,,,,,,,,,,,,,,,,,,,,,,,,,,,,,,,,,,,,,,,
,,,,,,,,,,,,,,,,,,,,,,,,,,,,,,,,,,,,,,,,,,,,,,,,,,,,,,,,,,,,,,,,,,,,,,,,,,,,,,,,,,,,,,,,,,,,,,,,,,,,,,,,,,,,,,,,,,,,,,,,,,,,,,,,,,,,,,,,,,,,,,,,,,,,,,,,,,,,,,,,,,,,,,,,,,,,,,
