,strain,compound,slope
0,proV_argG-1,putrescine,0.0988733282358037
1,proV-2,putrescine,0.10221609907485482
2,proV_rpsG1_spoT-3,putrescine,0.07133773225541919
3,PUTR3-1_1,putrescine,0.3590967235539375
4,proV_spoT-1,putrescine,0.0
5,PUTR8-10_3,putrescine,0.30950070746249714
6,proV_mreB-1,putrescine,0.2728465083336885
7,PUTR3-1_3,putrescine,0.3341719177109278
8,proV_spoT-3,putrescine,0.0
9,PUTR8-10_1,putrescine,0.3292598638181694
10,PUTR3-1_2,putrescine,0.3417904389984468
11,proV_rpsG1-2,putrescine,0.2031249151030615
12,proV-1,putrescine,0.08048284170312073
13,proV_rpsG1_argG-3,putrescine,0.2530901892156482
14,proV_ygaC_edd/zwf-2,putrescine,0.2529493517168277
15,proV_ygaC-3,putrescine,0.22718510933833805
16,proV_edd/zwf-2,putrescine,0.08402724901844737
17,rpsG1-1,putrescine,0.21559852235660804
18,proV_rpsG1_spoT-2,putrescine,0.11434191830218689
19,proV_spoT-2,putrescine,0.0
20,proV_rpsG1_mreB-2,putrescine,0.26411222238745474
21,proV-3,putrescine,0.24578255975613994
22,proV_mreB-2,putrescine,0.27778154933674476
23,proV_ygaC_edd/zwf-3,putrescine,0.2905645499763098
24,MG1655-2,putrescine,0.0
25,rpsG1-2,putrescine,0.23933718907256563
26,proV_argG-2,putrescine,0.16128180011510568
27,proV_rpsG1-3,putrescine,0.16096308185289837
28,proV_edd/zwf-3,putrescine,0.08066655638986957
29,proV_ygaC-2,putrescine,0.24812257246521138
30,PUTR8-10_2,putrescine,0.31530686322461343
31,rpsG1-3,putrescine,0.23462192226547585
32,proV_rpsG1-1,putrescine,0.18297824483888578
33,proV_argG-3,putrescine,0.11053416116974345
34,proV_edd/zwf-1,putrescine,0.11511943333217346
35,proV_rpsG1_argG-1,putrescine,0.2574964877265617
36,proV_rpsG1_spoT-1,putrescine,0.09577616772912047
37,proV_rpsG1_mreB-1,putrescine,0.2654505298002713
38,proV_mreB-3,putrescine,0.2605762173396249
39,proV_rpsG1_argG-2,putrescine,0.26258522618141933
40,proV_rpsG1_mreB-3,putrescine,0.27085158140983184
41,MG1655-3,putrescine,0.07827150321575771
42,MG1655-1,putrescine,0.0
43,proV_ygaC-1,putrescine,0.25468540263589223
44,proV_ygaC_edd/zwf-1,putrescine,0.223475279899685
45,HEXA1-1_3,hexanoate,0.6955456987098837
46,bioAB-3,hexanoate,0.2600375401250656
47,proQ-2,hexanoate,0.17444421260914317
48,HEXA2-9_3,hexanoate,0.5248746173035238
49,mdtK_ompR-2,hexanoate,0.28956133854847155
50,MG1655-2,hexanoate,0.21490415082279243
51,proQ-3,hexanoate,0.2028114312266415
52,ompR-1,hexanoate,0.2354999157615357
53,HEXA6-9_3,hexanoate,0.5088768144983045
54,mdtK-3,hexanoate,0.24945705286697775
55,HEXA4-10_2,hexanoate,0.7210940650467258
56,bioAB-1,hexanoate,0.22277342186767815
57,ptrA-3,hexanoate,0.2531700035300775
58,HEXA4-10_1,hexanoate,0.8629005629383403
59,mdtK-2,hexanoate,0.22770308795929986
60,HEXA6-9_1,hexanoate,0.5474250934755818
61,ompR-2,hexanoate,0.24930977159926818
62,mdtK_proQ-2,hexanoate,0.2023041364819268
63,ptrA-2,hexanoate,0.27331510023110206
64,mdtK_ptrA-2,hexanoate,0.2894250732002823
65,ptrA-1,hexanoate,0.2762788637718695
66,bioAB-2,hexanoate,0.2507066028037681
67,HEXA1-1_2,hexanoate,0.7357723229167574
68,mdtK-1,hexanoate,0.2341061427234775
69,mdtK_ptrA-1,hexanoate,0.2967642835799774
70,HEXA1-1_1,hexanoate,0.771065357855024
71,HEXA2-9_1,hexanoate,0.0
72,HEXA6-9_2,hexanoate,0.48180530195535337
73,ompR-3,hexanoate,0.2565655027810086
74,proQ-1,hexanoate,0.16597829265882647
75,HEXA2-9_2,hexanoate,0.580301577774763
76,mdtK_proQ-3,hexanoate,0.23205289984540792
77,mdtK_ompR-1,hexanoate,0.3269433476417357
78,HEXA4-10_3,hexanoate,0.8985580865136884
79,MG1655-3,hexanoate,0.22832609912184765
80,mdtK_proQ-1,hexanoate,0.2513136960153568
81,ompR_ptrA-2,hexanoate,0.22969449022477245
82,MG1655-1,hexanoate,0.20238902241128412
83,mdtK_ompR-3,hexanoate,0.34189318463908475
84,mdtK_ptrA-3,hexanoate,0.25999443175851866
85,ompR_ptrA-3,hexanoate,0.22449954450821633
86,ompR_ptrA-1,hexanoate,0.2432819798548213
87,metJ_purT-1,"2,3-butanediol",0.14931906705180964
88,relA-1,"2,3-butanediol",0.0
89,relA-3,"2,3-butanediol",0.0
90,metJ_acrB-3,"2,3-butanediol",0.1858696364361702
91,metJ_relA-2,"2,3-butanediol",0.058239563079791994
92,purT-1,"2,3-butanediol",0.0
93,metJ-3,"2,3-butanediol",0.1522153881630423
94,23BD6-1_2,"2,3-butanediol",0.27664583959211736
95,yfgF-3,"2,3-butanediol",0.025726939002493933
96,23BD2-4_3,"2,3-butanediol",0.41204919581054694
97,relA_purT-2,"2,3-butanediol",0.0
98,yfgF-1,"2,3-butanediol",0.0
99,metJ-2,"2,3-butanediol",0.13614231070883304
100,23BD7-4_2,"2,3-butanediol",0.507962532692381
101,23BD7-4_3,"2,3-butanediol",0.5096889373050564
102,fabR-1,"2,3-butanediol",0.0
103,metJ_relA-1,"2,3-butanediol",0.05970363499304896
104,23BD6-1_3,"2,3-butanediol",0.3006504285027813
105,purT-3,"2,3-butanediol",0.0
106,23BD2-4_2,"2,3-butanediol",0.4799476843614758
107,metJ_acrB-2,"2,3-butanediol",0.20600649564290852
108,metJ_purT-3,"2,3-butanediol",0.033021068989396773
109,23BD4-3_1,"2,3-butanediol",0.34666683973730333
110,metJ_relA-3,"2,3-butanediol",0.03333636905598403
111,fabR-2,"2,3-butanediol",0.0
112,metJ_purT-2,"2,3-butanediol",0.15117301259401525
113,relA_purT-1,"2,3-butanediol",0.022665481200186306
114,MG1655-2,"2,3-butanediol",0.0
115,fabR_yfgF-3,"2,3-butanediol",0.034902392559669405
116,metJ-1,"2,3-butanediol",0.16895070012372077
117,23BD2-4_1,"2,3-butanediol",0.48833011280669303
118,23BD4-3_3,"2,3-butanediol",0.37588976423445986
119,23BD4-3_2,"2,3-butanediol",0.3713586396693042
120,23BD6-1_1,"2,3-butanediol",0.29140142011377246
121,relA_purT-3,"2,3-butanediol",0.049398466180320746
122,fabR_yfgF-2,"2,3-butanediol",0.0
123,yfgF-2,"2,3-butanediol",0.07499253540886025
124,fabR-3,"2,3-butanediol",0.0
125,23BD7-4_1,"2,3-butanediol",0.49390366035878674
126,fabR_yfgF-1,"2,3-butanediol",0.0
127,metJ_acrB-1,"2,3-butanediol",0.20966151618920112
128,relA-2,"2,3-butanediol",0.0
129,MG1655-3,"2,3-butanediol",0.0
130,MG1655-1,"2,3-butanediol",0.0
131,purT-2,"2,3-butanediol",0.0
132,sspA-3,"1,2-propanediol",0.5030630461423522
133,sspA-1,"1,2-propanediol",0.2851598718584377
134,sspA-2,"1,2-propanediol",0.24848221360483566
135,MG1655-3,"1,2-propanediol",0.18158521313296336
136,MG1655-2,"1,2-propanediol",0.29535942605440046
137,rph-1,"1,2-propanediol",0.0
138,rph-3,"1,2-propanediol",0.4313497144051484
139,MG1655-1,"1,2-propanediol",0.0
140,rph-2,"1,2-propanediol",0.24413829168311832
141,proV_ptsP_wbbK-3,putrescine,0.07258331086427461
142,proV_yobF-1,putrescine,0.1589837164736554
143,proV_ptsP-1,putrescine,0.08757738464919501
144,PUTR7-7_1,putrescine,0.3253008892321504
145,proV_ptsP-2,putrescine,0.11421817652525687
146,PUTR3-1_1,putrescine,0.3858813717094912
147,yeaR-1,putrescine,0.09290906669541342
148,PUTR3-1_3,putrescine,0.3580790391708006
149,proV_yobF-2,putrescine,0.10555430694076544
150,PUTR5-6_2,putrescine,0.24016980810260058
151,proV_yobF-3,putrescine,0.050906658083294504
152,PUTR8-10_1,putrescine,0.28889607619683927
153,PUTR3-1_2,putrescine,0.3717099368916358
154,proV_wbbK-1,putrescine,0.10205074195516664
155,proV_ptsP_wbbK-2,putrescine,0.033706845109088356
156,yeaR-3,putrescine,0.0
157,PUTR8-10_2,putrescine,0.35976757356308453
158,cspC-2,putrescine,0.11860672038630739
159,yeaR-2,putrescine,0.05878953574991844
160,proV-2,putrescine,0.11109403978007061
161,proV_nagC-3,putrescine,0.03333416060848177
162,proV_ptsP-3,putrescine,0.062332868681095895
163,PUTR5-6_3,putrescine,0.23964510044962978
164,pstS-2,putrescine,0.07240989455933766
165,proV_wbbK-2,putrescine,0.10107202865514103
166,proV-3,putrescine,0.12368995397783583
167,PUTR4-3_1,putrescine,0.27107819847523573
168,cspC-3,putrescine,0.0952494684829276
169,proV_nagC-1,putrescine,0.12602906475839296
170,MG1655-2,putrescine,0.11903896419914232
171,pstS-1,putrescine,0.07414913003509065
172,PUTR4-3_2,putrescine,0.262165261287596
173,cspC-1,putrescine,0.0959406792642403
174,proV_ptsP_wbbK-1,putrescine,0.294992580920552
175,proV_cspC-3,putrescine,0.05897719470788764
176,PUTR7-7_3,putrescine,0.32693776521424206
177,proV_cspC-1,putrescine,0.17788349902094244
178,PUTR7-7_2,putrescine,0.3447724242877157
179,PUTR4-3_3,putrescine,0.26773814101962284
180,pstS-3,putrescine,0.05769932439601297
181,proV_cspC-2,putrescine,0.12490470201293691
182,proV_wbbK-3,putrescine,0.14164065203794377
183,proV-1,putrescine,0.14515655454847126
184,proV_nagC-2,putrescine,0.12374693465897663
185,MG1655-3,putrescine,0.0905764968137934
186,MG1655-1,putrescine,0.04676857939158615
187,PUTR8-10_3,putrescine,0.3723763923396177
188,PUTR5-6_1,putrescine,0.2393923959925026
189,nusA_sspA_ybeX_mpl-1,HMDA,0.4525249461173821
190,nusA_sspA-2,HMDA,0.38928881791278575
191,nusA_sspA_mpl-2,HMDA,0.3306803136488077
192,HMDA7-1_2,HMDA,0.41256867853327156
193,proV_ptsP-2,HMDA,0.21329984251518208
194,rpsG1_mpl-3,HMDA,0.3027121587900217
195,HMDA7-1_1,HMDA,0.42701816303169293
196,proV_ptsP_mpl-1,HMDA,0.30229638510994944
197,rpsG1_ybeX_mpl-3,HMDA,0.3072691671141819
198,ybeX-3,HMDA,0.16658621391594436
199,proV_ptsP_mpl-2,HMDA,0.30827400531455634
200,nusA_sspA_ybeX_mpl-2,HMDA,0.3916513010372281
201,nusA_sspA_ybeX-3,HMDA,0.25714858077125174
202,nusA_sspA_mpl-3,HMDA,0.3207914660746977
203,mpl-1,HMDA,0.1423392373373799
204,nusA_sspA_mpl-1,HMDA,0.37110950214551613
205,nusA_sspA-3,HMDA,0.2654037975151952
206,rpsG1-1,HMDA,0.25230391681251435
207,proV_ptsP_ybeX_mpl-3,HMDA,0.3276239261894362
208,nusA_sspA-1,HMDA,0.29710685644781676
209,rpsG1_ybeX-1,HMDA,0.27488271866278535
210,ybeX-2,HMDA,0.17604488923692044
211,nusA_sspA_ybeX-1,HMDA,0.30074361026087554
212,proV_ptsP-1,HMDA,0.12046291831007162
213,MG1655-2,HMDA,0.11922105182260538
214,ybeX-1,HMDA,0.169246526465291
215,rpsG1-2,HMDA,0.25401855889521735
216,rpsG1_mpl-1,HMDA,0.26430549747761173
217,proV_ptsP_ybeX_mpl-2,HMDA,0.34075515573611487
218,nusA_sspA_ybeX-2,HMDA,0.31813859316011295
219,proV_ptsP_ybeX-2,HMDA,0.2570410142429833
220,proV_ptsP_ybeX-3,HMDA,0.20713300311204114
221,rpsG1-3,HMDA,0.2403170955981431
222,rpsG1_ybeX-2,HMDA,0.2905961419695391
223,rpsG1_ybeX_mpl-2,HMDA,0.31758747437591206
224,proV_ptsP_ybeX_mpl-1,HMDA,0.3515938436717856
225,proV_ptsP-3,HMDA,0.1581902205388827
226,HMDA7-1_3,HMDA,0.41890755666495927
227,rpsG1_ybeX_mpl-1,HMDA,0.319626032734061
228,rpsG1_mpl-2,HMDA,0.2931756238202652
229,proV_ptsP_ybeX-1,HMDA,0.26392409262018957
230,nusA_sspA_ybeX_mpl-3,HMDA,0.3850359495734186
231,MG1655-3,HMDA,0.10213202776735994
232,MG1655-1,HMDA,0.053359303409373705
233,mpl-2,HMDA,0.12716699003942056
234,rpsG1_ybeX-3,HMDA,0.2735425951003257
235,mpl-3,HMDA,0.12235254069342391
236,proV_ptsP_mpl-3,HMDA,0.3076463573809401
237,proV_cspC_mpl-2,HMDA,0.25675280057108746
238,ygaC_ybeX_mpl-2,HMDA,0.3828227013649697
239,ygaC-1,HMDA,0.2618309081945938
240,ygaC_ybeX-3,HMDA,0.3953152439714539
241,rpsG1_mreB-1,HMDA,0.3541299050778247
242,PUTR3-1_1,HMDA,0.4666241005830866
243,PUTR3-1_3,HMDA,0.45412791579661
244,rpsG1_mreB_ybeX_mpl-2,HMDA,0.4190610707427225
245,rpsG1_mreB-3,HMDA,0.35048972897326375
246,ygaC_mpl-2,HMDA,0.26421629677700825
247,ygaC_ybeX-2,HMDA,0.3806411771690625
248,PUTR8-10_1,HMDA,0.39619252395529964
249,PUTR3-1_2,HMDA,0.46272954361522006
250,rpsG1_mreB_ybeX_mpl-1,HMDA,0.3909775750690475
251,proV_cspC_mpl-3,HMDA,0.22719231710524004
252,proV_cspC_ybeX_mpl-1,HMDA,0.3686673224338337
253,PUTR8-10_2,HMDA,0.4159690645681655
254,rpsG1_mreB_ybeX-2,HMDA,0.41760284519415386
255,ygaC_mpl-1,HMDA,0.2490866915607341
256,ygaC_mpl-3,HMDA,0.26492983883939736
257,ygaC_ybeX-1,HMDA,0.3955462919179574
258,proV_cspC_ybeX-2,HMDA,0.29968965215997045
259,rpsG1_mreB-2,HMDA,0.35887092806731735
260,ygaC-2,HMDA,0.25288151858479074
261,MG1655-2,HMDA,0.12966554046974177
262,proV_cspC_ybeX-1,HMDA,0.3037716313920371
263,proV_cspC_mpl-1,HMDA,0.25902776542840894
264,rpsG1_mreB_mpl-1,HMDA,0.3240361292939442
265,proV_cspC-3,HMDA,0.05486603535042656
266,rpsG1_mreB_mpl-3,HMDA,0.3075461909244274
267,ygaC_ybeX_mpl-3,HMDA,0.30101073040025117
268,rpsG1_mreB_ybeX-3,HMDA,0.4264812253580552
269,proV_cspC_ybeX_mpl-2,HMDA,0.35113485893233415
270,proV_cspC_ybeX-3,HMDA,0.22658730591832812
271,rpsG1_mreB_mpl-2,HMDA,0.32424922951067464
272,ygaC_ybeX_mpl-1,HMDA,0.38452781837053795
273,rpsG1_mreB_ybeX_mpl-3,HMDA,0.4024914142600439
274,proV_cspC-2,HMDA,0.14325725530368516
275,rpsG1_mreB_ybeX-1,HMDA,0.41110865082845865
276,proV_cspC_ybeX_mpl-3,HMDA,0.33539353109204084
277,proV_cspC-1,HMDA,0.20782852181782407
278,ygaC-3,HMDA,0.25366607219879883
279,MG1655-3,HMDA,0.15097697052613995
280,MG1655-1,HMDA,0.15009182469435114
281,PUTR8-10_3,HMDA,0.3936166510146308
282,proV_cspC_mpl-2,putrescine,0.18938997225900395
283,ygaC_ybeX_mpl-2,putrescine,0.13608765022585256
284,ygaC-1,putrescine,0.20514122898757317
285,ygaC_ybeX-3,putrescine,0.17387665548503045
286,rpsG1_mreB-1,putrescine,0.27623796422846925
287,PUTR3-1_1,putrescine,0.3238403140336921
288,PUTR3-1_3,putrescine,0.343940904494589
289,rpsG1_mreB_ybeX_mpl-2,putrescine,0.23496255365623184
290,rpsG1_mreB-3,putrescine,0.2797897586729676
291,ygaC_mpl-2,putrescine,0.22947712980901985
292,ygaC_ybeX-2,putrescine,0.12892368668646317
293,PUTR8-10_1,putrescine,0.33683401227595955
294,PUTR3-1_2,putrescine,0.3478690566668855
295,rpsG1_mreB_ybeX_mpl-1,putrescine,0.2523195648792019
296,proV_cspC_mpl-3,putrescine,0.17656254945860497
297,proV_cspC_ybeX_mpl-1,putrescine,0.1980696981634019
298,PUTR8-10_2,putrescine,0.3329525967029878
299,rpsG1_mreB_ybeX-2,putrescine,0.2631579287103381
300,ygaC_mpl-1,putrescine,0.2116459086639241
301,ygaC_mpl-3,putrescine,0.23032485105599151
302,ygaC_ybeX-1,putrescine,0.15175149353787779
303,proV_cspC_ybeX-2,putrescine,0.1202346282864374
304,rpsG1_mreB-2,putrescine,0.2841660818657384
305,ygaC-2,putrescine,0.23512111508903413
306,MG1655-2,putrescine,0.26337505709005743
307,proV_cspC_ybeX-1,putrescine,0.18911393277748625
308,proV_cspC_mpl-1,putrescine,0.20956774232000688
309,rpsG1_mreB_mpl-1,putrescine,0.26719499547055947
310,proV_cspC-3,putrescine,0.0
311,rpsG1_mreB_mpl-3,putrescine,0.2776043772613324
312,ygaC_ybeX_mpl-3,putrescine,0.12754153634196766
313,rpsG1_mreB_ybeX-3,putrescine,0.26350714792833463
314,proV_cspC_ybeX_mpl-2,putrescine,0.19356849252815134
315,proV_cspC_ybeX-3,putrescine,0.09190228917755361
316,rpsG1_mreB_mpl-2,putrescine,0.27319026859496304
317,ygaC_ybeX_mpl-1,putrescine,0.12408689274385931
318,rpsG1_mreB_ybeX_mpl-3,putrescine,0.23968643258636932
319,proV_cspC-2,putrescine,0.1266388881610619
320,rpsG1_mreB_ybeX-1,putrescine,0.2809385573801015
321,proV_cspC_ybeX_mpl-3,putrescine,0.1665840376829463
322,proV_cspC-1,putrescine,0.19189903986388235
323,ygaC-3,putrescine,0.24582784717087633
324,MG1655-3,putrescine,0.041250545117597466
325,MG1655-1,putrescine,0.14111648941291807
326,PUTR8-10_3,putrescine,0.3254479316357331
327,12PD4-6_1,"1,2-propanediol",0.3746910142007796
328,metJ_purT-1,"1,2-propanediol",0.34174963109972684
329,metJ_acrB-3,"1,2-propanediol",0.1389915623006387
330,relA-3,"1,2-propanediol",0.28148106770479836
331,metJ_relA-2,"1,2-propanediol",0.1263039853971367
332,purT-1,"1,2-propanediol",0.28721713903000357
333,12PD3-8_3,"1,2-propanediol",0.5521599307075458
334,metJ-3,"1,2-propanediol",0.3459947614218722
335,yfgF-3,"1,2-propanediol",0.23496976454102741
336,relA_purT-2,"1,2-propanediol",0.11742597671514016
337,yfgF-1,"1,2-propanediol",0.16401906408310257
338,metJ-2,"1,2-propanediol",0.13908808408543527
339,12PD7-6_1,"1,2-propanediol",0.8078279609887504
340,metJ_relA-1,"1,2-propanediol",0.27293792104858466
341,purT-3,"1,2-propanediol",0.3145539169441232
342,relA-2,"1,2-propanediol",0.09174540275871831
343,metJ_acrB-2,"1,2-propanediol",0.1412809286978661
344,12PD7-6_2,"1,2-propanediol",0.6454930160340113
345,metJ_purT-3,"1,2-propanediol",0.09608744186953541
346,12PD3-8_2,"1,2-propanediol",0.4899377461362115
347,metJ_relA-3,"1,2-propanediol",0.08144949929521926
348,fabR-2,"1,2-propanediol",0.1705001150645209
349,metJ_purT-2,"1,2-propanediol",0.3173614531800371
350,relA_purT-1,"1,2-propanediol",0.14495685251206433
351,MG1655-2,"1,2-propanediol",0.18203469590839289
352,12PD4-6_2,"1,2-propanediol",0.4422764466274048
353,12PD6-3_3,"1,2-propanediol",0.32072397598597047
354,12PD3-8_1,"1,2-propanediol",0.5771684670325234
355,metJ-1,"1,2-propanediol",0.19093872564449196
356,fabR_yfgF-3,"1,2-propanediol",0.16022031310887355
357,12PD4-6_3,"1,2-propanediol",0.0
358,12PD7-6_3,"1,2-propanediol",0.7880923410721634
359,12PD6-3_1,"1,2-propanediol",0.0
360,12PD6-3_2,"1,2-propanediol",0.3319232872623291
361,relA_purT-3,"1,2-propanediol",0.05363625080858803
362,fabR_yfgF-2,"1,2-propanediol",0.12595789425279302
363,yfgF-2,"1,2-propanediol",0.12043311103088616
364,fabR-3,"1,2-propanediol",0.2416277698918265
365,relA-1,"1,2-propanediol",0.08829776048800884
366,fabR_yfgF-1,"1,2-propanediol",0.13990071859030542
367,metJ_acrB-1,"1,2-propanediol",0.1347631778231549
368,fabR-1,"1,2-propanediol",0.1622772357599978
369,MG1655-3,"1,2-propanediol",0.24986492875995897
370,MG1655-1,"1,2-propanediol",0.183556136924826
371,purT-2,"1,2-propanediol",0.30832091348674023
372,acrB-2,"2,3-butanediol",0.024268644462521662
373,metJ_relA_yeaR-1,"2,3-butanediol",0.11227102219207966
374,23BD7-4_1,"2,3-butanediol",0.5016066622217457
375,metJ_relA_acrB-3,"2,3-butanediol",0.09307476866776619
376,metJ_relA_purT-2,"2,3-butanediol",0.11097964091700135
377,acrB-3,"2,3-butanediol",0.09211397927253032
378,23BD7-4_3,"2,3-butanediol",0.5066177416595483
379,metJ-3,"2,3-butanediol",0.15822512714046236
380,metJ_relA_rnb-1,"2,3-butanediol",0.06941363263941751
381,metJ-2,"2,3-butanediol",0.1647330763086375
382,MG1655-2,"2,3-butanediol",0.0
383,metJ_relA_rnb-2,"2,3-butanediol",0.08372445579693676
384,23BD2-4_3,"2,3-butanediol",0.48941624342040696
385,acrB-1,"2,3-butanediol",0.07979000298606681
386,metJ_relA_clsA-3,"2,3-butanediol",0.0
387,metJ_relA_yeaR-2,"2,3-butanediol",0.10339480481780393
388,23BD7-4_2,"2,3-butanediol",0.5310904117084143
389,metJ_relA_acrB-1,"2,3-butanediol",0.05172110013387507
390,metJ_relA_treA-1,"2,3-butanediol",0.12016718212817311
391,23BD6-1_3,"2,3-butanediol",0.4058420556307293
392,23BD2-4_2,"2,3-butanediol",0.4862253984162005
393,metJ_relA_clsA-2,"2,3-butanediol",0.6993441575825825
394,metJ_acrB-2,"2,3-butanediol",0.20882831515742784
395,23BD4-3_1,"2,3-butanediol",0.36956168092039227
396,metJ_relA_purT-1,"2,3-butanediol",0.10793256676704498
397,metJ_relA_treR-3,"2,3-butanediol",0.06989943524636826
398,metJ_relA_treR-1,"2,3-butanediol",0.1051603043504283
399,metJ_relA_clsA-1,"2,3-butanediol",0.035355638206799225
400,metJ-1,"2,3-butanediol",0.1279046486396065
401,23BD2-4_1,"2,3-butanediol",0.504131537859776
402,metJ_relA_treA-2,"2,3-butanediol",0.13376120970167996
403,23BD4-3_3,"2,3-butanediol",0.4001906339509673
404,metJ_relA_acrB-2,"2,3-butanediol",0.04149155739145839
405,23BD4-3_2,"2,3-butanediol",0.39311481224910194
406,23BD6-1_1,"2,3-butanediol",0.4439243673537608
407,metJ_acrB-3,"2,3-butanediol",0.18610716781546463
408,metJ_relA_rnb-3,"2,3-butanediol",0.16376702969224882
409,23BD6-1_2,"2,3-butanediol",0.4515658733998161
410,metJ_acrB-1,"2,3-butanediol",0.20618201846320447
411,MG1655-3,"2,3-butanediol",0.0
412,metJ_relA_treA-3,"2,3-butanediol",0.17763265619639457
413,MG1655-1,"2,3-butanediol",0.0
414,metJ_relA_treR-2,"2,3-butanediol",0.111129548885619
415,metJ_relA_yeaR-3,"2,3-butanediol",0.04480021630650067
416,metJ_relA_purT-3,"2,3-butanediol",0.13809943013701995
417,HMDA1-10_3,HMDA,0.39587434953858314
418,proV_ptsP-1,HMDA,0.1471304777459663
419,proV_nagC-1,HMDA,0.02026500177997953
420,MG1655-2,HMDA,0.11998567451183352
421,HMDA5-4_3,HMDA,0.6560002480665393
422,proV_nagC_ptsP-3,HMDA,0.09366937448646591
423,proV_wbbK-3,HMDA,0.1306190600401694
424,HMDA7-1_2,HMDA,0.43089978674528473
425,HMDA1-10_1,HMDA,0.3798555625001136
426,HMDA3-5_3,HMDA,0.6735887450713128
427,proV_nagC_ptsP-2,HMDA,0.2447502272791926
428,wbbK-1,HMDA,0.0696932650211022
429,proV_ptsP_wbbK-1,HMDA,0.18049791506693386
430,ptsP-2,HMDA,0.16373840526747002
431,proV_ptsP-2,HMDA,0.162219665944535
432,HMDA5-4_1,HMDA,0.8499046266383641
433,HMDA7-1_1,HMDA,0.4308457261366516
434,proV-1,HMDA,0.1290268725136556
435,wbbK-3,HMDA,0.09707144040991336
436,proV_wbbK-1,HMDA,0.11496135900122147
437,HMDA5-4_2,HMDA,0.7549490812968952
438,proV_ptsP_wbbK-2,HMDA,0.14996376955789312
439,HMDA7-1_3,HMDA,0.3958568974537937
440,HMDA3-5_1,HMDA,0.6819305918791894
441,proV_nagC_ptsP-1,HMDA,0.2087556773205266
442,proV-2,HMDA,0.14367782106285287
443,proV_nagC-3,HMDA,0.09860836638651528
444,HMDA3-5_2,HMDA,0.6532501913354214
445,ptsP-3,HMDA,0.1407300207402486
446,wbbK-2,HMDA,0.09014644353740395
447,proV_nagC-2,HMDA,0.0
448,proV_ptsP-3,HMDA,0.11099523968048615
449,MG1655-3,HMDA,0.08709749178611367
450,proV_wbbK-2,HMDA,0.12698515286036502
451,proV_ptsP_wbbK-3,HMDA,0.15448814818282455
452,MG1655-1,HMDA,0.13496592778945943
453,HMDA1-10_2,HMDA,0.445499282687528
454,ptsP-1,HMDA,0.15165439140660408
455,proV-3,HMDA,0.12440449689566076
456,IBUA8-3_2,isobutyrate,0.37586907127917485
457,phoU-1,isobutyrate,0.0
458,MG1655-2,isobutyrate,0.11801936439717386
459,IBUA8-3_1,isobutyrate,0.32900546088294247
460,cheR-1,isobutyrate,0.1275964828639941
461,cheR-3,isobutyrate,0.08744985871910929
462,rph-2,isobutyrate,0.0
463,cheR-2,isobutyrate,0.08410136039450973
464,phoU-2,isobutyrate,0.10182770291788155
465,MG1655-3,isobutyrate,0.05804232946632932
466,rph-1,isobutyrate,0.12834266722762128
467,rph-3,isobutyrate,0.033017334848182624
468,MG1655-1,isobutyrate,0.11911071890573371
469,IBUA8-3_3,isobutyrate,0.3276142260030397
470,phoU-3,isobutyrate,0.07299205173182045
471,acrB-2,"2,3-butanediol",0.12534884146790518
472,clsA-3,"2,3-butanediol",0.0
473,relA-1,"2,3-butanediol",0.030055929585314327
474,relA-3,"2,3-butanediol",0.0
475,treA-1,"2,3-butanediol",0.08933818666454439
476,metJ-lg-2,"2,3-butanediol",0.063707442422244
477,purT-1,"2,3-butanediol",0.0
478,acrB-3,"2,3-butanediol",0.05383444839625972
479,metJ-3,"2,3-butanediol",0.1490714841823259
480,yfgF-3,"2,3-butanediol",0.0
481,23BD2-4_3,"2,3-butanediol",0.47739719715763845
482,treA-3,"2,3-butanediol",0.0
483,acrB-1,"2,3-butanediol",0.14881022416058745
484,yfgF-1,"2,3-butanediol",0.044630656577505305
485,metJ-2,"2,3-butanediol",0.17020266439070905
486,23BD7-4_2,"2,3-butanediol",0.49499980155981654
487,23BD7-4_3,"2,3-butanediol",0.4974012439386662
488,fabR-1,"2,3-butanediol",0.018349833092754366
489,treA-2,"2,3-butanediol",0.06413120725684555
490,23BD6-1_3,"2,3-butanediol",0.3958513406090103
491,purT-3,"2,3-butanediol",0.08326542339657357
492,23BD2-4_2,"2,3-butanediol",0.5795424372684855
493,fabR-2,"2,3-butanediol",0.0
494,23BD4-3_1,"2,3-butanediol",0.36709852464586606
495,clsA-1,"2,3-butanediol",0.053206634079779866
496,MG1655-2,"2,3-butanediol",0.05473196711114465
497,metJ-sm-1,"2,3-butanediol",0.1443190851241318
498,metJ-1,"2,3-butanediol",0.14561613288826838
499,23BD2-4_1,"2,3-butanediol",0.579548051083255
500,metJ-sm-3,"2,3-butanediol",0.1284580487272279
501,23BD4-3_3,"2,3-butanediol",0.3813344002976763
502,metJ-lg-1,"2,3-butanediol",0.08206213750456136
503,23BD4-3_2,"2,3-butanediol",0.3967078730111145
504,23BD6-1_1,"2,3-butanediol",0.40641850366355564
505,purT-2,"2,3-butanediol",0.0
506,yfgF-2,"2,3-butanediol",0.017015378906669903
507,23BD7-4_1,"2,3-butanediol",0.499823850458065
508,23BD6-1_2,"2,3-butanediol",0.40108924414267644
509,fabR-3,"2,3-butanediol",0.07093711685976924
510,metJ-lg-3,"2,3-butanediol",0.14323808861117898
511,relA-2,"2,3-butanediol",0.0
512,MG1655-3,"2,3-butanediol",0.060731253906998746
513,MG1655-1,"2,3-butanediol",0.0
514,metJ-sm-2,"2,3-butanediol",0.10588263752496184
515,clsA-2,"2,3-butanediol",0.0
516,kgtP_ybjL-2,adipate,0.23662015503373207
517,ADIP3-8_4,adipate,0.29885872188203905
518,ADIP4-8_1,adipate,0.3460836886520262
519,ybjL-1,adipate,0.19786697319539956
520,kgtP_proV-1,adipate,0.27047590825778256
521,ADIP1-9_1,adipate,0.27916899912910775
522,ADIP3-2_4,adipate,0.3129380887907489
523,ADIP1-9_3,adipate,0.27686052783954845
524,kgtP_proV-3,adipate,0.25640069343510263
525,kgtP_proV_ybjL-2,adipate,0.2927275052104676
526,ADIP7-5_5,adipate,0.16470474404896077
527,kgtP-1,adipate,0.22044865263247296
528,kgtP_ybjL-3,adipate,0.2258709434251207
529,kgtP_ybjL-1,adipate,0.2243488226022728
530,kgtP-3,adipate,0.22549986001020056
531,kgtP_proV-2,adipate,0.2603140344775018
532,ADIP4-8_2,adipate,0.3494943786142369
533,ybjL-3,adipate,0.19687910642970757
534,ADIP4-1_5,adipate,0.19164864689356245
535,proV-2,adipate,0.1517107588286405
536,ADIP8-3_2,adipate,0.21027607671175655
537,ADIP3-4_5,adipate,0.3748943927418351
538,ADIP3-8_5,adipate,0.31226078604642854
539,kgtP_sspA-3,adipate,0.10034053626774192
540,proV-3,adipate,0.1563442726498217
541,ADIP6-3_2,adipate,0.3184649237943797
542,ADIP6-3_1,adipate,0.30223708861490195
543,ADIP8-3_3,adipate,0.21058361167351325
544,MG1655-2,adipate,0.21189803270476446
545,ADIP7-5_4,adipate,0.26270955988274747
546,ADIP6-3_3,adipate,0.3114024909987361
547,ADIP4-8_3,adipate,0.35720125833941535
548,kgtP_proV_ybjL-3,adipate,0.334658023152101
549,ybjL-2,adipate,0.1895941094580015
550,ADIP1-9_2,adipate,0.29618274996175187
551,proV-1,adipate,0.15121815411196343
552,kgtP_proV_ybjL-1,adipate,0.2665344979361992
553,ADIP3-2_5,adipate,0.3069048369616526
554,kgtP_sspA-1,adipate,0.1847582982789736
555,kgtP-2,adipate,0.22866236872208887
556,ADIP4-1_4,adipate,0.20404278918312696
557,kgtP_sspA-2,adipate,0.20639386514422162
558,ADIP7-2_4,adipate,0.25081771716415285
559,ADIP3-4_4,adipate,0.3047170490631114
560,ADIP7-2_5,adipate,0.14808118275298482
561,ADIP8-3_1,adipate,0.20318854633348404
562,MG1655-3,adipate,0.19913379247457383
563,MG1655-1,adipate,0.15436617740379935
564,yobF-4,isobutyrate,0.21540875639480284
565,IBUA8-3_2,isobutyrate,0.33982277109112957
566,IBUA2-9_3,isobutyrate,0.44796942212939206
567,MG1655-2,isobutyrate,0.13771847464196094
568,MG1655-6,isobutyrate,0.12827981544765293
569,pykF-1,isobutyrate,0.2674418529840939
570,pykF_yobF-4,isobutyrate,0.2891025221973204
571,pykF_yobF-1,isobutyrate,0.288384050870602
572,IBUA7-9_3,isobutyrate,0.0
573,IBUA7-9_1,isobutyrate,0.3042972538515611
574,yobF-1,isobutyrate,0.2241944413006201
575,yobF-5,isobutyrate,0.19711391358637143
576,pykF-2,isobutyrate,0.2533015441520296
577,pykF-4,isobutyrate,0.2679494770833985
578,pykF_yobF-5,isobutyrate,0.26827637562422263
579,yobF-3,isobutyrate,0.2027457919489045
580,pykF-5,isobutyrate,0.27072979524185026
581,IBUA5-6_1,isobutyrate,0.4453946031796343
582,IBUA5-6_1,isobutyrate,0.47391909732461457
583,pykF_rpoS-2,isobutyrate,0.2927711930108367
584,MG1655-5,isobutyrate,0.0
585,pykF_yobF-6,isobutyrate,0.27989415241712406
586,IBUA7-9_2,isobutyrate,0.193598449726459
587,IBUA5-6_2,isobutyrate,0.5028139621666151
588,rpoS-2,isobutyrate,0.03972228714504261
589,yobF-6,isobutyrate,0.14827329619705326
590,IBUA8-3_1,isobutyrate,0.36336466805770334
591,pykF_rpoS-3,isobutyrate,0.31049615949012277
592,pykF_rpoS-1,isobutyrate,0.29400722702478765
593,pykF-3,isobutyrate,0.2531623856727812
594,rpoS-1,isobutyrate,0.0
595,MG1655-4,isobutyrate,0.1718996840084436
596,IBUA8-3_3,isobutyrate,0.3795118803127054
597,yobF-2,isobutyrate,0.20903520963036493
598,pykF_yobF-2,isobutyrate,0.27465520531331794
599,IBUA2-9_1,isobutyrate,0.49855407404221863
600,pykF-6,isobutyrate,0.2620998582877283
601,rpoS-3,isobutyrate,0.0
602,pykF_yobF-3,isobutyrate,0.30354708195877544
603,MG1655-1,isobutyrate,0.1624766543020343
604,IBUA2-9_2,isobutyrate,0.4702046467520493
605,MG1655-3,isobutyrate,0.14135200467731793
606,proV_ptsP_wbbK-3,putrescine,0.14726922914012522
607,proV_ptsP-1,putrescine,0.1428698617772157
608,PUTR7-7_1,putrescine,0.32016480642364825
609,proV_ptsP-2,putrescine,0.1453940433961784
610,PUTR3-1_1,putrescine,0.3952575885546992
611,PUTR3-1_3,putrescine,0.3710561648244674
612,PUTR5-6_2,putrescine,0.21645874194014758
613,ptsP-3,putrescine,0.1579753579854715
614,PUTR8-10_1,putrescine,0.36106948217608675
615,PUTR3-1_2,putrescine,0.4023739984731453
616,proV_wbbK-1,putrescine,0.13216536879285468
617,ptsP-1,putrescine,0.3029507132394705
618,proV_ptsP_wbbK-2,putrescine,0.13736727290276632
619,PUTR4-3_1,putrescine,0.26347972185013085
620,PUTR8-10_2,putrescine,0.3480890309459416
621,cspC-2,putrescine,0.12820908354400967
622,proV-2,putrescine,0.14679884886407815
623,proV_nagC-3,putrescine,0.1850721686129916
624,proV_ptsP_nagC-1,putrescine,0.20119418250405827
625,wbbK-3,putrescine,0.12636395831490957
626,proV_ptsP-3,putrescine,0.168403233011941
627,PUTR5-6_3,putrescine,0.2106287321433659
628,proV_ptsP_nagC-2,putrescine,0.14192364894782522
629,proV_wbbK-2,putrescine,0.09094603609413199
630,proV-3,putrescine,0.15300463599981498
631,cspC-3,putrescine,0.12335346077939309
632,proV_nagC-1,putrescine,0.15043375863821587
633,MG1655-2,putrescine,0.16615632095088206
634,PUTR4-3_2,putrescine,0.2603019410379396
635,cspC-1,putrescine,0.12311871696453645
636,proV_ptsP_wbbK-1,putrescine,0.13659206179398808
637,ptsP-2,putrescine,0.16284818087885736
638,PUTR7-7_3,putrescine,0.27992979439022
639,proV_cspC-1,putrescine,0.13655438574390324
640,PUTR7-7_2,putrescine,0.2921807857667905
641,PUTR4-3_3,putrescine,0.25873416873654786
642,proV_cspC-2,putrescine,0.12520104969340354
643,wbbK-1,putrescine,0.17778211886166698
644,proV_wbbK-3,putrescine,0.1730979582767507
645,proV_ptsP_nagC-3,putrescine,0.17748096481440778
646,proV-1,putrescine,0.13592210279083766
647,wbbK-2,putrescine,0.14572812931941181
648,proV_nagC-2,putrescine,0.14255603737251532
649,proV_cspC-3,putrescine,0.16649747987041227
650,MG1655-3,putrescine,0.16336309383028608
651,MG1655-1,putrescine,0.21566363940813962
652,PUTR8-10_3,putrescine,0.35308366612777414
653,PUTR5-6_1,putrescine,0.21843558478680178
654,nusA_sspA_ybeX_mpl-1,putrescine,0.16344546790416256
655,nusA_sspA-2,putrescine,0.0
656,nusA_sspA_mpl-2,putrescine,0.0
657,HMDA7-1_2,putrescine,0.2224600427692705
658,proV_ptsP-2,putrescine,0.06778760141759801
659,rpsG1_mpl-3,putrescine,0.19879974075475126
660,HMDA7-1_1,putrescine,0.19116672592054879
661,proV_ptsP_mpl-1,putrescine,0.14600313431013606
662,rpsG1_ybeX_mpl-3,putrescine,0.13422753868961773
663,ybeX-3,putrescine,0.07161341617727597
664,proV_ptsP_mpl-2,putrescine,0.11927779166944136
665,nusA_sspA_ybeX_mpl-2,putrescine,0.12368951424635465
666,nusA_sspA_ybeX-3,putrescine,0.0
667,nusA_sspA_mpl-3,putrescine,0.0
668,mpl-1,putrescine,0.1114468159492869
669,nusA_sspA_mpl-1,putrescine,0.15926317673882653
670,nusA_sspA-3,putrescine,0.0
671,rpsG1-1,putrescine,0.2385652195185953
672,proV_ptsP_ybeX_mpl-3,putrescine,0.5620204923750077
673,nusA_sspA-1,putrescine,0.0
674,rpsG1_ybeX-1,putrescine,0.17511956035306073
675,ybeX-2,putrescine,0.038065238874801025
676,nusA_sspA_ybeX-1,putrescine,0.0
677,proV_ptsP-1,putrescine,0.1120072367980337
678,MG1655-2,putrescine,0.09517734422017383
679,ybeX-1,putrescine,0.06315885115826497
680,rpsG1-2,putrescine,0.24142505479963627
681,rpsG1_mpl-1,putrescine,0.18595054841786213
682,proV_ptsP_ybeX_mpl-2,putrescine,0.08128559817125534
683,nusA_sspA_ybeX-2,putrescine,0.0
684,proV_ptsP_ybeX-2,putrescine,0.08933029587372195
685,proV_ptsP_ybeX-3,putrescine,0.06085629301910607
686,rpsG1-3,putrescine,0.22278728186798896
687,rpsG1_ybeX-2,putrescine,0.18809615732444995
688,rpsG1_ybeX_mpl-2,putrescine,0.1359064246855469
689,proV_ptsP_ybeX_mpl-1,putrescine,0.09009793018051718
690,proV_ptsP-3,putrescine,0.0
691,HMDA7-1_3,putrescine,0.1982619552768635
692,rpsG1_ybeX_mpl-1,putrescine,0.14564245661126068
693,rpsG1_mpl-2,putrescine,0.2043263701896283
694,proV_ptsP_ybeX-1,putrescine,0.038698149165316595
695,nusA_sspA_ybeX_mpl-3,putrescine,0.0748369036197953
696,MG1655-3,putrescine,0.06529791069526572
697,MG1655-1,putrescine,0.06444669894382564
698,mpl-2,putrescine,0.11700308307979997
699,rpsG1_ybeX-3,putrescine,0.1816593589530483
700,mpl-3,putrescine,0.11881252915653463
701,proV_ptsP_mpl-3,putrescine,0.08227377278081895
702,rlmH-1,octanoate,0.2102815552803674
703,OCTA5-4_3,octanoate,0.44291008982038094
704,MG1655-2,octanoate,0.29028036557111525
705,OCTA7-2_3,octanoate,0.47765616230773134
706,stfE-2,octanoate,0.3350853958987478
707,gtrS-2,octanoate,0.12042523220003316
708,OCTA2-14_2,octanoate,0.04517009503546803
709,gtrS-3,octanoate,0.19340584625192123
710,OCTA2-14_1,octanoate,0.0
711,OCTA1-9_2,octanoate,0.12663448482774953
712,OCTA7-2_1,octanoate,0.40934412516230534
713,OCTA5-4_1,octanoate,0.4631905781248613
714,OCTA1-9_1,octanoate,0.0
715,rlmH-3,octanoate,0.305062510696117
716,stfE-1,octanoate,0.3211518376758907
717,OCTA1-9_3,octanoate,0.06919713164043678
718,gtrS-1,octanoate,0.16223632236683574
719,rlmH-2,octanoate,0.3207427383571715
720,MG1655-3,octanoate,0.2739601132273818
721,MG1655-1,octanoate,0.2696489160987441
722,OCTA5-4_2,octanoate,0.4477790686501872
723,OCTA2-14_3,octanoate,0.0
724,stfE-3,octanoate,0.33189832904357996
725,OCTA7-2_2,octanoate,0.4577202214096654
726,HEXA1-1_3,hexanoate,0.7121589856394046
727,bioAB-3,hexanoate,0.2957096777465586
728,proQ-2,hexanoate,0.31357307869007284
729,HEXA2-9_3,hexanoate,0.4369280705553364
730,MG1655-2,hexanoate,0.29505112050317184
731,proQ-3,hexanoate,0.22584683094258323
732,ompR_proP-1,hexanoate,0.42681799092071004
733,HEXA6-9_3,hexanoate,0.8876690850379977
734,ompR_proQ-3,hexanoate,0.4399929274506754
735,HEXA4-10_2,hexanoate,0.0
736,bioAB_ompR_proQ-1,hexanoate,0.3792907309402853
737,opgH-3,hexanoate,0.31430051170777246
738,bioAB_ompR-3,hexanoate,0.44623546368850536
739,HEXA4-10_1,hexanoate,0.0
740,bioAB-1,hexanoate,0.3444214061512767
741,opgH-1,hexanoate,0.28795225941752983
742,HEXA6-9_1,hexanoate,0.0
743,proP-1,hexanoate,0.32201405869953487
744,proP-3,hexanoate,0.25469909779019506
745,bioAB_ompR_proQ-3,hexanoate,0.0
746,bioAB_ompR_proQ-2,hexanoate,0.4367398851380509
747,ompR_proQ-2,hexanoate,0.4576183729608971
748,bioAB_ompR-1,hexanoate,0.43104263021443406
749,ompR_proP-2,hexanoate,0.43497497446830474
750,bioAB-2,hexanoate,0.25848467120272617
751,HEXA1-1_2,hexanoate,0.8834817568895278
752,bioAB_ompR_proQ-1,hexanoate,0.4436757326966033
753,HEXA1-1_1,hexanoate,0.9161311245985895
754,HEXA2-9_1,hexanoate,0.4294322095951256
755,HEXA6-9_2,hexanoate,0.8139604269324224
756,proQ-1,hexanoate,0.3040323466953745
757,HEXA2-9_2,hexanoate,0.460985129921656
758,bioAB_ompR_proQ-2,hexanoate,0.4529461298546159
759,ompR_proP-3,hexanoate,0.4436220007896973
760,bioAB_ompR_proQ-3,hexanoate,0.4589325886655904
761,HEXA4-10_3,hexanoate,0.828170502573631
762,opgH-2,hexanoate,0.29995765706792127
763,proP-2,hexanoate,0.2772208021459459
764,ompR_proQ-1,hexanoate,0.41652957159432374
765,MG1655-1,hexanoate,0.2770271193390407
766,bioAB_ompR-2,hexanoate,0.44087571976021134
767,MG1655-3,hexanoate,0.28203076184045883
768,IBUA8-3_2,isobutyrate,0.3422386312117742
769,IBUA2-9_3,isobutyrate,0.37115768709250185
770,MG1655-2,isobutyrate,0.0
771,pykF-1,isobutyrate,0.24982876892871156
772,pykF_yobF-1,isobutyrate,0.28931572617164714
773,IBUA7-9_3,isobutyrate,0.38918987063450755
774,IBUA7-9_1,isobutyrate,0.3741689461559227
775,yobF-1,isobutyrate,0.19556220242181083
776,pykF-2,isobutyrate,0.23061263052113948
777,pykF_rpoS_yobF-3,isobutyrate,0.2505722722750054
778,yobF-3,isobutyrate,0.1981898483267017
779,IBUA5-6_1,isobutyrate,0.40139061670068876
780,IBUA5-6_1,isobutyrate,0.4713684134561881
781,pykF_rpoS-2,isobutyrate,0.28796605937868464
782,pykF_rpoS_yobF-1,isobutyrate,0.2115821196966647
783,IBUA7-9_2,isobutyrate,0.3925051307546992
784,IBUA5-6_2,isobutyrate,0.46139259272117455
785,rpoS-2,isobutyrate,0.07727630415070333
786,IBUA8-3_1,isobutyrate,0.35024912721165363
787,pykF_rpoS-3,isobutyrate,0.2796022347824746
788,pykF_rpoS-1,isobutyrate,0.292989465332377
789,pykF-3,isobutyrate,0.32480859013105284
790,rpoS-1,isobutyrate,0.20950704725442848
791,pykF_rpoS_yobF-2,isobutyrate,0.21291627750919778
792,IBUA8-3_3,isobutyrate,0.3570506702476953
793,yobF-2,isobutyrate,0.1690849503005392
794,pykF_yobF-2,isobutyrate,0.26026199103120523
795,IBUA2-9_1,isobutyrate,0.3660288470699197
796,rpoS-3,isobutyrate,0.24816544922895273
797,pykF_yobF-3,isobutyrate,0.24566561241061838
798,MG1655-1,isobutyrate,0.21500519819034053
799,IBUA2-9_2,isobutyrate,0.38468819908597773
800,MG1655-3,isobutyrate,0.20695445821373837
801,COUM4-2_1,coumarate,0.3773120677016963
802,nadR_rpoA-3,coumarate,0.536541408940745
803,COUM4-2_3,coumarate,0.5646023279172392
804,MG1655-3,coumarate,0.26270498476594284
805,MG1655-2,coumarate,0.31028219468267665
806,COUM4-2_2,coumarate,0.0
807,MG1655-1,coumarate,0.2576188590715947
808,nadR_rpoA-2,coumarate,0.49886764307652615
809,nadR_rpoA-1,coumarate,0.4759497201532382
810,marC_rob-1,butanol,0.436050497506412
811,yobF-3,butanol,0.430423142578363
812,MG1655-1,butanol,0.4612454244923635
813,BUT3-6_1,butanol,0.5146901308558394
814,yobF-1,butanol,0.4366626113085598
815,marC_rob_mppA_yobF-1,butanol,0.47112026404610946
816,cspC-3,butanol,0.4769920552686192
817,marC_rob-3,butanol,0.4605880007714675
818,ypjA_mprA_nadR_yhjK-1,butanol,0.21463770180687572
819,rob_yobF-1,butanol,0.45225900528910573
820,marC_rob_yobF-3,butanol,0.46366676086584935
821,BUT9-7_1,butanol,0.5855028965620835
822,BUT3-6_3,butanol,0.4871356763071786
823,marC_rob_yobF-1,butanol,0.4554675532229198
824,rob-1,butanol,0.4338328536148714
825,BUT3-6_2,butanol,0.4729554421413002
826,rob-3,butanol,0.4108603394307543
827,marC_rob_yobF-2,butanol,0.44290097237534337
828,BUT1-2_1,butanol,0.5616840854315294
829,marC_yobF-1,butanol,0.4202095826181832
830,marC-1,butanol,0.4084416448667393
831,marC_rob_mppA_yobF-3,butanol,0.45953958603075373
832,MG1655-2,butanol,0.45686345906575027
833,rob_yobF-2,butanol,0.4696941336860822
834,ypjA_mprA_nadR_yhjK-2,butanol,0.2825749936702115
835,marC_rob_mppA-3,butanol,0.4500410335771287
836,BUT9-7_2,butanol,0.571669875196795
837,cspC-1,butanol,0.4578105254170677
838,BUT1-2_3,butanol,0.5681513718868373
839,ypjA_mprA_nadR_yhjK-3,butanol,0.0
840,marC_rob_mppA_yobF-2,butanol,0.5025516031388312
841,marC_yobF-3,butanol,0.4537701055581268
842,BUT9-7_3,butanol,0.5413672772352076
843,marC-2,butanol,0.3904328012447907
844,marC_rob_mppA-2,butanol,0.45484584629004177
845,rob_yobF-3,butanol,0.4953576878011846
846,marC_rob_mppA-1,butanol,0.41688635180545297
847,marC-3,butanol,0.3967568490697845
848,BUT7-7_1,butanol,0.6229990434863736
849,rob-2,butanol,0.41390284966446844
850,yobF-2,butanol,0.40679118657918883
851,MG1655-3,butanol,0.4498201227461227
852,marC_rob-2,butanol,0.43129511867316933
853,BUT7-7_3,butanol,0.6150376985336056
854,marC_yobF-2,butanol,0.41914902864997067
855,BUT7-7_2,butanol,0.6382601265704289
856,cspC-2,butanol,0.47579723604189145
857,BUT1-2_2,butanol,0.5679849007779328
858,GLUT1-10_1,glutarate,0.4367314584385943
859,GLUT4-1_3,glutarate,0.30307644286626734
860,ybjL-1,glutarate,0.12451098484683142
861,ybjL-2,glutarate,0.133205578519788
862,MG1655-2,glutarate,0.08196863482602267
863,GLUT4-1_2,glutarate,0.3115585819671774
864,kgtP_sspA-3,glutarate,0.2497034448052899
865,GLUT8-6_1,glutarate,0.40251692048736903
866,kgtP_proV-3,glutarate,0.24488527286539907
867,GLUT1-3_3,glutarate,0.26177858626352546
868,kgtP_proV_ybjL-2,glutarate,0.28696959420033785
869,GLUT8-6_3,glutarate,0.4017478026841134
870,kgtP_proV-2,glutarate,0.2442041856600684
871,kgtP_proV_ybjL-1,glutarate,0.31247404288128106
872,GLUT4-1_1,glutarate,0.32031689655312795
873,kgtP-2,glutarate,0.1786803886075922
874,kgtP_ybjL-3,glutarate,0.22149736301383688
875,kgtP_proV_ybjL-3,glutarate,0.30194270467362566
876,kgtP_ybjL-1,glutarate,0.20761937951404003
877,kgtP-3,glutarate,0.18700404891705005
878,proV-1,glutarate,0.08139572846125498
879,GLUT1-10_2,glutarate,0.45290159282060005
880,kgtP_sspA-1,glutarate,0.26318283092147843
881,ybjL-3,glutarate,0.12080508112126721
882,GLUT1-10_3,glutarate,0.4375257706776685
883,proV-2,glutarate,0.09445093579924485
884,kgtP_sspA-1,glutarate,0.25481559334346593
885,GLUT8-6_2,glutarate,0.40131832707204973
886,GLUT1-3_2,glutarate,0.2844965278367979
887,MG1655-3,glutarate,0.11753365932177619
888,kgtP_proV-1,glutarate,0.244034613629702
889,MG1655-1,glutarate,0.10153919564115875
890,GLUT1-3_1,glutarate,0.2871148152812074
891,kgtP-1,glutarate,0.17846712327894107
892,proV-3,glutarate,0.07851260197198218
893,kgtP_ybjL-2,glutarate,0.20946757459622561
894,HEXA1-1_3,hexanoate,0.6446017188857399
895,HEXA2-9_3,hexanoate,0.5268477431735047
896,ompR-1,hexanoate,0.20599482730161087
897,ompR-2,hexanoate,0.2118237940193173
898,HEXA4-10_1,hexanoate,1.0647243946046159
899,ompR_proQ_mdtK-1,hexanoate,0.20755345328079214
900,ptrA-2,hexanoate,0.20548889489533695
901,ompR_proQ-2,hexanoate,0.3001635278760688
902,ompR_proQ_ptrA-3,hexanoate,0.2299624535236214
903,HEXA1-1_2,hexanoate,0.4876081443916028
904,HEXA1-1_1,hexanoate,0.5093554607795965
905,mdtK_ptrA-2,hexanoate,0.2617653328238308
906,ompR_proQ_ptrA-1,hexanoate,0.20521950139411022
907,HEXA4-10_3,hexanoate,0.9250779749255382
908,bioAB_ptrA_ompR-3,hexanoate,0.326677259629893
909,ompR_ptrA-2,hexanoate,0.18840704630982244
910,proQ-3,hexanoate,0.14886283258582228
911,bioAB_ptrA_ompR-1,hexanoate,0.309199323068646
912,bioAB-3,hexanoate,0.24733750897911008
913,proQ-2,hexanoate,0.13838831204624735
914,ompR_proQ_mdtK-3,hexanoate,0.1877515241237961
915,MG1655-2,hexanoate,0.20097906387871137
916,mdtK_ptrA-3,hexanoate,0.21352771831241138
917,HEXA4-10_2,hexanoate,0.9789387152377923
918,ptrA-3,hexanoate,0.22605654153593088
919,bioAB_ptrA-2,hexanoate,0.28087848002326504
920,bioAB_ptrA_mdtK-1,hexanoate,0.2899642513223701
921,ompR_proQ-3,hexanoate,0.25909890929814366
922,bioAB_ptrA-1,hexanoate,0.2195689287592944
923,bioAB_ptrA-3,hexanoate,0.26827900642656644
924,ptrA-1,hexanoate,0.2239406648020616
925,bioAB-2,hexanoate,0.24014742663112815
926,bioAB-1,hexanoate,0.2191382019642697
927,bioAB_ptrA_ompR-2,hexanoate,0.30795758687362684
928,mdtK_ptrA-1,hexanoate,0.29436058264299175
929,bioAB_ptrA_mdtK-3,hexanoate,0.3111107206578197
930,HEXA2-9_1,hexanoate,0.5670473290344935
931,ompR-3,hexanoate,0.1985363265125738
932,proQ-1,hexanoate,0.12414643501227177
933,HEXA2-9_2,hexanoate,0.5350874379468017
934,bioAB_ptrA_mdtK-2,hexanoate,0.30922382336816934
935,ompR_proQ-1,hexanoate,0.2922196901486101
936,MG1655-3,hexanoate,0.17687250987397204
937,MG1655-1,hexanoate,0.2230292040650379
938,ompR_proQ_mdtK-2,hexanoate,0.18410811396419907
939,ompR_ptrA-3,hexanoate,0.19553334436978131
940,ompR_proQ_ptrA-2,hexanoate,0.22490392350552335
941,ompR_ptrA-1,hexanoate,0.20750816860826268
942,IBUA8-3_ilvH-revert-2,isobutyrate,0.4382756515722679
943,IBUA8-3_ilvH-revert-1,isobutyrate,0.4028772225512039
944,pykF_glyQ-3,isobutyrate,0.28238368764611405
945,pykF-1,isobutyrate,0.2229267854391095
946,glyQ-1,isobutyrate,0.12763174216395284
947,glyQ-3,isobutyrate,0.12937646883982576
948,IBUA8-3_ilvH-revert-3,isobutyrate,0.41495505073823236
949,pykF-2,isobutyrate,0.21036697493319054
950,ilvH-1,isobutyrate,0.13072933422715488
951,ilvH_glyQ-2,isobutyrate,0.1542593200313141
952,glyQ-2,isobutyrate,0.18009380946829961
953,IBUA8-3_2,isobutyrate,0.31308945152726136
954,pykF_glyQ-2,isobutyrate,0.25829851162825196
955,ilvH-3,isobutyrate,0.1109461692638431
956,MG1655-2,isobutyrate,0.07737713074486625
957,IBUA8-3_1,isobutyrate,0.37178458227050604
958,pykF_ilvH_glyQ-1,isobutyrate,0.27512490238944587
959,pykF-3,isobutyrate,0.21443411386834915
960,pykF_ilvH-1,isobutyrate,0.2294825937199607
961,IBUA8-3_3,isobutyrate,0.36067780077244677
962,ilvH_glyQ-1,isobutyrate,0.090041826389361
963,ilvH_glyQ-3,isobutyrate,0.14293521465074568
964,pykF_ilvH_glyQ-2,isobutyrate,0.29101647572256806
965,pykF_ilvH-2,isobutyrate,0.19374067337279682
966,pykF_ilvH-3,isobutyrate,0.20448799042863886
967,pykF_ilvH_glyQ-3,isobutyrate,0.29890890064485676
968,MG1655-1,isobutyrate,0.07225066643785939
969,ilvH-2,isobutyrate,0.13912364567963523
970,pykF_glyQ-1,isobutyrate,0.27625591046525905
971,MG1655-3,isobutyrate,0.1042284559598178
972,sspA-3,"2,3-butanediol",0.2605234155610829
973,sspA-1,"2,3-butanediol",0.15185040103735367
974,sspA-2,"2,3-butanediol",0.22659504358405458
975,MG1655-3,"2,3-butanediol",0.0
976,MG1655-2,"2,3-butanediol",0.03106707060800652
977,rzpD-2,"2,3-butanediol",0.0
978,MG1655-1,"2,3-butanediol",0.02567013166954532
979,rzpD-3,"2,3-butanediol",0.0
980,rzpD-1,"2,3-butanediol",0.10843945828393825
981,ompR-1,hexanoate,0.16499345045679395
982,ompR-2,hexanoate,0.17698392643057068
983,cheR-3,hexanoate,0.08744985871910929
984,HEXA4-10_1,hexanoate,0.9847746109680985
985,rph-1,hexanoate,0.12834266722762128
986,ompR_ompC-2,hexanoate,0.20367068894051374
987,ompR_proQ-2,hexanoate,0.2908692888657297
988,IBUA8-3_2,hexanoate,0.37586907127917485
989,ompC-2,hexanoate,0.21322177945662538
990,MG1655-2,hexanoate,0.11801936439717386
991,phoU-1,hexanoate,0.0
992,IBUA8-3_1,hexanoate,0.32900546088294247
993,ompC-1,hexanoate,0.24596635736850697
994,rph-2,hexanoate,0.0
995,ompR_proQ_ompC-1,hexanoate,0.2370713486570335
996,proQ_ompC-3,hexanoate,0.3054158403675684
997,proQ-3,hexanoate,0.15393937896270263
998,proQ_ompC-1,hexanoate,0.24226577752286876
999,ompR_proQ-1,hexanoate,0.31573273153923476
1000,proQ-2,hexanoate,0.17748852826230396
1001,ompC-3,hexanoate,0.21066054159490047
1002,MG1655-2,hexanoate,0.18672679169665932
1003,ompR_ompC-1,hexanoate,0.1882759266161856
1004,proQ_ompC-2,hexanoate,0.23838361872033872
1005,HEXA4-10_2,hexanoate,0.8430134161377748
1006,ompR_proQ_ompC-3,hexanoate,0.23823326660962246
1007,MG1655-3,hexanoate,0.05804232946632932
1008,cheR-2,hexanoate,0.08410136039450973
1009,phoU-2,hexanoate,0.10182770291788155
1010,ompR_proQ-3,hexanoate,0.30093986532003464
1011,rph-3,hexanoate,0.033017334848182624
1012,HEXA7-2_1,hexanoate,0.09707176527861802
1013,ompR_ompC-3,hexanoate,0.19039279554549704
1014,cheR-1,hexanoate,0.1275964828639941
1015,ompR-3,hexanoate,0.1716515532743341
1016,proQ-1,hexanoate,0.16896607004591882
1017,ompR_proQ_ompC-2,hexanoate,0.23231966419249522
1018,IBUA8-3_3,hexanoate,0.3276142260030397
1019,HEXA7-2_2,hexanoate,0.2004795155240468
1020,MG1655-3,hexanoate,0.1977606938170106
1021,HEXA7-2_3,hexanoate,0.23260160618017464
1022,MG1655-1,hexanoate,0.17230610916975253
1023,HEXA4-10_3,hexanoate,1.021601811801669
1024,MG1655-1,hexanoate,0.11911071890573371
1025,phoU-3,hexanoate,0.07299205173182045
1026,proV_rpsG1-2,HMDA,0.2694919389979599
1027,HMDA7-1_3,HMDA,0.3905459399763894
1028,proV_sspA-1,HMDA,0.2798945844799456
1029,rpsG1-2,HMDA,0.22566697444321027
1030,proV-1,HMDA,0.6683525341734483
1031,MG1655-2,HMDA,0.7437215594996903
1032,proV_sspA-2,HMDA,0.262939087459809
1033,HMDA7-1_2,HMDA,0.368058966622645
1034,proV-2,HMDA,0.4278636615806441
1035,proV_sspA-3,HMDA,0.2715337827143872
1036,proV_sspA_nusA-2,HMDA,0.290311808273664
1037,proV_sspA_nusA-3,HMDA,0.2815554931972644
1038,proV_sspA_nusA-1,HMDA,0.2964307445860824
1039,rpsG1-1,HMDA,0.2238787074690661
1040,MG1655-3,HMDA,0.5985578065658036
1041,MG1655-1,HMDA,0.6485231600613174
1042,HMDA7-1_1,HMDA,0.40157122087372904
1043,proV_rpsG1-1,HMDA,0.2722705284366087
1044,rpsG1-3,HMDA,0.22492897812159937
1045,proV-3,HMDA,0.7174601879215367
1046,proV_rpsG1-3,HMDA,0.27050481889823236
1047,HEXA1-1_3,hexanoate,0.5242968938784169
1048,proQ-2,hexanoate,0.14863598047049056
1049,HEXA2-9_3,hexanoate,0.5469600309974999
1050,MG1655-2,hexanoate,0.22109055683549678
1051,proQ-3,hexanoate,0.1458959967848309
1052,ompR-1,hexanoate,0.2906650072120476
1053,HEXA6-9_3,hexanoate,0.4658763255098254
1054,ompR_proQ-3,hexanoate,0.33978564135440736
1055,HEXA4-10_2,hexanoate,0.7251034181248965
1056,HEXA4-10_1,hexanoate,0.7766297785257801
1057,HEXA6-9_1,hexanoate,0.5061935568254131
1058,ompR-2,hexanoate,0.19454911927930552
1059,ompR_proQ-2,hexanoate,0.3319714725669299
1060,HEXA1-1_2,hexanoate,0.6382704358034652
1061,HEXA1-1_1,hexanoate,0.6998809332548921
1062,HEXA2-9_1,hexanoate,0.49078120182720586
1063,HEXA6-9_2,hexanoate,0.44755655437357034
1064,ompR-3,hexanoate,0.2438235097107684
1065,proQ-1,hexanoate,0.1547375734087108
1066,HEXA2-9_2,hexanoate,0.31351729603786777
1067,ompR_proQ-1,hexanoate,0.3380216651280607
1068,MG1655-3,hexanoate,0.17987744360847238
1069,MG1655-1,hexanoate,0.190080273101317
1070,HEXA4-10_3,hexanoate,0.7723079336492484
1071,COUM4-2_1,coumarate,0.5223114055932672
1072,nadR_yhjK-2,coumarate,0.4313653564231897
1073,ypjA_mprA-3,coumarate,0.46744075182092976
1074,COUM2-4_2,coumarate,0.6700966274340101
1075,ypjA_mprA_nadR-1,coumarate,0.498301642079968
1076,mprA_yhjK-2,coumarate,0.5405799389344029
1077,mprA-2,coumarate,0.43028281520528805
1078,ypjA-1,coumarate,0.2808323171763725
1079,nadR_mprA-3,coumarate,0.5118003957736121
1080,COUM8-6_1,coumarate,0.49761557521143956
1081,nadR_yhjK-3,coumarate,0.40790052949030775
1082,nadR-3,coumarate,0.4195584331269998
1083,COUM2-4_3,coumarate,0.7506251105950797
1084,ypjA-3,coumarate,0.259199268827039
1085,COUM4-2_3,coumarate,0.3482428766828902
1086,ypjA_mprA-2,coumarate,0.4422840641830995
1087,COUM2-4_1,coumarate,0.6310444747278146
1088,nadR_mprA-1,coumarate,0.491986188637818
1089,ypjA_mprA_yhjK-2,coumarate,0.4706139284668198
1090,ypjA_mprA_yhjK-1,coumarate,0.4845157708596578
1091,COUM7-6_1,coumarate,0.6562025355408153
1092,COUM7-6_3,coumarate,0.6450836366651383
1093,ypjA_mprA_nadR-3,coumarate,0.5602289974364325
1094,COUM8-6_2,coumarate,0.5561730202878729
1095,nadR_mprA_yhjK-3,coumarate,0.5606382781817268
1096,nadR-2,coumarate,0.4051171983736584
1097,MG1655-2,coumarate,0.3154511136588486
1098,nadR_yhjK-1,coumarate,0.4125540672594101
1099,COUM8-6_3,coumarate,0.538519107979729
1100,nadR_mprA_yhjK-2,coumarate,0.6180583026057391
1101,mprA-1,coumarate,0.4541477291014129
1102,yhjK-2,coumarate,0.38674785548951857
1103,ypjA_mprA_nadR-2,coumarate,0.5420683791689199
1104,mprA-3,coumarate,0.4180147046658835
1105,nadR_mprA-2,coumarate,0.4698443359078172
1106,yhjK-3,coumarate,0.38649547666176665
1107,mprA_yhjK-3,coumarate,0.5836063619722431
1108,nadR-1,coumarate,0.4266668710838759
1109,ypjA-2,coumarate,0.3661311532940734
1110,COUM4-2_2,coumarate,0.32508840947365103
1111,yhjK-1,coumarate,0.42729148588044663
1112,ypjA_mprA_yhjK-3,coumarate,0.45142365138881485
1113,MG1655-3,coumarate,0.2458283587794405
1114,COUM7-6_2,coumarate,0.6935618899299417
1115,MG1655-1,coumarate,0.19197354040188658
1116,ypjA_mprA-1,coumarate,0.46890653822342887
1117,mprA_yhjK-1,coumarate,0.4843333515333574
1118,nadR_mprA_yhjK-1,coumarate,0.6360917475864302
1119,12PD4-6_1,"1,2-propanediol",0.7821009159686438
1120,acrB-2,"1,2-propanediol",0.3049215148907356
1121,metJ_relA_yeaR-1,"1,2-propanediol",0.23044387357433385
1122,metJ_relA_clsA-3,"1,2-propanediol",0.1161488939863755
1123,metJ_relA_acrB-3,"1,2-propanediol",0.121521733925085
1124,metJ_relA_purT-2,"1,2-propanediol",0.0
1125,metJ-3,"1,2-propanediol",0.3617804320877009
1126,12PD3-8_3,"1,2-propanediol",0.6747321291816261
1127,metJ_relA_rnb-2,"1,2-propanediol",0.22804859745624373
1128,metJ_relA_rnb-1,"1,2-propanediol",0.22084345302840971
1129,metJ_relA_clsA-1,"1,2-propanediol",0.14137575195576138
1130,acrB-1,"1,2-propanediol",0.0
1131,MG1655-2,"1,2-propanediol",0.0
1132,metJ_relA_yeaR-2,"1,2-propanediol",0.20827610701157517
1133,metJ_relA_acrB-1,"1,2-propanediol",0.1039735335953627
1134,metJ_relA_treA-1,"1,2-propanediol",0.26164438730479067
1135,metJ_acrB-1,"1,2-propanediol",0.3439078627046651
1136,metJ_relA_clsA-2,"1,2-propanediol",0.143602829401012
1137,metJ_acrB-2,"1,2-propanediol",0.3665897731598256
1138,12PD7-6_2,"1,2-propanediol",0.8270260101193978
1139,12PD3-8_2,"1,2-propanediol",0.562258132469834
1140,metJ_relA_purT-1,"1,2-propanediol",0.2643620304770835
1141,metJ_relA_treR-3,"1,2-propanediol",0.12381658789315528
1142,metJ_relA_treR-1,"1,2-propanediol",0.24672910749503607
1143,12PD4-6_2,"1,2-propanediol",0.5906085757550283
1144,12PD6-3_3,"1,2-propanediol",0.33842714380776473
1145,12PD3-8_1,"1,2-propanediol",0.5870104698735994
1146,metJ-1,"1,2-propanediol",0.3638413908212331
1147,metJ_relA_treA-2,"1,2-propanediol",0.19941735962425533
1148,12PD4-6_3,"1,2-propanediol",0.8166646841337055
1149,12PD7-6_1,"1,2-propanediol",0.7771305806275705
1150,12PD7-6_3,"1,2-propanediol",0.6940509113583322
1151,12PD6-3_1,"1,2-propanediol",0.2822778294999035
1152,acrB-3,"1,2-propanediol",0.3267702888248851
1153,metJ_relA_acrB-2,"1,2-propanediol",0.237134507804503
1154,12PD6-3_2,"1,2-propanediol",0.0
1155,metJ_acrB-3,"1,2-propanediol",0.35449275644115225
1156,metJ_relA_rnb-3,"1,2-propanediol",0.16227399300182702
1157,metJ-2,"1,2-propanediol",0.382866451442542
1158,MG1655-3,"1,2-propanediol",0.0
1159,metJ_relA_treA-3,"1,2-propanediol",0.15693167527368218
1160,MG1655-1,"1,2-propanediol",0.0
1161,metJ_relA_treR-2,"1,2-propanediol",0.18286846329815754
1162,metJ_relA_yeaR-3,"1,2-propanediol",0.0968082106866969
1163,metJ_relA_purT-3,"1,2-propanediol",0.3264725232912125
1164,HMDA1-10_3,HMDA,0.4093068546366482
1165,proV_ptsP-2,HMDA,0.20683565871518758
1166,proV_ptsP-1,HMDA,0.225549565447244
1167,proV_nagC-1,HMDA,0.12954728750239936
1168,MG1655-2,HMDA,0.10327564076218686
1169,HMDA5-4_3,HMDA,0.7000437363713441
1170,proV_wbbK-3,HMDA,0.045591755188511135
1171,HMDA7-1_2,HMDA,0.3894638567090896
1172,HMDA1-10_1,HMDA,0.40388164719832403
1173,HMDA3-5_3,HMDA,0.5900751313188317
1174,wbbK-1,HMDA,0.122112618826719
1175,proV_ptsP_wbbK-1,HMDA,0.26647964741035224
1176,ptsP-2,HMDA,0.20983519622183838
1177,proV_ptsP_nagC-1,HMDA,0.2970370729346172
1178,HMDA5-4_1,HMDA,0.7464951246732937
1179,HMDA7-1_1,HMDA,0.4101888454254284
1180,proV-1,HMDA,0.20338648364510953
1181,wbbK-3,HMDA,0.13029019185205082
1182,proV_wbbK-1,HMDA,0.18744732112882903
1183,HMDA5-4_2,HMDA,0.6824714444680643
1184,proV_ptsP_wbbK-2,HMDA,0.23364140120773455
1185,HMDA7-1_3,HMDA,0.3908034169775691
1186,HMDA3-5_1,HMDA,0.652681439838079
1187,proV-2,HMDA,0.21019822647736583
1188,proV_nagC-3,HMDA,0.0
1189,HMDA3-5_2,HMDA,0.63700449025927
1190,ptsP-3,HMDA,0.20907070939522368
1191,wbbK-2,HMDA,0.131496384790651
1192,proV_nagC-2,HMDA,0.14804874761194417
1193,proV_ptsP-3,HMDA,0.12548224839143113
1194,MG1655-3,HMDA,0.10431891061458716
1195,proV_ptsP_nagC-2,HMDA,0.2964821870082378
1196,proV_wbbK-2,HMDA,0.11155196185912153
1197,proV_ptsP_wbbK-3,HMDA,0.17357044325401738
1198,MG1655-1,HMDA,0.08812825591075403
1199,HMDA1-10_2,HMDA,0.4092902459349406
1200,ptsP-1,HMDA,0.20476109825554636
1201,proV_ptsP_nagC-3,HMDA,0.22740404220564936
1202,proV-3,HMDA,0.20043272475384108
1203,12PD4-6_1,"1,2-propanediol",0.48908365344296395
1204,acrB-2,"1,2-propanediol",0.1927882573725056
1205,12PD7-6_1,"1,2-propanediol",0.8199446806253687
1206,relA-3,"1,2-propanediol",0.1170395852006231
1207,treA-1,"1,2-propanediol",0.24967938006259546
1208,metJ-lg-2,"1,2-propanediol",0.028388680502854445
1209,purT-1,"1,2-propanediol",0.12892826127023377
1210,12PD3-8_3,"1,2-propanediol",0.535766069481808
1211,metJ-3,"1,2-propanediol",0.27902464668902427
1212,yfgF-3,"1,2-propanediol",0.2497091432939844
1213,treA-3,"1,2-propanediol",0.09477827558183823
1214,acrB-1,"1,2-propanediol",0.33070760915588987
1215,yfgF-1,"1,2-propanediol",0.0
1216,metJ-2,"1,2-propanediol",0.39987615464801124
1217,clsA-3,"1,2-propanediol",0.09606989119649022
1218,treA-2,"1,2-propanediol",0.27700704545981275
1219,purT-3,"1,2-propanediol",0.12799591411208847
1220,relA-2,"1,2-propanediol",0.18167626395027783
1221,fabR-2,"1,2-propanediol",0.14561269875785418
1222,12PD7-6_2,"1,2-propanediol",0.8587306442952835
1223,12PD3-8_2,"1,2-propanediol",0.5930617776620106
1224,clsA-1,"1,2-propanediol",0.18990051770416236
1225,MG1655-2,"1,2-propanediol",0.15003528390441628
1226,12PD4-6_2,"1,2-propanediol",0.49278541474133314
1227,12PD6-3_3,"1,2-propanediol",0.4304375973694926
1228,metJ-sm-1,"1,2-propanediol",0.0956382165693013
1229,12PD3-8_1,"1,2-propanediol",0.5946875648232655
1230,metJ-1,"1,2-propanediol",0.3896466088223161
1231,metJ-lg-1,"1,2-propanediol",0.1171560482352855
1232,metJ-sm-3,"1,2-propanediol",0.12330851326916142
1233,12PD4-6_3,"1,2-propanediol",0.48817030759018437
1234,12PD7-6_3,"1,2-propanediol",0.8458985993994191
1235,12PD6-3_1,"1,2-propanediol",0.4351194012655633
1236,acrB-3,"1,2-propanediol",0.1251827576571257
1237,12PD6-3_2,"1,2-propanediol",0.4403937906196565
1238,purT-2,"1,2-propanediol",0.0
1239,yfgF-2,"1,2-propanediol",0.22581726689981538
1240,relA-1,"1,2-propanediol",0.2283202026958897
1241,fabR-3,"1,2-propanediol",0.12073820207646117
1242,metJ-lg-3,"1,2-propanediol",0.1267374303435562
1243,fabR-1,"1,2-propanediol",0.20448518145003206
1244,MG1655-3,"1,2-propanediol",0.24019863211447284
1245,MG1655-1,"1,2-propanediol",0.1413575470816096
1246,metJ-sm-2,"1,2-propanediol",0.11205013614520876
1247,clsA-2,"1,2-propanediol",0.09497441273122342
1248,IBUA8-3_2,isobutyrate,0.34476713375583884
1249,ilvH-3,isobutyrate,0.1767420173144028
1250,MG1655-2,isobutyrate,0.1807335440380169
1251,IBUA8-3_1,isobutyrate,0.3521784929724929
1252,pykF-1,isobutyrate,0.2701957150072143
1253,pykF_ilvN-3,isobutyrate,0.2676603351491636
1254,ilvN-2,isobutyrate,0.23586418731053618
1255,pykF_ilvN-1,isobutyrate,0.27530789329281685
1256,pykF_ilvH-1,isobutyrate,0.2601986435723386
1257,pykF_ilvN-2,isobutyrate,0.2718344565075961
1258,ilvN-3,isobutyrate,0.24231594074225368
1259,IBUA8-3_3,isobutyrate,0.3516568125113264
1260,pykF-2,isobutyrate,0.2548881008779194
1261,pykF-3,isobutyrate,0.24780765483332012
1262,pykF_ilvH-2,isobutyrate,0.2437316685334276
1263,pykF_ilvH-3,isobutyrate,0.27114917030068464
1264,MG1655-1,isobutyrate,0.2018589931815147
1265,ilvH-2,isobutyrate,0.2087607502508376
1266,ilvH-1,isobutyrate,0.19644559638025266
1267,ilvN-1,isobutyrate,0.2235937123152326
1268,MG1655-3,isobutyrate,0.16772312521883742
