FILE NAME,jose_20141030_100123.csv
PROTOCOL,jose
FILE_VERSION,3.3
DATE START,30.10.2014,10:02:00
DATE END,30.10.2014,10:02:00
DEVICE,BL053-CX_OEDE43
USER,rlennen,COMMENT,no comment available
PLATETYPE,MTP-48-Flowerplate,LOT,1120-std-Temp37
MTP ROWS,6
MTP COLUMNS,8
FILTERSETS,1

FILTERSET,FILTERNAME,EX [nm],EM [nm],LAYOUT,FILTERNO,GAIN,PHASESTATISTICSSIGMA,SIGNALQUALITYTOLERANCE,REFERENCE VALUE,Process Parameters,,Calibration Parameters,,,,Criterion Parameters,,
1,Biomass,620,620,Anna,1,10,1,0,100,SET TEMPERATURE [C],37,Phi0,72.01,Biomass Slope,0,CRITERION,,
,,,,,,,,,,SET HUMIDITY [%],85,Phi100,42.41,Biomass Offset,0,FI,,
,,,,,,,,,,SET O2 [%],20.95,Phi.min,55.88,Biomass Unit,OD600 [-],FJ,,
,,,,,,,,,,SET CO2 [%],0,Phi.max,13.69,,,FACTOR,0,
,,,,,,,,,,SET SHAKER FREQUENCY [rpm],1000,pH0,5.92,,,S0,NaN,
,,,,,,,,,,SET CYCLE TIME [min],10,dpH,0.53,,,EXTRA INFO,,
,,,,,,,,,,SET EXP TIME [h],-1,Temp. Compensation for pH Calibration,False,Temp. pH [C],37,,,
,,,,,,,,,,,,Temp. Compensation for pO2 Calibration,False,Temp. pO2 [C],37,,,

WELL No.,CONTENT,DESCRIPTION,CHANNEL,
,,,READING ->,1,2,3,4,5,6,7,8,9,10,11,12,13,14,15,16,17,18,19,20,21,22,23,24,25,26,27,28,29,30,31,32,33,34,35,36,37,38,39,40,41,42,43,44,45,46,47,48,49,50,51,52,53,54,55,56,57,58,59,60,61,62,63,64,65,66,67,68,69,70,71,72,73,74,75,76,77,78,79,80,81,82,83,84,85,86,87,88,89,90,91,92,93,94,95,96,97,98,99,100,101,102,103,104,105,106,107,108,109,110,111,112,113,114,115,116,117,118,119,120,121,122,123,124,125,126,127,128,129,130,131,132,133,134,135,136,137,138,139,140,141,142,143,144,145,146,147,148,149,150,151,152,153,154,155,156,157,158,159,160,161,162,163,164,165,166,167,168,169,170,171,172,173,174,175,176,177,178,179,180,181,182,183,184,185,186,187,188,189,190
,,,TIME [h] ->,0.00483,0.17142,0.33811,0.50468,0.67151,0.83808,1.00488,1.17163,1.33823,1.5048,1.67152,1.83823,2.00498,2.17148,2.33822,2.50489,2.67162,2.83825,3.00492,3.17162,3.33841,3.50495,3.6717,3.83834,4.00509,4.17172,4.33827,4.50504,4.67166,4.83842,5.00511,5.17165,5.33843,5.50503,5.67177,5.83843,6.00514,6.17177,6.33849,6.50525,6.67178,6.83838,7.00517,7.17188,7.33858,7.5052,7.67194,7.83862,8.00525,8.17182,8.33856,8.50526,8.67195,8.83863,9.00526,9.17194,9.33871,9.50537,9.67206,9.83863,10.00539,10.17207,10.33872,10.50539,10.672,10.8387,11.00557,11.17217,11.3388,11.5054,11.67203,11.83878,12.00559,12.1722,12.33882,12.50549,12.67217,12.83887,13.00553,13.17218,13.33891,13.50559,13.67226,13.8389,14.00556,14.17227,14.33889,14.50565,14.67235,14.83896,15.00564,15.17225,15.339,15.50577,15.67235,15.83916,16.00574,16.17236,16.33911,16.50575,16.67248,16.83926,17.00583,17.17249,17.33901,17.5058,17.67258,17.83914,18.00586,18.17251,18.33924,18.50592,18.67262,18.83918,19.00591,19.17252,19.33927,19.50593,19.67265,19.83928,20.00605,20.17276,20.33935,20.50603,20.67276,20.83936,21.00601,21.1727,21.3393,21.50607,21.67269,21.83942,22.00604,22.17281,22.3395,22.5062,22.6728,22.83953,23.00616,23.17296,23.33954,23.50619,23.67293,23.8396,24.00627,24.17291,24.33974,24.5063,24.6729,24.83952,25.00634,25.17295,25.33971,25.50636,25.67302,25.83967,26.00634,26.17305,26.33972,26.50642,26.67306,26.83978,27.00645,27.17314,27.3398,27.50639,27.67305,27.83982,28.00646,28.17314,28.33976,28.50656,28.6733,28.83991,29.00666,29.17325,29.33997,29.50655,29.67336,29.83997,30.00677,30.1733,30.33987,30.50671,30.67347,30.84005,31.00664,31.17336,31.34011,31.50673
A01,X1,,1,13.187,13.983,13.471,13.457,13.611,13.708,13.689,13.971,13.515,13.779,13.836,13.634,13.629,14.258,13.943,13.599,13.536,13.561,13.615,13.782,14.294,13.681,13.7,13.757,13.727,13.681,13.673,13.747,13.76,15.955,13.848,14.212,13.744,13.763,15.067,16.39,13.829,14.039,13.826,14.1,14.094,13.771,13.982,13.837,13.963,13.889,13.853,14.08,13.82,14.107,13.921,14.072,13.902,14.404,13.973,14.076,13.983,15.168,13.959,14.032,13.965,13.888,13.88,13.888,14.03,14.032,14.103,14.007,14.202,14.048,13.945,14.089,14.005,14.005,14.358,13.961,14.271,14.12,14.668,14.215,16.337,16.358,14.202,14.133,14.286,14.12,14.529,14.057,14.123,14.179,14.286,14.322,14.529,14.246,15.784,14.22,14.328,14.658,17.115,16.259,16.849,14.319,14.837,14.556,14.568,14.582,15.031,14.851,14.563,15.01,14.767,14.764,14.74,15.04,14.703,15.404,15.192,14.986,15.45,15.074,15.262,15.201,15.247,16.616,15.614,15.359,16.131,15.642,16.216,16.094,15.793,17.388,15.97,16.28,16.192,16.179,16.274,16.338,16.33,16.683,16.427,16.509,16.673,16.834,16.902,17.509,16.84,16.786,16.871,16.844,16.888,16.861,17.015,16.95,17.259,17.101,17.382,16.762,16.954,17.063,17.762,16.861,17.053,16.816,16.614,16.679,16.697,16.456,16.709,16.539,16.429,16.472,16.462,16.439,16.423,16.372,16.405,16.299,16.382,16.392,16.309,16.406,16.289,16.359,16.452,16.286,16.417,16.462,16.407,16.521
A02,X2,,1,13.267,13.613,13.578,13.644,13.611,13.735,13.878,13.808,13.95,13.806,13.864,13.962,13.929,13.903,13.971,14.064,13.974,14.025,13.916,13.974,13.883,14.147,13.974,14.031,14.055,13.9,13.973,14.048,14.062,13.82,14.039,14.075,14.072,14.092,14.163,14.146,14.212,14.121,14.319,14.072,14.313,14.264,14.366,14.712,14.812,14.738,14.757,15.01,15.107,15.338,15.75,16.012,16.219,16.477,17.057,17.568,17.909,18.523,19.439,19.7,20.538,21.159,21.609,22.956,23.128,24.087,24.122,25.322,25.377,25.184,25.633,26.002,26.405,26.541,26.976,27.623,27.916,28.43,28.572,28.702,29.184,29.663,29.957,30.145,29.963,30.284,30.175,30.674,30.59,30.835,31.026,31.236,31.565,31.439,31.786,31.955,31.985,32.455,32.619,32.518,32.825,33.275,33.084,33.5,33.773,33.888,34.243,34.106,34.4,34.585,34.748,34.858,34.83,35.494,35.2,35.534,35.411,35.594,35.74,35.909,35.994,36.198,36.477,36.375,36.588,36.539,36.827,36.67,36.998,37.051,37.297,37.401,37.272,37.458,37.361,37.851,37.662,37.794,37.949,37.859,38.384,38.083,38.165,38.383,38.571,38.333,38.536,38.645,38.763,38.763,38.802,38.966,38.853,39.139,39.174,39.253,39.461,39.311,39.531,39.594,39.581,39.818,39.9,39.677,39.973,39.778,40.22,40.263,40.179,40.099,40.291,40.396,40.592,40.452,40.66,40.42,40.722,40.693,41.106,40.965,41.323,41.235,41.081,41.048,41.364,41.678,41.633,41.444,41.718,41.742
A03,X3,,1,11.628,11.732,11.954,11.851,11.92,11.931,11.88,11.859,11.992,12.009,12.008,12.05,11.963,12.124,12.139,12.203,12.056,12.139,12.136,12.138,12.158,12.145,12.303,12.226,12.469,12.34,12.333,12.323,12.417,12.507,12.479,12.569,12.676,12.831,13.012,13.079,13.199,13.41,13.662,13.881,14.121,14.209,14.75,15.013,15.304,15.834,16.098,16.705,17.351,18.236,18.48,19.509,20.335,20.76,21.232,22.315,22.733,23.215,24.265,24.332,26.02,26.169,26.344,26.986,27.215,27.765,29.023,29.293,29.684,30.221,30.608,32.04,31.898,32.986,33.149,33.774,34.332,34.591,35.279,35.646,36.302,36.697,36.744,37.688,38.333,38.243,39.17,39.392,39.805,39.897,40.214,40.374,41.651,41.155,41.398,41.762,42.519,42.882,42.992,43.021,43.322,43.557,44.73,43.94,44.575,44.948,45.667,45.594,46.067,45.958,46.731,46.943,47.223,47.389,47.525,47.77,48.472,48.396,49.112,48.716,48.958,49.704,49.428,49.493,50.015,50.203,50.551,50.233,50.808,51.204,51.423,51.672,51.382,51.85,51.775,52.116,52.404,52.381,52.526,52.104,52.511,52.84,53.168,53.215,53.091,53.622,53.84,53.95,53.933,54.043,54.179,54.784,54.718,54.827,54.734,55.173,54.948,54.729,55.332,55.998,55.343,55.992,55.662,56.108,56.067,55.936,56.149,56.254,56.366,56.309,56.501,56.73,56.724,56.727,57.028,56.957,57.844,57.405,57.212,57.632,57.549,57.806,58.168,58.011,57.898,58.761,58.27,58.015,58.648,58.703
A04,X4,,1,12.024,12.209,12.353,12.6,12.725,12.819,12.933,12.807,12.726,12.744,12.909,12.869,12.782,12.808,12.877,12.887,12.96,13.014,12.985,12.905,12.87,13.078,13.07,12.964,12.88,12.887,12.934,12.898,13.048,12.972,12.945,12.952,13.141,13.16,13.204,13.216,13.473,13.574,13.744,13.716,14.067,14.072,14.668,14.63,14.839,15.286,15.578,15.857,16.393,16.869,17.442,17.952,18.427,19.287,19.649,20.487,21.18,21.851,22.411,23.624,24.465,25.979,25.636,26.496,26.915,27.602,28.097,27.416,27.776,28.015,27.617,27.906,28.091,28.227,28.499,29.093,28.922,29.384,29.581,30.036,30.166,30.454,30.584,31.098,30.917,31.865,31.701,31.955,31.708,32.168,32.58,32.518,32.901,33.104,33.233,33.617,33.54,33.793,33.984,33.964,34.107,34.475,34.339,34.836,34.564,34.817,35.008,35.255,35.521,35.733,35.431,35.569,35.84,35.904,35.883,35.971,35.985,36.031,36.15,36.865,36.431,36.936,36.996,37.085,37.08,37.331,37.62,37.354,37.354,37.597,37.734,37.838,37.873,37.978,38.045,37.933,38.018,38.04,38.196,38.215,38.357,38.083,38.411,38.575,38.27,38.36,38.316,38.728,38.571,38.955,38.856,38.554,38.634,38.481,38.955,38.786,38.802,38.818,38.818,39.072,38.787,39.131,38.966,38.715,38.794,38.955,38.904,39.029,39.355,38.947,39.112,39.269,39.08,39.272,39.367,39.54,39.289,39.426,39.399,39.45,39.285,39.583,39.815,39.673,39.661,39.559,39.956,39.52,39.932,40.041
A05,X5,,1,12.394,12.633,12.699,12.895,12.806,12.846,12.798,12.861,12.971,13.016,13.045,13.088,13.055,13.054,13.068,13.188,13.179,13.15,13.204,13.179,13.089,13.132,13.097,12.992,13.071,13.161,13.153,13.062,13.185,13.109,13.164,13.117,13.087,13.105,13.012,13.052,13.199,13.246,13.196,13.169,13.164,13.114,13.187,13.071,13.251,13.177,13.114,13.232,13.191,13.26,13.211,13.252,13.629,13.285,13.482,13.476,13.602,13.476,13.55,13.515,13.719,13.806,14.097,14.269,14.22,14.468,14.566,14.796,15.101,15.546,15.467,15.993,16.398,16.805,17.241,17.608,18.321,18.835,19.521,20.069,20.974,22.002,22.215,22.983,23.692,24.096,24.369,25.117,25.655,25.773,25.982,26.925,27.04,28.41,29.273,29.476,30.211,30.736,31.309,31.808,32.58,32.211,33.166,33.337,33.854,34.243,34.516,34.653,34.619,35.159,34.967,35.46,36.113,36.233,36.812,36.572,36.832,36.713,37.463,37.629,37.443,38.03,38.28,37.769,38.037,38.561,38.823,38.967,39.405,39.482,39.455,39.588,39.869,40.276,40.616,40.747,40.452,40.394,41.018,40.873,40.739,41.669,41.697,41.481,41.859,41.703,41.772,42.101,41.78,41.918,42.399,42.646,42.004,42.54,42.325,43.096,42.838,42.795,42.987,43.056,43.008,42.838,42.701,42.782,43.373,43.509,43.044,43.143,43.642,43.39,43.335,43.256,42.983,42.977,43.851,43.64,43.286,43.638,43.391,43.61,43.499,43.905,43.337,43.66,43.698,44.209,43.861,44.054,43.917,44.294
A06,X6,,1,12.262,12.474,12.859,12.734,12.725,12.658,12.852,12.834,12.672,12.88,12.745,12.815,12.864,12.753,12.822,12.86,12.96,12.768,13.067,12.796,12.898,12.913,12.796,12.882,12.852,12.942,12.77,12.952,12.801,12.835,12.972,12.87,12.895,12.803,12.958,12.969,12.706,12.863,12.868,12.868,12.945,12.95,13.489,12.88,12.977,12.985,12.977,12.822,12.89,12.877,12.938,13.525,13.002,12.931,13.072,12.903,12.893,12.985,12.896,12.915,13.01,13.044,12.954,13.207,13.049,12.997,13.64,12.974,13.057,13.232,12.939,13.191,13.134,13.134,13.107,13.199,13.129,13.493,13.059,13.153,13.174,13.168,13.166,13.398,13.523,13.384,13.411,13.376,13.496,13.58,13.686,13.749,14.774,14,13.927,14.03,14.055,14.139,14.139,14.213,14.504,14.592,14.619,14.801,14.895,15.128,15.605,15.535,16.039,15.994,15.914,16.431,16.432,16.735,16.971,16.934,17.405,17.47,17.638,17.968,18.325,18.673,18.416,18.529,18.786,18.83,19.439,19.005,19.36,19.263,19.181,19.111,19.278,19.181,18.954,18.994,19.556,18.61,18.659,18.628,18.535,18.261,18.727,17.93,17.861,17.618,17.608,17.471,17.392,17.365,17.328,17.465,17.454,17.252,17.259,17.568,17.465,17.447,17.392,17.558,18.064,17.575,17.575,17.558,18.067,17.859,17.793,17.8,18.276,17.8,17.773,17.847,17.671,18.058,17.827,17.913,17.949,17.951,18.116,18.127,18.044,18.057,18.023,18.283,18.237,18.267,18.177,18.276,18.276,18.305
A07,X7,,1,11.866,12.13,12.113,12.119,12.484,12.362,12.42,12.4,12.455,12.472,12.417,12.514,12.536,12.589,12.576,12.532,12.549,12.658,12.547,12.467,12.542,12.666,12.604,12.663,12.524,12.586,12.551,12.596,12.582,12.479,12.671,12.569,12.484,12.694,12.684,12.668,12.569,12.589,12.594,12.567,12.589,12.594,12.749,12.743,12.649,12.656,12.649,12.658,12.726,12.74,12.775,12.787,12.784,12.794,12.799,12.849,12.948,13.04,13.005,13.079,13.146,13.071,13.199,13.262,13.43,13.596,13.586,13.599,13.874,13.967,14.081,14.252,14.276,14.521,14.766,14.968,14.978,15.237,15.431,15.903,16.201,16.358,16.737,17.047,17.312,17.718,17.745,18.47,18.676,19.323,19.521,20.051,20.416,21.178,20.999,21.467,21.423,22.246,22.574,22.97,22.874,23.32,23.402,23.415,23.734,23.348,24.049,23.795,23.853,23.102,23.147,22.774,23.011,22.833,22.847,22.669,22.733,22.547,22.669,22.583,22.619,22.774,22.76,22.765,22.861,22.847,22.61,22.751,22.669,23.006,22.924,22.965,22.697,22.765,22.783,23.12,23.057,23.043,23.482,23.011,23.162,23.052,23.463,23.002,23.066,23.071,23.094,23.533,23.016,23.345,22.957,22.984,23.263,23.423,23.094,23.305,23.204,23.126,23.099,23.218,23.327,23.039,23.122,22.971,23.331,23.345,23.359,23.45,23.607,23.258,23.423,23.319,23.47,23.519,23.329,23.333,23.683,23.595,23.512,23.444,23.885,23.783,23.856,23.864,23.923,23.879,24.447,23.937,23.992,24.315
A08,X8,,1,13.425,13.613,13.764,13.751,13.638,13.654,13.797,13.646,13.624,13.67,13.782,13.771,13.793,13.656,13.697,13.818,13.755,13.861,13.807,13.892,13.801,13.681,13.974,13.73,13.809,13.9,13.727,13.829,13.843,13.738,13.793,13.993,13.881,13.845,13.807,13.818,13.993,13.82,13.908,13.908,13.957,13.826,13.845,13.891,13.908,13.971,14.072,14.025,13.985,14.08,14.112,14.072,14.038,13.995,14.055,14.049,14.283,14.104,14.286,14.196,14.292,14.405,14.397,14.433,14.711,14.577,14.675,14.769,14.719,15.029,15.086,15.258,15.446,15.609,15.527,15.73,15.929,16.137,16.413,16.502,16.828,16.849,17.282,17.428,17.694,17.881,18.372,18.443,18.621,18.942,19.33,19.86,20.171,20.55,20.726,21.113,21.478,21.837,22.001,22.097,22.52,22.856,23.265,23.715,23.788,23.921,24.213,24.315,24.045,24.223,24.103,24.633,24.512,24.802,24.35,23.953,24.181,23.939,23.9,23.675,23.905,23.676,23.17,23.066,23.462,23.585,23.43,23.872,23.681,23.881,23.826,23.868,23.599,23.805,23.713,24.049,24.069,23.809,23.811,24.272,24.147,24.421,24.257,24.565,24.08,24.523,24.383,23.972,24.58,24.388,24.467,24.769,24.55,24.548,24.518,24.485,24.605,24.662,24.58,24.839,24.533,24.742,24.769,24.619,24.73,24.827,24.209,24.52,24.954,24.794,25.041,25.024,25.174,24.974,24.704,24.902,25.09,24.999,25.054,25.152,25.372,25.159,25.122,24.964,25.214,25.392,25.382,25.394,25.394,25.441
B01,X9,,1,12.897,13.003,13.018,13.055,13.209,13.089,13.203,13.213,13.352,13.207,13.236,13.252,13.247,13.3,13.287,13.216,13.152,13.287,13.232,13.399,13.144,13.297,13.289,13.375,13.262,13.298,13.345,13.391,13.459,13.3,13.273,13.308,13.443,13.489,13.314,13.462,13.363,13.273,13.361,13.306,13.3,13.278,13.544,13.454,13.716,13.451,13.443,13.342,13.383,13.451,13.43,13.416,13.411,13.394,13.4,13.34,13.493,13.558,13.496,13.46,13.583,13.398,13.444,13.561,13.485,13.651,13.695,13.627,13.493,13.64,13.673,13.599,13.597,13.705,13.597,13.635,13.754,13.738,13.795,13.779,13.883,13.741,13.656,13.725,13.823,13.874,13.956,13.948,14.041,14.016,14.068,14.104,13.983,14.082,14.172,14.057,14.082,14.276,14.276,14.322,14.477,14.265,14.646,14.583,14.568,14.855,14.785,14.851,15.028,15.01,15.259,15.392,15.313,15.477,15.605,15.623,15.629,15.832,15.888,16.084,16.192,16.377,16.203,16.534,16.544,16.616,16.814,16.872,16.708,16.941,17.023,17.197,17.063,17.074,17.122,17.026,16.957,17.132,17.015,16.93,16.974,16.892,17.002,16.834,16.985,16.741,16.731,16.648,16.597,16.487,16.421,16.504,16.385,16.237,16.053,16.003,16.037,15.939,15.911,15.854,16.008,15.954,15.845,15.937,15.902,15.993,15.929,16.018,16.022,15.935,15.935,16.032,16.187,16.027,16.121,16.124,16.267,16.161,16.299,16.419,16.226,16.323,16.207,16.194,16.425,16.368,16.444,16.297,16.352,16.439
B02,X10,,1,12.289,12.235,12.38,12.467,12.591,12.604,12.582,12.536,12.645,12.662,12.69,12.733,12.7,12.808,12.74,12.641,12.741,12.74,12.766,12.686,12.761,12.749,12.768,12.828,12.743,12.751,12.743,12.816,12.856,12.89,12.917,12.98,13.005,13.16,13.314,13.407,13.473,13.738,13.771,13.935,14.395,14.647,14.805,15.095,15.578,15.971,16.619,17.033,17.679,18.345,18.971,19.618,20.389,20.924,21.996,22.779,23.088,23.597,23.828,23.923,24.438,24.808,24.929,25.733,26.125,26.893,27.062,27.552,27.994,28.07,28.705,28.695,29.097,29.097,29.614,29.664,29.765,29.957,30.099,30.172,30.602,30.535,30.938,30.935,31.217,31.265,31.592,31.601,31.871,32.222,32.362,32.49,32.465,33.076,32.932,33.099,33.513,33.602,33.929,33.991,34.298,34.475,34.639,34.645,35.246,34.953,35.309,35.474,35.384,35.378,35.622,35.897,35.84,36.014,35.992,36.544,36.395,36.577,36.643,36.51,36.705,36.909,36.914,36.894,37.08,37.386,37.073,37.408,37.49,37.542,37.706,38.002,38.01,38.06,38.127,38.097,38.1,38.314,38.36,38.571,38.466,38.576,38.877,38.877,38.9,39.072,38.974,39.139,39.174,39.311,39.351,39.516,39.292,39.633,39.749,39.774,40.12,40.052,39.915,40.144,40.212,40.12,40.339,40.391,40.384,40.601,40.467,40.839,40.921,40.922,41.169,41.111,41.416,41.193,41.293,41.631,41.522,41.574,41.601,41.874,41.929,41.84,42.209,42.01,42.078,42.365,42.596,42.598,42.653,42.95
B03,X11,,1,11.602,11.626,11.687,11.744,11.866,11.823,11.772,11.913,11.883,11.9,12.008,11.995,12.018,12.014,11.948,12.012,12.111,12.112,12.108,12.111,12.186,12.145,12.193,12.253,12.36,12.367,12.497,12.596,12.636,12.616,12.835,12.87,12.922,13.05,13.286,13.353,13.555,13.875,14.127,14.237,14.86,15.113,15.49,15.888,16.564,16.902,17.248,17.962,19.02,19.439,20.035,21.012,21.452,22.124,22.761,23.161,24.069,24.388,24.974,25.967,25.993,26.823,26.861,27.721,28.74,29.509,29.703,31.061,31.865,31.827,33.054,33.373,35.215,35.487,35.406,36.495,36.397,36.744,37.733,37.96,38.348,39.151,39.743,39.812,40.432,40.506,41.078,41.135,41.686,42.428,42.259,42.393,43.422,43.147,44.101,43.996,44.866,44.82,45.039,45.912,45.53,45.985,46.258,46.775,46.758,47.788,47.525,47.727,48.253,48.2,48.724,48.938,49.379,49.741,49.848,50.255,50.357,50.553,51.163,51.146,50.982,51.29,51.614,51.652,52.257,52.226,52.766,52.913,52.995,53.281,53.199,53.313,54.198,53.656,54.209,54.166,54.455,54.734,54.526,54.707,54.92,55.194,55.605,55.409,55.803,55.704,55.76,55.952,55.963,55.991,56.706,56.459,56.718,57.049,57.172,57.177,57.447,57.225,57.143,57.564,57.453,57.53,57.804,57.729,57.958,58.432,58.562,58.174,58.455,58.558,58.667,58.903,59.087,58.867,59.367,59.158,59.498,59.469,59.662,59.671,59.616,59.981,60.039,60.073,60.205,60.164,60.415,60.489,60.819,60.706
B04,X12,,1,12.447,12.394,12.486,12.707,12.913,12.954,12.879,13.023,12.998,13.18,13.1,13.225,13.137,13.328,13.205,13.161,13.316,13.232,13.259,13.234,13.226,13.16,13.179,13.32,13.29,13.298,13.317,13.391,13.486,13.601,13.738,13.911,14.154,14.339,14.492,14.83,15.088,15.435,15.715,16.263,16.612,17.193,17.738,18.267,18.918,19.669,20.26,20.997,22.085,22.391,23.038,24.236,25.132,26.08,26.827,27.362,28.158,28.289,28.136,28.664,28.256,28.402,28.875,28.947,29.067,29.318,29.867,30.218,30.447,30.629,30.907,31.306,31.626,31.952,32.088,32.576,32.374,32.792,33.398,32.977,33.575,33.78,33.882,34.42,33.971,34.7,34.891,35.306,35.47,35.325,35.252,35.982,35.981,36.461,35.964,36.232,36.597,36.85,36.632,37.264,37.106,37.284,37.584,37.071,37.674,37.711,37.851,38.1,37.761,38.44,38.542,38.713,38.706,38.694,38.67,38.675,39.264,39.498,39.158,39.268,39.713,39.479,39.674,39.463,40.061,40.201,39.862,40.143,40.498,40.22,40.384,40.627,40.498,40.523,40.233,40.802,40.971,40.421,40.552,40.873,40.355,40.629,40.602,40.741,41.256,40.963,40.785,41.004,40.848,40.875,41.163,41.053,40.963,41.004,40.736,41.229,41.136,41.095,41.287,41.27,40.815,41.163,41.355,41.325,41.262,41.259,41.18,41.525,41.361,41.196,41.553,41.578,41.856,41.715,41.513,41.989,41.991,41.794,41.766,41.819,42.039,42.336,41.824,42.312,42.023,42.145,42.128,42.378,42.46,42.511
B05,X13,,1,12.183,12.13,12.353,12.413,12.591,12.631,12.528,12.644,12.591,12.635,12.718,12.733,12.591,12.78,12.686,12.696,12.768,12.822,12.793,12.878,12.761,12.776,12.851,12.828,12.661,12.833,12.77,12.843,12.691,12.78,12.753,12.706,12.676,12.721,12.766,12.751,12.843,12.835,12.868,12.786,12.835,12.868,12.941,12.907,13.005,12.93,12.922,13.014,13.136,13.178,13.348,13.361,13.329,13.504,13.509,13.995,13.82,13.886,14.177,14.332,14.51,14.814,15.376,15.413,15.828,16.43,16.907,17.407,17.8,18.595,18.973,19.746,20.749,21.374,22.081,22.861,23.431,24.505,24.619,25.679,25.72,26.228,26.359,26.877,27.754,28.212,28.73,30.211,30.454,31.705,31.244,32.381,32.519,32.831,33.615,33.371,33.923,34.857,34.83,35.191,35.306,35.648,36.111,36.226,36.446,37.302,37.167,37.306,37.187,38.03,38.215,38.358,38.924,38.557,38.889,38.565,39.373,39.389,39.842,39.595,40.178,40.408,40.056,40.747,40.745,40.966,41.256,41.674,41.428,41.805,41.504,42.24,42.002,41.891,42.366,42.906,42.612,42.748,42.607,43.256,43.23,43.586,43.175,43.291,43.53,43.621,43.527,43.253,43.783,43.673,43.964,43.909,44.278,43.939,43.776,44.276,44.513,44.332,44.332,44.073,43.885,44.294,43.992,44.705,44.579,43.948,44.661,44.432,44.522,44.707,44.871,44.521,44.549,44.651,44.676,44.768,44.334,45.208,45.043,44.987,44.96,44.923,45.236,44.429,44.907,45.309,45.043,45.126,45.181,45.035
B06,X14,,1,13.187,13.162,13.125,13.35,13.558,13.466,13.473,13.429,13.434,13.534,13.564,13.498,13.438,13.574,13.643,13.489,13.508,13.506,13.588,13.481,13.473,13.599,13.481,13.566,13.509,13.599,13.563,13.61,13.431,13.492,13.574,13.527,13.525,13.544,13.505,13.517,13.61,13.656,13.525,13.525,13.684,13.58,13.626,13.645,13.58,13.588,13.497,13.588,13.656,13.725,13.73,13.634,13.629,13.695,13.645,13.858,13.629,13.722,13.768,13.596,13.774,13.752,13.662,13.779,13.757,13.705,13.695,13.817,13.847,13.831,13.972,14.062,13.896,14.005,13.896,14.097,13.917,13.847,14.204,14.242,14.019,14.177,14.365,14.269,14.45,14.256,14.638,14.602,14.695,14.533,14.777,14.731,15.101,14.874,15.074,15.201,15.31,15.422,15.75,15.713,15.977,16.228,16.256,16.491,16.477,16.821,16.971,17.532,17.378,17.689,17.688,18.126,18.534,18.567,18.666,18.709,18.99,19.298,19.306,19.06,19.528,19.521,19.482,19.677,19.525,19.568,19.466,19.607,19.525,19.509,19.4,19.329,19.306,19.071,18.735,18.529,18.489,18.5,18.331,18.19,17.905,17.987,17.905,17.766,17.669,17.728,17.663,17.828,17.859,17.886,17.794,17.794,18.002,17.883,17.943,18.034,18.041,18.106,17.969,18.08,18.201,18.234,18.234,18.245,18.177,18.215,18.342,18.376,18.413,18.376,18.267,18.507,18.468,18.525,18.652,18.518,18.61,18.667,18.502,18.623,18.816,18.938,18.766,18.751,18.732,18.844,18.919,18.908,18.99,18.991
B07,X15,,1,12.315,12.421,12.592,12.654,12.699,12.739,12.825,12.807,12.781,12.799,12.909,12.924,12.892,12.999,12.932,13.024,12.878,12.904,12.958,13.015,12.925,12.941,12.933,12.992,12.989,12.997,12.989,12.952,13.102,12.945,13.109,12.952,13.032,13.023,12.93,12.997,13.089,12.999,13.032,12.95,12.917,13.032,13.05,13.126,13.114,13.04,13.005,13.068,13.027,13.068,13.048,13.006,13.138,13.067,13.154,13.067,13.084,13.094,13.032,13.133,13.31,13.207,13.199,13.234,13.24,13.297,13.313,13.382,13.493,13.558,13.537,13.599,13.869,13.787,13.896,13.988,14.053,14.093,14.341,14.405,14.483,14.586,14.774,14.923,14.94,15.346,15.537,15.582,15.949,16.138,16.385,16.532,17.091,17.221,17.722,17.598,18.067,18.507,18.753,19.423,19.766,20.101,20.183,21.071,21.197,21.463,21.89,22.264,22.76,23.376,23.256,23.895,23.83,23.435,24.213,23.789,24.181,24.157,24.31,23.785,23.385,23.54,23.717,23.339,23.38,23.038,23.02,23.544,23.435,23.088,23.17,23.376,23.271,23.367,23.029,23.175,23.193,23.317,23.646,23.504,23.49,23.326,23.408,23.852,23.422,23.345,23.258,23.368,23.537,23.345,23.232,23.451,23.345,23.505,23.395,23.606,23.369,23.592,23.675,24.015,23.601,23.479,23.808,23.658,23.688,23.702,23.935,23.505,23.717,23.533,23.533,23.649,23.745,23.629,23.741,23.746,23.794,23.678,23.705,23.885,24.05,23.893,23.773,23.837,23.923,23.961,23.759,23.91,24.075,23.876
B08,X16,,1,12.104,12.394,12.486,12.707,12.672,12.604,12.663,12.644,12.808,12.771,12.663,12.596,12.782,12.698,12.604,12.723,12.741,12.686,12.738,12.796,12.733,12.721,12.714,12.8,12.634,12.969,12.716,12.733,12.746,12.808,12.698,12.898,12.922,12.831,12.711,12.778,12.816,12.726,12.84,12.84,12.726,12.786,12.941,12.798,12.84,12.903,12.84,12.795,12.89,12.959,12.884,12.815,12.839,12.958,12.881,12.931,13.002,13.013,13.032,12.915,13.174,13.016,13.063,13.071,13.158,13.324,13.259,13.246,13.193,13.341,13.455,13.463,13.488,13.597,13.597,13.607,13.972,13.847,13.959,14.079,14.292,14.204,14.61,14.351,14.641,14.801,14.883,15.038,15.213,15.213,15.622,15.768,15.973,16.238,16.439,16.59,16.948,17.197,17.251,17.677,18.103,18.219,18.629,18.699,19.151,19.579,19.677,20.103,20.356,20.696,20.772,21.052,21.701,21.74,21.808,21.987,22.296,22.137,22.669,22.365,22.92,22.692,22.979,22.82,22.997,22.902,22.665,22.478,22.505,22.241,21.968,21.981,21.904,21.342,21.717,21.781,21.552,21.511,21.673,21.45,21.437,21.683,21.41,21.44,21.669,22.057,21.805,22.079,21.699,22.056,21.831,22.023,21.865,22.408,21.97,22.014,22.353,22.413,22.084,22.201,22.285,22.49,22.188,22.174,22.372,22.303,22.536,22.326,22.591,22.298,22.298,22.192,22.261,22.312,22.146,22.37,22.415,22.576,22.659,22.397,22.562,22.297,22.535,22.545,22.495,22.971,22.467,22.453,22.673,22.477
C01,X17,,1,13.24,13.454,13.365,13.35,13.638,13.6,13.527,13.592,13.624,13.507,13.591,13.689,13.602,13.547,13.615,13.653,13.673,13.561,13.588,13.673,13.637,13.516,13.59,13.785,13.618,13.626,13.727,13.5,13.651,13.629,13.574,13.637,13.552,13.681,13.725,13.653,13.637,13.82,13.552,13.799,13.82,13.716,13.681,13.782,13.744,13.725,13.634,13.697,13.711,13.643,13.703,13.771,13.684,13.749,13.755,13.776,13.656,13.776,13.85,13.76,13.855,13.752,13.825,13.833,13.812,13.978,13.749,13.871,13.82,13.749,13.727,13.98,13.977,13.977,13.814,14.043,14.108,13.983,13.986,13.915,13.91,14.014,13.983,13.915,13.986,13.847,13.902,14.057,14.15,14.233,13.986,14.076,14.011,14.109,14.09,14.22,14.164,14.194,14.167,14.158,14.15,14.183,14.237,14.501,14.404,14.364,14.457,14.551,14.454,14.517,14.658,14.682,14.685,14.63,14.621,14.776,14.946,14.74,15.013,14.992,15.125,15.01,15.192,15.222,15.231,15.386,15.529,15.559,15.532,15.547,15.629,15.884,15.86,16.116,15.863,16.097,16.219,16.201,16.166,16.218,16.235,16.399,16.536,16.587,16.492,16.55,16.758,16.566,16.762,16.734,16.696,16.696,16.577,16.594,16.409,16.579,16.531,16.597,16.487,16.514,16.419,16.504,16.366,16.376,16.34,16.405,16.395,16.155,16.27,16.1,16.182,16.224,16.187,16.164,16.231,16.234,16.101,16.244,16.216,16.171,16.171,16.241,16.207,16.056,16.342,16.231,16.389,16.38,16.297,16.274
C02,X18,,1,12.897,12.924,12.965,13.136,13.316,13.196,13.23,13.267,13.325,13.343,13.454,13.389,13.301,13.355,13.315,13.353,13.371,13.397,13.341,13.371,13.336,13.379,13.344,13.484,13.399,13.489,13.427,13.5,13.596,13.519,13.437,13.445,13.525,13.681,13.779,13.845,13.856,13.875,14.127,14.291,14.505,14.675,14.723,15.067,15.359,15.779,16.044,16.486,16.94,17.498,17.961,18.334,19.353,19.751,20.932,21.36,21.752,22.915,23.174,24.032,24.329,24.372,24.276,24.59,25.635,25.967,26.409,26.9,27.531,27.58,28.215,28.45,28.716,28.988,29.45,29.555,29.629,30.093,30.29,30.336,30.384,30.835,30.829,31.234,31.244,31.511,31.456,31.655,31.844,31.896,32.117,32.545,32.492,32.885,33.042,33.29,33.213,33.547,33.574,33.854,34.107,34.502,34.448,34.809,34.946,34.871,35.309,35.365,35.329,35.432,35.704,36.007,35.895,36.123,36.156,36.162,36.231,36.304,36.67,36.646,36.623,36.745,37.215,37.14,37.026,37.249,37.565,37.654,37.49,37.57,37.706,38.03,37.764,38.142,37.936,38.261,38.455,38.287,38.524,38.763,38.494,38.63,38.63,38.767,38.599,38.935,38.974,38.947,39.284,39.147,39.323,39.406,39.483,39.468,39.667,39.747,39.735,39.86,39.887,40.089,40.349,40.339,40.257,40.391,40.384,40.491,40.604,40.73,40.784,40.702,40.73,41.138,40.976,41.001,41.485,41.246,41.412,41.463,41.463,41.791,41.902,41.703,41.989,42.148,42.16,42.338,42.321,42.268,42.625,42.511
C03,X19,,1,13.002,13.03,13.365,13.243,13.289,13.277,13.284,13.402,13.379,13.479,13.454,13.47,13.52,13.738,13.479,13.489,13.508,13.479,13.588,13.673,13.719,13.681,13.755,13.812,13.809,13.9,13.973,14.13,14.144,14.121,14.313,14.459,14.401,14.64,14.848,14.967,15.307,15.49,15.715,15.961,16.283,16.728,17.08,17.556,18.07,18.93,19.083,19.849,20.471,21.216,21.81,22.788,23.06,24.416,24.753,24.988,26.059,26.08,26.391,27.356,27.82,28.593,28.902,30.308,30.756,31.77,32.208,32.53,33.419,34.032,34.576,35.277,35.406,37.146,37.5,38.645,38.137,38.543,39.832,39.458,40.503,40.65,40.533,40.956,41.795,42.441,42.877,42.579,43.649,43.816,43.867,44.821,44.731,45.494,45.221,45.494,45.658,46.704,46.567,47.303,47.766,47.485,47.785,48.084,48.64,49.126,49.985,49.505,50.111,50.005,51.071,50.825,51.153,51.737,51.406,51.921,52.406,52.491,52.312,52.676,53.088,53.723,53.609,53.291,53.761,54.111,54.57,54.691,54.691,54.866,55.139,55.254,55.839,56.201,55.823,56.052,56.206,56.623,56.718,56.707,57.165,56.919,57.248,57.657,57.611,57.348,57.927,58.146,58.021,58.075,58.298,58.683,58.472,58.777,58.706,59.126,59.26,59.008,59.337,59.515,59.29,59.671,60.056,60.037,59.74,60.215,60.179,60.423,60.296,60.34,60.916,60.91,60.819,61.365,61.017,60.947,61.593,61.314,61.644,61.544,62.012,62.265,61.938,62.273,62.128,62.365,62.863,62.413,62.797,63.066
C04,X20,,1,13.716,13.507,13.551,13.804,13.987,14.031,14.148,14.133,14.195,14.215,14.219,14.318,14.23,14.258,14.271,14.338,14.275,14.326,14.273,14.221,14.267,14.284,14.303,14.332,14.274,14.255,14.274,14.376,14.363,14.422,14.422,14.431,14.51,14.613,14.711,14.775,15.034,15.107,15.332,15.441,15.763,16.044,16.231,16.571,16.755,17.396,17.714,18.236,18.774,19.247,19.899,20.575,21.289,21.715,22.706,23.515,24.423,25.561,26.173,26.484,27.465,28.402,28.739,29.246,29.013,29.809,29.295,29.103,29.575,29.567,29.683,30.517,30.266,30.946,31.028,31.216,31.314,32.001,32.28,32.46,32.757,33.071,33.528,33.467,33.616,34.155,34.345,34.543,34.816,34.672,35.116,35.382,35.272,35.724,35.909,36.286,35.86,36.468,36.441,36.528,37.242,37.202,37.339,37.317,37.537,37.22,37.687,37.881,37.898,38.03,38.215,38.358,38.051,38.803,38.506,38.511,38.335,39.034,39.049,38.913,39.303,39.506,39.346,39.436,39.678,39.518,39.998,39.951,40.28,40.002,40.248,40.381,40.444,40.058,40.534,40.911,40.889,40.804,41.045,40.599,40.985,40.766,41.177,40.796,41.092,41.127,41.169,40.812,41.149,41.149,40.971,41.3,41.264,41.415,41.338,41.366,41.52,41.671,41.396,41.243,41.144,41.383,41.3,41.16,41.536,41.561,41.646,41.717,41.883,41.553,41.498,41.661,41.966,42.126,42.145,42.016,41.935,42.262,42.234,42.342,42.37,42.419,42.126,42.34,42.325,42.641,42.293,42.653,42.515,42.62
C05,X21,,1,12.289,12.315,12.539,12.574,12.645,12.765,12.771,12.752,12.89,12.88,12.69,12.787,12.864,12.863,12.795,12.86,12.796,12.795,12.875,12.878,12.816,12.803,12.878,12.882,12.852,12.805,12.798,12.898,12.911,12.726,12.863,12.87,12.786,12.886,12.903,12.887,12.87,12.78,12.95,12.813,12.808,12.895,13.187,12.88,12.895,12.903,12.813,12.959,12.945,12.932,12.966,12.869,13.029,13.013,13.045,12.958,13.084,13.204,13.032,13.161,13.201,13.234,13.172,13.316,13.403,13.487,13.586,13.79,13.765,13.885,14.108,14.225,14.494,14.793,14.739,15.159,15.467,15.728,16.195,16.72,17.156,17.776,18.263,18.735,19.112,20.444,20.853,21.685,22.165,23.024,24.837,24.525,24.996,25.435,25.696,26.806,26.281,27.023,27.951,28.589,29.254,29.375,30.111,31.592,31.699,32.086,32.494,33.122,33.335,34.366,34.12,34.53,34.885,35.522,35.282,35.807,35.657,36.031,36.096,36.373,36.294,37.21,36.859,37.659,37.791,38.015,38.604,38.037,38.448,38.444,39.073,38.959,39.487,39.373,39.303,40.01,39.795,40.75,40.388,40.955,41.012,41.095,41.04,41.673,41.722,41.621,41.937,42.458,41.863,42.247,42.838,42.509,42.662,42.869,42.735,43.15,42.646,42.933,42.878,42.864,43.583,43.552,43.415,43.414,43.51,43.536,43.4,43.418,43.999,43.116,43.692,44.026,43.944,44.377,43.906,44.162,44.251,44.189,43.914,44.243,44.712,44.345,43.97,44.374,44.193,44.401,44.713,44.686,44.467,44.651
C06,X22,,1,12.791,12.765,12.912,13.136,13.182,13.035,13.149,13.131,13.27,13.289,13.127,13.307,13.165,13.191,13.15,13.353,13.179,13.232,13.341,13.207,13.117,13.27,13.289,13.183,13.262,13.325,13.235,13.171,13.294,13.191,13.164,13.254,13.278,13.297,13.259,13.243,13.363,13.273,13.361,13.278,13.328,13.415,13.352,13.317,13.415,13.423,13.333,13.315,13.437,13.315,13.375,13.389,13.302,13.449,13.236,13.394,13.357,13.558,13.305,13.269,13.474,13.425,13.444,13.616,13.621,13.596,13.613,13.572,13.629,13.64,13.673,13.599,13.841,13.705,13.76,13.88,13.782,13.902,13.959,13.888,13.965,14.068,14.147,14.187,14.232,14.365,14.365,14.466,14.641,14.696,14.777,14.813,14.965,15.228,15.265,15.446,15.419,15.968,16.05,16.041,16.195,16.719,16.474,16.955,17.241,17.504,17.682,17.887,18.498,18.126,18.425,18.864,18.753,19.278,19.349,19.61,19.509,19.599,19.88,19.688,19.528,20.04,19.7,19.786,19.853,19.786,19.767,19.36,19.607,19.263,19.29,19.439,18.923,18.989,18.626,18.611,18.352,18.309,17.974,17.834,17.878,17.96,17.987,17.903,17.889,18.002,17.828,18.075,17.777,17.996,17.959,18.041,18.057,18.267,18.3,18.172,18.179,18.188,18.27,18.272,18.256,18.508,18.289,18.355,18.342,18.407,18.561,18.514,18.606,18.568,18.596,18.562,18.523,18.607,18.652,18.738,18.583,18.639,18.722,18.898,18.843,18.883,18.793,18.696,19.006,18.954,18.947,18.935,19.018,19.046
C07,X23,,1,26.903,27.517,27.581,27.849,29.129,28.951,29.214,29.349,29.396,29.137,29.447,29.373,29.361,29.447,29.472,29.523,29.373,29.5,29.613,29.455,29.383,29.171,29.455,29.484,29.177,29.25,29.642,29.109,29.549,29.365,29.42,29.519,29.212,29.555,29.23,29.414,29.355,29.201,29.431,29.514,29.42,29.596,29.473,29.314,29.349,29.531,29.431,29.308,29.502,29.418,29.425,29.564,29.793,29.408,29.529,29.762,29.657,29.517,29.663,29.482,29.593,29.6,29.447,29.791,29.694,30.054,29.812,29.647,29.493,29.758,30.091,30.109,29.858,30.076,29.831,30.045,30.336,30.475,30.59,30.526,30.575,30.426,30.72,30.771,31.162,31.238,31.102,31.247,31.762,31.841,32.062,32.19,32.574,32.722,32.823,32.99,33.54,33.738,34.284,34.591,35.034,35.211,35.621,35.763,36.473,36.646,37.113,37.389,37.706,38.194,38.57,39.041,39.225,39.596,39.736,39.767,39.728,39.907,40.143,40.278,40.315,39.998,40.138,39.736,39.979,39.654,39.807,39.569,39.569,39.182,39.537,38.795,38.912,39.182,39.577,38.862,39.002,38.752,38.963,39.147,39.507,39.123,39.26,39.315,38.955,39.072,39.166,39.413,39.531,38.79,39.076,39.818,39.456,39.578,39.749,39.802,39.9,39.503,39.586,39.787,39.417,39.625,39.763,39.594,39.48,39.503,39.672,39.715,40.014,39.495,39.797,39.681,39.492,39.794,39.559,39.375,40.143,39.839,39.674,39.973,40.028,40.106,40.09,39.591,39.771,39.835,39.901,39.74,39.602,39.958
C08,X24,,1,12.87,13.242,13.231,13.403,13.343,13.439,13.311,13.51,13.434,13.588,13.454,13.552,13.492,13.574,13.479,13.489,13.59,13.561,13.451,13.508,13.418,13.516,13.59,13.511,13.427,13.435,13.563,13.527,13.431,13.492,13.492,13.527,13.497,13.708,13.588,13.599,13.692,13.601,13.497,13.607,13.601,13.689,13.599,13.481,13.799,13.533,13.662,13.588,13.656,13.67,13.621,13.744,13.711,13.667,13.891,13.667,13.874,13.831,13.877,13.814,13.883,13.888,13.934,13.861,13.948,14.06,14.048,14.198,14.392,14.294,14.407,14.279,14.494,14.494,14.603,14.696,14.706,14.828,14.995,15.113,15.165,15.377,15.564,15.685,15.813,16.055,16.137,16.318,16.467,16.764,17.067,17.241,17.473,17.848,18.105,18.497,18.612,18.944,19.107,19.587,19.766,20.21,20.429,20.825,21.087,21.272,21.727,22.154,22.46,22.829,22.956,23.321,22.874,23.681,23.558,23.762,24.236,24.13,24.119,24.085,24.26,23.922,24.017,23.995,23.79,23.694,23.266,23.572,23.161,22.979,22.897,23.02,22.615,23.175,22.674,22.847,23.276,23.016,23.043,23.285,23.107,23.436,22.888,23.139,23.477,23.4,23.56,23.78,23.483,23.51,23.588,23.588,23.728,23.697,23.751,23.414,23.616,23.51,23.675,23.685,23.765,24.028,23.945,23.603,23.907,23.867,23.77,23.999,23.91,23.697,23.697,23.897,23.443,23.657,24.071,24.076,23.766,23.568,23.788,24.188,23.94,24.031,24.021,23.892,23.895,24.071,24.172,23.91,24.294,24.206
D01,X25,,1,14.244,14.407,14.323,14.339,14.551,14.516,14.472,14.431,14.576,14.487,14.546,14.536,14.53,14.559,14.572,14.502,14.659,14.627,14.437,14.522,14.513,14.586,14.495,14.633,14.548,14.556,14.466,14.513,14.583,14.505,14.587,14.513,14.593,14.668,14.683,14.584,14.65,14.641,14.565,14.51,14.559,14.675,14.586,14.466,14.565,14.656,14.593,14.545,14.587,14.791,14.631,14.563,14.583,14.677,14.682,14.677,14.665,14.677,14.695,14.741,14.701,14.678,14.669,14.732,14.738,14.768,14.756,14.633,14.747,14.729,14.787,14.742,14.82,14.793,14.82,14.887,14.624,14.992,14.913,14.814,15.028,14.913,14.992,14.923,14.913,14.992,14.938,14.983,15.022,14.995,15.104,15.086,15.183,15.174,15.21,15.228,15.174,15.259,15.422,15.44,15.431,15.574,15.519,15.483,15.659,15.62,15.796,15.727,15.93,15.966,16.023,16.048,16.105,16.188,16.261,16.278,16.285,16.596,16.599,16.657,16.766,16.677,16.859,17.081,17.173,17.081,17.005,17.036,17.2,17.596,17.405,17.333,17.419,17.429,17.45,17.573,17.532,17.624,17.7,17.697,17.467,17.467,17.631,17.547,17.615,17.481,17.663,17.663,17.557,17.392,17.41,17.41,17.372,17.334,17.231,17.321,17.273,17.008,17.008,17.201,17.077,17.025,17.025,17.036,16.998,17.008,16.916,16.923,17.012,16.923,17.06,17.022,17.039,17.015,17.111,17.142,17.094,17.07,17.153,17.163,17.135,17.149,17.115,17.431,17.276,17.386,17.352,17.259,17.341,17.427
D02,X26,,1,13.848,14.036,14.35,14.339,14.739,14.92,14.823,14.512,14.358,14.46,14.628,14.563,14.558,14.751,14.49,14.447,15.043,14.49,14.464,14.385,14.459,14.394,14.549,14.441,14.493,14.502,14.575,14.459,14.72,14.614,14.587,14.376,14.702,14.558,14.601,14.611,14.513,14.86,14.757,14.62,14.532,14.757,14.695,14.657,14.675,14.683,14.839,14.928,14.942,15.01,14.958,15.055,15.21,15.277,15.392,15.359,15.619,15.959,16.031,15.994,16.01,16.502,16.492,16.72,16.972,17.002,17.452,17.679,18.045,18.704,18.375,19.365,19.253,19.362,19.906,20.52,20.74,21.452,21.538,21.921,22.174,22.929,23.17,23.228,23.965,24.369,24.369,24.354,24.483,24.602,25.11,24.716,24.778,24.644,24.658,24.627,24.807,24.649,24.649,24.634,24.374,24.493,24.738,24.778,24.825,24.495,24.678,24.862,24.591,24.852,24.649,24.797,25.058,24.556,24.951,25.073,25.001,25.058,25.048,25.669,25.053,25.262,25.165,24.951,25.13,25.088,25.371,25.267,25.021,25.274,25.192,25.453,25.267,25.556,25.382,25.525,25.382,25.534,25.235,25.258,25.407,25.489,25.325,25.662,25.504,25.729,25.508,25.837,25.595,25.842,26.28,26.28,25.92,26.083,25.806,26.104,26.142,26.171,26.61,26.295,26.177,26.472,26.472,26.735,26.731,26.912,27.005,26.989,27.125,27.235,27.263,27.499,27.455,27.444,27.758,27.598,27.819,27.945,28.11,28.127,28.127,28.27,28.314,28.538,28.592,28.803,28.461,28.692,28.692,28.898
D03,X27,,1,13.531,13.692,13.684,13.911,13.96,13.95,13.878,13.917,13.923,13.942,14.027,14.154,13.957,14.012,14.053,14.146,14.029,13.998,13.999,14.193,14.02,14.01,14.111,14.168,14.138,14.064,14.001,13.938,14.117,14.176,14.258,13.993,14.072,14.119,14.026,14.064,14.157,14.149,14.154,14.072,14.067,14.072,14.202,14.247,14.154,14.163,14.182,14.244,14.176,14.244,14.358,14.236,14.283,14.295,14.3,14.295,14.338,14.513,14.422,14.523,14.537,14.514,14.56,14.514,14.574,14.605,14.647,14.715,14.992,14.838,14.896,14.986,15.201,15.119,15.147,15.322,15.44,15.592,15.677,16.039,16.174,16.222,16.464,16.529,16.631,16.873,17.064,17.299,17.612,17.826,18.103,18.305,18.754,18.885,19.279,19.424,19.813,20.363,20.281,20.705,21.238,21.601,21.901,22.079,22.642,22.829,23.12,22.865,23.526,23.54,23.666,23.758,24.075,24.283,23.995,24.144,24.4,24.294,24.173,24.167,24.205,24.278,23.853,23.612,23.763,23.339,23.348,23.517,23.38,23.662,23.607,24.114,23.626,24.024,23.686,23.667,23.959,23.946,24.139,23.833,23.737,24.038,24.284,24.181,23.998,23.893,24.356,24.273,24.031,24.114,24.44,24.193,23.893,24.41,24.71,24.265,24.138,24.415,24.498,24.317,24.396,24.55,24.357,24.784,24.647,24.662,24.812,24.932,24.652,24.74,24.822,24.667,24.734,24.782,24.759,25.094,25.034,24.669,24.999,25.097,25.207,24.774,25.259,24.964,24.884,25.474,25.464,25.449,25.311,25.441
D04,X28,,1,12.579,12.633,12.752,12.895,12.94,12.927,12.933,12.996,12.944,13.044,12.936,13.033,13.001,13.054,13.041,13.024,13.152,13.096,13.04,13.07,13.035,13.05,13.125,13.046,12.962,13.024,13.016,13.117,13.075,13.054,13.027,13.062,13.059,13.078,13.122,13.024,13.117,13.054,13.059,13.059,13.191,13.141,13.132,13.098,13.114,13.122,13.224,13.096,13.136,13.178,13.157,13.115,13.166,13.176,13.236,13.231,13.248,13.313,13.305,13.297,13.392,13.398,13.363,13.479,13.485,13.624,13.531,13.627,13.738,13.803,13.917,13.926,14.032,14.249,14.249,14.451,14.543,14.719,14.886,15.113,15.219,15.459,15.864,15.876,16.276,16.3,16.682,16.945,16.958,17.309,17.749,17.868,17.99,18.339,18.842,19.042,19.104,19.326,19.326,19.341,19.384,19.474,19.501,19.626,19.669,19.607,19.622,19.884,19.946,19.958,20.172,20.204,20.281,20.372,20.715,20.621,20.875,20.854,21.138,21.245,21.224,21.298,21.422,21.453,21.794,22,21.927,21.849,22.286,22.351,22.433,22.583,22.259,22.519,22.701,22.738,22.783,22.797,22.879,22.957,22.97,23.025,23.217,23.167,23.45,23.29,23.231,23.56,23.675,23.592,23.698,23.863,23.619,23.752,23.861,23.908,23.918,24.004,23.976,24.042,23.985,24.357,24.412,24.345,24.401,24.388,24.401,24.465,24.762,24.493,24.548,24.722,24.707,24.754,24.814,24.874,24.869,24.917,24.917,24.849,25.29,25.242,25.094,25.212,25.186,25.254,25.547,25.311,25.366,25.605
D05,X29,,1,12.976,13.162,13.205,13.376,13.504,13.52,13.554,13.619,13.651,13.697,13.564,13.662,13.711,13.684,13.725,13.818,13.837,13.725,13.779,13.755,13.747,13.873,13.837,13.757,13.809,13.845,13.891,13.829,13.87,13.684,13.848,13.774,13.771,13.763,13.834,13.818,13.856,13.848,13.908,13.826,13.903,13.853,13.955,13.891,13.935,13.999,13.99,14.053,14.067,13.998,14.112,14.236,14.174,14.186,14.355,14.295,14.42,14.377,14.586,14.741,14.701,14.759,14.832,15.059,15.256,15.395,15.464,15.612,15.837,15.954,16.146,16.401,16.697,17.05,17.05,17.363,17.506,18.127,18.212,18.435,18.983,19.63,19.871,20.042,20.557,21.043,21.343,21.739,21.947,22.697,22.683,23.188,23.687,23.934,23.894,24.164,24.425,24.539,24.676,24.688,24.728,24.52,24.193,24.178,23.925,24.194,23.804,23.549,23.826,23.84,23.775,23.731,23.693,23.654,23.667,23.707,23.799,23.966,23.654,24.058,23.74,23.758,23.799,23.749,23.9,23.749,23.594,23.654,23.599,23.662,23.963,23.758,24.091,23.914,23.905,23.722,23.905,24.083,23.865,24.107,23.792,23.928,24.093,23.962,23.943,23.948,23.889,23.889,24.004,24.004,23.945,24.165,24.112,23.999,23.943,24.238,24.275,23.894,24.168,24.042,23.957,24.11,24.193,24.207,24.126,24.004,24.483,24.41,24.267,24.328,24.246,24.447,24.267,24.507,24.621,24.626,24.511,24.669,24.724,24.821,24.684,24.994,25.067,24.882,25.104,24.952,25.189,25.256,25.256,25.55
D06,X30,,1,12.976,13.189,13.178,13.457,13.504,13.304,13.527,13.402,13.542,13.479,13.564,13.607,13.41,13.547,13.588,13.544,13.618,13.533,13.533,13.481,13.61,13.544,13.645,13.539,13.509,13.681,13.509,13.555,13.486,13.601,13.601,13.555,13.525,13.544,13.533,13.517,13.527,13.684,13.607,13.689,13.711,13.634,13.708,13.591,13.716,13.725,13.771,13.779,13.684,13.752,13.73,13.662,13.82,13.804,13.891,13.967,13.956,13.886,13.823,13.869,13.828,13.97,14.097,14.024,14.139,14.169,14.321,14.443,14.583,14.647,14.869,14.959,15.011,15.201,15.364,15.431,15.739,16.028,16.14,16.584,16.637,16.849,17.227,17.455,17.858,18.263,18.427,18.661,19.085,19.159,19.439,19.778,20.008,20.386,20.317,20.268,20.195,20.199,20.199,20.023,20.121,20.02,20.02,20.035,20.133,20.317,20.497,20.486,20.547,20.888,20.964,21.079,21.127,21.247,21.317,21.632,21.613,21.619,21.822,21.873,22.072,22.282,22.187,22.3,22.286,22.546,22.61,22.724,22.724,22.897,22.979,22.965,23.134,23.175,23.221,23.476,23.467,23.399,23.619,23.614,23.928,23.819,23.901,24.044,24.08,24.085,24.054,24.218,24.36,24.443,24.412,24.659,24.605,24.602,24.682,24.732,24.907,24.937,24.882,24.977,25.108,25.044,25.209,25.416,25.278,25.622,25.607,25.699,25.641,25.782,25.809,25.877,25.943,25.907,25.887,26.277,26.248,26.293,26.376,26.392,26.585,26.481,26.635,26.531,26.587,26.685,26.839,26.823,26.988,26.868
D07,X31,,1,12.949,12.924,13.125,13.189,13.316,13.385,13.311,13.429,13.406,13.452,13.482,13.662,13.629,13.519,13.506,13.489,13.536,13.643,13.533,13.536,13.582,13.599,13.59,13.566,13.481,13.571,13.645,13.664,13.623,13.601,13.601,13.582,13.58,13.544,13.697,13.571,13.61,13.684,13.689,13.662,13.656,13.771,13.763,13.727,13.771,13.752,13.744,13.834,13.82,13.807,13.867,13.798,13.929,13.94,14.027,14.022,14.174,14.186,14.45,14.359,14.428,14.569,14.723,14.759,14.847,14.986,15.138,15.231,15.455,15.655,15.875,16.074,16.316,16.642,16.642,17.118,17.261,17.827,17.912,18.245,18.847,19.085,19.163,19.852,20.23,20.416,21.071,21.521,21.538,22.262,22.656,22.833,23.197,23.47,23.566,23.537,23.825,23.993,23.993,23.897,24.292,23.811,24.111,23.96,23.652,23.484,23.421,23.358,23.28,23.594,23.229,23.266,23.229,23.435,23.011,23.352,23.088,23.475,23.708,23.43,23.303,23.786,23.444,23.53,23.708,23.585,23.786,23.626,23.544,23.362,23.607,23.758,23.763,23.777,23.713,23.995,23.795,23.974,23.811,23.998,23.737,24.065,23.956,23.852,24.08,23.838,23.999,23.944,24.086,24.251,24.028,24.138,24.139,24.438,24.08,24.018,24.357,24.114,24.415,24.235,24.396,24.302,24.467,24.537,24.483,24.607,24.784,24.575,24.817,24.767,24.74,25.079,24.927,24.864,25.117,25.094,25.145,25.192,25.522,25.455,25.703,25.6,25.865,25.486,25.955,25.942,25.767,26.163,26.301,26.127
D08,X32,,1,14.059,14.328,14.403,14.473,14.578,14.462,14.445,14.648,14.521,14.487,14.491,14.7,14.503,14.614,14.682,14.556,14.714,14.627,14.656,14.632,14.623,14.503,14.659,14.633,14.548,14.693,14.712,14.65,14.665,14.614,14.641,14.623,14.647,14.668,14.656,14.639,14.623,14.641,14.647,14.784,14.724,14.812,14.723,14.766,14.702,14.738,14.647,14.627,14.696,14.791,14.904,14.782,14.747,14.758,14.764,14.895,14.828,14.758,14.886,14.904,15.001,14.895,15.132,15.059,15.228,15.15,15.219,15.258,15.455,15.301,15.521,15.775,15.772,15.772,15.935,16.057,16.119,16.3,16.467,16.611,16.828,17.067,17.364,17.455,17.858,17.963,18.045,18.47,18.73,18.86,19.439,19.532,19.871,20.004,20.18,20.459,20.741,20.882,21.155,21.224,21.429,21.52,21.438,21.37,21.551,21.409,21.563,21.771,21.504,21.653,21.864,21.981,22.165,22.259,22.164,22.506,22.515,22.738,22.861,22.829,22.92,23.075,23.225,23.339,23.681,23.64,23.649,23.681,24.009,23.908,23.963,23.977,24.283,24.215,24.424,24.159,24.588,24.603,24.66,24.545,24.859,24.722,24.859,24.839,25.039,25.071,24.986,25.233,25.019,25.238,25.291,25.456,25.4,25.398,25.559,25.665,25.456,25.513,25.732,25.718,25.739,25.84,25.95,25.938,25.963,26.006,25.963,26.001,26.108,26.001,26.33,26.234,26.136,26.264,26.272,26.36,26.385,26.431,26.513,26.447,26.612,26.618,26.58,26.751,26.614,26.657,26.757,26.878,26.905,26.758
E01,X33,,1,13.504,15.519,13.551,13.564,13.799,14.166,13.662,13.781,13.624,14.079,13.755,13.771,13.766,13.848,14.463,13.763,14.029,14.299,13.779,13.947,13.993,13.9,13.81,13.839,13.837,14.091,14.63,13.938,13.952,13.793,13.93,14.103,13.881,13.9,14.081,13.872,13.883,13.793,13.881,13.771,13.93,14.072,14.01,14.001,14.264,13.944,13.881,14.135,14.067,14.08,14.276,13.962,13.956,14.022,14.191,13.967,13.956,14.022,14.123,15.231,14.456,14.895,14.152,14.079,14.111,14.196,14.157,16.047,14.038,14.511,14.162,14.66,14.086,14.168,14.141,14.179,14.244,14.283,14.259,14.405,14.265,14.341,14.447,14.596,14.422,14.583,14.692,14.438,14.368,14.342,14.45,14.513,14.529,14.519,14.555,14.765,14.628,14.604,14.931,14.84,14.777,15.574,14.946,14.938,15.25,15.046,15.359,15.234,15.192,15.31,15.859,15.638,15.586,15.642,15.55,15.595,15.793,15.75,15.888,17.64,16.028,15.857,16.176,16.343,16.106,16.233,16.486,16.325,16.517,16.722,16.394,16.486,16.435,16.417,16.575,16.671,16.739,16.584,16.714,16.546,16.509,16.591,16.701,16.697,16.601,16.55,16.539,16.484,16.542,16.542,16.476,16.421,16.55,16.319,16.163,16.305,16.257,16.158,16.103,16.047,16.09,16.037,16.092,16.019,16.011,15.939,16.011,16.155,16.05,15.935,16.072,15.894,16.215,15.945,15.956,16.069,15.991,15.996,16.216,16.171,16.309,16.158,16.124,16.139,16.122,16.286,16.059,16.27,16.27,16.411
E02,X34,,1,13.98,14.063,14.163,14.366,14.524,14.462,14.445,14.458,14.603,14.569,14.601,14.618,14.612,14.641,14.682,14.639,14.577,14.517,14.629,14.632,14.623,14.503,14.577,14.633,14.684,14.556,14.602,14.65,14.665,14.614,14.559,14.623,14.702,14.586,14.629,14.775,14.568,14.696,14.565,14.729,14.778,14.812,14.723,14.602,14.647,14.738,14.729,14.682,14.806,14.764,14.849,14.919,14.883,14.84,14.846,14.922,15.074,15.086,14.968,14.986,15.056,15.195,15.213,15.277,15.31,15.368,15.573,15.558,15.783,15.818,15.983,15.966,16.316,16.452,16.561,16.628,16.935,17.173,17.34,17.727,17.974,17.994,18.427,18.817,19.03,19.353,19.571,19.914,20.257,20.711,21.184,21.36,21.698,22.215,22.31,22.747,23.115,23.502,23.912,23.87,24.265,24.029,24.029,24.614,24.443,24.467,24.323,24.178,24.509,24.25,24.457,24.114,23.966,24.365,24.241,24.254,24.072,24.212,24.255,24.413,24.342,24.332,24.427,24.514,24.611,24.432,24.168,24.337,24.693,24.919,24.509,24.606,24.693,24.434,24.588,24.897,24.944,24.849,24.55,24.737,24.859,24.805,24.859,24.73,24.819,24.824,24.767,24.986,24.772,25.101,24.879,25.016,24.989,25.014,25.039,25.089,25.016,25.101,24.937,25.279,25.218,25.209,25.209,25.444,25.415,25.43,25.388,25.59,25.531,25.562,25.645,25.492,25.971,25.687,25.749,25.892,26.055,26.073,26.183,26.199,26.199,26.343,26.332,26.696,26.724,26.767,27.004,26.576,26.823,26.785
E03,X35,,1,13.319,13.401,13.657,13.644,13.692,13.816,13.743,13.781,13.923,13.888,13.755,13.908,13.902,13.93,13.916,13.79,13.974,13.861,13.971,13.864,13.883,13.818,13.974,13.949,13.864,13.845,13.837,14.02,13.897,13.875,13.957,13.966,13.799,13.9,13.889,13.845,13.938,14.039,13.963,13.963,13.93,14.154,14.037,14.001,14.154,14.026,14.1,13.943,14.039,14.135,14.221,14.208,14.12,14.295,14.273,14.213,14.283,14.295,14.341,14.359,14.428,14.514,14.478,14.569,14.738,14.741,14.647,14.579,14.774,14.92,15.141,15.204,15.364,15.473,15.473,15.649,15.548,15.892,16.222,16.393,16.583,16.74,16.955,17.047,17.312,17.663,17.772,18.061,18.512,18.642,19.166,19.151,19.817,20.004,20.235,20.786,20.987,21.182,21.537,22.069,22.056,22.883,22.556,22.815,23.133,23.238,23.831,23.795,23.826,23.922,23.966,24.004,23.666,23.954,24.022,23.68,23.28,23.502,23.189,23.402,23.631,22.801,23.17,23.503,23.298,23.421,23.43,23.38,23.517,23.362,23.416,23.512,23.599,23.613,23.85,23.612,24.096,23.727,23.92,24.052,23.819,23.983,24.065,23.907,24.381,24.496,24.328,24.026,24.333,24.196,24.055,24.138,24.139,24.026,24.326,24.375,24.275,23.867,24.58,24.482,24.231,24.824,24.522,24.647,24.593,24.799,24.593,24.356,24.459,24.877,24.74,25.134,24.789,24.892,24.677,24.736,24.786,24.972,25.054,25.097,25.014,24.884,25.617,25.267,24.994,25.227,25.519,25.284,25.284,25.55
E04,X36,,1,13.663,13.904,14.057,13.965,14.121,14.139,14.202,14.133,14.195,14.296,14.328,14.29,14.284,14.286,14.299,14.228,14.303,14.353,14.218,14.303,14.294,14.257,14.412,14.387,14.274,14.283,14.302,14.239,14.418,14.231,14.368,14.294,14.456,14.339,14.492,14.392,14.459,14.477,14.456,14.319,14.313,14.374,14.476,14.302,14.456,14.382,14.456,14.381,14.532,14.463,14.494,14.509,14.501,14.649,14.601,14.595,14.719,14.677,15.05,14.877,15.056,15.059,15.186,15.358,15.364,15.613,15.682,15.775,15.946,16.036,16.174,16.482,16.86,17.023,17.023,17.309,17.777,17.963,18.076,18.272,18.792,18.894,19.381,19.498,19.712,19.953,20.28,20.431,20.502,20.384,20.693,20.76,20.771,20.877,20.726,20.84,20.796,20.854,21.127,21.087,21.266,21.411,21.411,22.052,21.96,21.818,21.945,22.209,22.187,22.364,22.629,22.528,22.547,22.615,22.82,23.134,22.897,23.284,23.244,23.32,23.33,23.43,23.826,23.831,23.599,23.913,23.813,24.146,24.173,24.072,24.154,24.141,24.419,24.352,24.397,24.405,24.725,24.603,24.687,24.765,24.832,24.695,24.75,25.059,25.121,25.044,24.904,25.069,25.238,25.156,25.401,25.236,25.509,25.535,25.367,25.555,25.675,25.485,25.54,25.746,25.794,25.813,25.84,25.828,25.717,25.897,25.936,25.974,26.191,25.891,26.056,26.399,26.246,26.209,26.272,26.332,26.551,26.431,26.541,26.722,26.612,26.701,26.745,26.834,26.944,26.822,26.839,26.878,27.153,27.005
E05,X37,,1,13.293,13.348,13.338,13.483,13.585,13.573,13.608,13.781,13.841,13.942,13.755,13.853,13.847,13.93,13.916,13.79,13.892,13.861,13.779,13.892,13.801,13.873,14.056,14.332,13.864,13.872,13.782,13.966,13.897,13.875,13.93,13.966,13.881,13.9,13.944,13.954,14.048,13.93,13.935,14.209,14.094,13.935,13.982,14.001,14.045,13.971,14.1,13.998,14.121,14.244,14.167,14.399,14.229,14.295,15.01,14.704,14.638,14.622,14.995,14.85,14.946,15.059,15.567,15.331,15.555,15.885,15.954,16.02,16.137,16.39,16.5,16.863,16.941,17.567,17.513,17.826,18.158,18.508,18.948,19.171,19.583,20.148,20.635,20.614,21.238,21.37,21.779,22.556,22.602,22.724,23.147,23.761,23.878,24.753,24.03,24.463,24.807,24.758,24.512,24.416,24.128,24.138,24.22,23.796,23.433,23.293,23.366,23.467,23.034,23.294,23.338,23.13,23.12,23.244,23.312,23.298,23.389,23.256,23.298,23.293,23.248,23.403,23.143,23.448,23.572,23.394,23.212,23.38,23.216,23.553,23.28,23.649,23.244,23.394,23.412,23.284,23.549,23.426,23.509,23.368,23.326,23.326,23.408,23.523,23.45,23.454,23.286,23.368,23.455,23.537,23.561,23.506,23.591,23.642,23.532,23.497,23.424,23.483,23.483,23.603,23.683,23.836,23.808,23.823,23.77,23.647,23.797,23.862,23.992,23.972,23.889,24.034,24.157,24.123,23.961,24.049,24.511,24.201,24.311,24.546,24.656,24.636,24.681,24.827,24.829,24.787,24.997,24.734,24.927,25.303
E06,X38,,1,14.297,14.381,14.483,14.446,14.578,14.866,14.607,14.648,14.793,14.705,14.737,14.673,14.749,14.778,14.764,14.693,14.796,14.928,14.738,14.823,14.732,15.655,14.741,14.633,14.712,15.131,14.794,14.951,16.31,14.778,14.888,14.732,14.729,14.887,14.82,14.803,16.019,15.709,14.894,14.729,14.806,15.195,14.805,14.849,14.948,14.793,15.031,14.928,14.888,15.693,14.931,15.328,14.992,14.84,15.228,14.922,14.965,15.004,15.131,15.122,15.328,15.059,15.431,15.195,15.364,15.395,15.437,15.449,15.646,15.791,15.766,16.319,16.098,16.262,16.398,16.928,16.799,17.036,17.258,17.564,18.601,18.021,18.318,19.062,19.057,19.244,19.462,19.696,20.72,20.33,20.557,20.869,21.425,20.959,21.245,21.004,21.369,21.318,21.455,21.033,21.347,20.81,21.11,21.043,21.306,21.245,21.426,21.607,21.75,21.681,21.974,22.063,22.274,22.232,22.382,22.533,22.897,22.629,22.724,22.938,23.713,23.458,23.143,23.366,23.49,23.476,23.704,23.708,23.818,23.935,24.318,24.114,24.201,24.133,24.123,24.268,24.424,24.548,24.797,24.655,24.558,24.805,24.941,24.894,24.874,26.304,25.343,25.261,25.238,25.403,25.621,25.538,25.564,25.59,25.641,25.912,25.758,25.924,25.814,26.186,26.616,26.252,26.115,26.35,26.484,26.582,26.567,26.413,26.63,26.55,26.824,26.977,26.768,26.73,27.07,27.075,27.13,27.174,27.147,27.191,27.246,27.417,27.543,27.438,27.576,27.785,27.526,27.675,27.675,27.718
E07,X39,,1,13.082,13.321,13.391,13.483,13.531,13.493,13.608,13.619,13.705,13.779,13.673,13.744,13.902,13.766,13.752,13.79,13.81,13.779,13.862,13.892,13.856,13.873,13.864,14.031,13.782,13.954,13.837,13.883,13.952,13.957,13.875,13.883,13.963,13.955,14.026,13.927,13.883,14.094,14.045,14.018,14.039,14.264,14.229,14.247,14.209,14.273,14.428,14.353,14.614,14.736,14.822,14.973,15.047,15.222,15.392,15.44,15.701,16.041,16.167,16.485,16.583,16.965,17.227,17.537,17.871,18.283,18.432,18.903,19.435,19.684,20.034,20.453,20.939,21.537,21.537,22.18,22.507,22.815,23.392,23.582,23.892,23.774,24.26,24.263,24.21,24.26,24.096,24.245,24.101,24.167,23.938,23.706,23.715,23.879,23.511,23.346,23.552,23.584,23.502,23.706,23.447,23.62,23.865,23.769,23.979,23.73,23.667,23.795,23.826,23.84,24.212,23.676,23.83,23.927,23.913,24.062,23.853,23.83,24.037,24.14,24.014,24.086,24.072,24.077,23.845,23.94,24.086,24.009,24.173,24.017,24.236,24.524,24.365,24.215,24.37,24.268,24.424,24.439,24.331,24.326,24.23,24.531,24.613,24.483,24.819,24.578,24.822,25.014,24.744,25.074,24.962,24.962,24.879,25.151,25.367,25.199,25.373,25.403,25.485,25.636,25.711,25.703,25.84,26.021,25.991,26.144,25.991,26.138,26.301,26.303,26.385,26.702,26.85,26.593,26.63,26.718,27.295,26.926,27.229,27.273,27.576,27.499,27.708,27.631,27.658,27.813,27.966,27.785,28.115,27.993
E08,X40,,1,15.222,15.413,15.521,15.49,15.652,15.539,15.498,15.704,15.609,15.767,15.801,15.738,15.732,15.709,15.775,15.788,15.81,15.748,15.724,15.728,15.773,15.737,15.7,15.617,15.751,15.788,15.778,15.773,15.789,15.709,15.763,15.8,15.688,15.71,15.807,15.706,15.8,15.763,15.77,15.688,15.763,15.77,15.792,15.778,15.715,15.889,15.797,15.775,15.763,15.83,15.886,15.684,15.728,15.904,15.965,15.904,15.892,15.904,15.895,15.885,16.119,16.094,16.03,16.175,16.127,16.13,16.444,16.319,16.355,16.363,16.636,16.51,16.588,16.751,16.833,17.009,17.071,17.445,17.449,17.836,17.783,17.94,18.127,18.408,18.594,18.754,19.026,19.233,19.521,19.704,19.902,20.269,20.498,20.741,21.108,21.058,21.587,21.591,22.055,21.988,22.111,22.365,22.474,22.461,22.642,22.638,22.656,22.756,22.597,22.665,22.82,22.938,23.229,23.271,23.175,23.298,23.416,23.611,23.982,23.73,24.014,23.895,24.236,24.377,24.31,24.541,24.497,24.748,24.748,24.81,25.028,24.989,25.13,25.337,25.327,25.307,25.546,25.397,25.455,25.778,25.571,25.653,25.927,25.963,26.162,26.03,26.193,26.221,26.144,26.226,26.087,26.389,26.496,26.605,26.491,26.653,26.472,26.61,26.555,26.735,26.671,26.746,26.582,27.065,26.676,27.021,27.033,27.181,27.015,27.263,27.126,27.169,27.318,27.115,27.455,27.213,27.268,27.367,27.367,27.494,27.576,27.719,27.681,27.658,27.658,27.675,27.746,27.647,27.977,28.02
F01,X41,,1,13.293,13.321,13.311,13.457,13.37,13.358,13.446,13.429,13.461,13.561,13.427,13.443,13.52,13.492,13.561,13.38,13.426,13.369,13.423,13.399,13.473,13.434,13.508,13.402,13.399,13.462,13.481,13.5,13.486,13.465,13.492,13.418,13.47,13.407,13.505,13.489,13.582,13.465,13.497,13.415,13.547,13.497,13.489,13.399,13.497,13.396,13.47,13.533,13.465,13.479,13.43,13.47,13.438,13.449,13.454,13.504,13.52,13.531,13.577,13.487,13.665,13.507,13.607,13.479,13.43,13.487,13.477,13.463,13.575,13.504,13.483,13.545,13.542,13.624,13.597,13.499,13.591,13.656,13.496,13.479,13.637,13.632,13.656,13.507,13.659,13.575,13.738,13.621,13.714,13.635,13.714,13.722,13.575,13.755,13.681,13.703,13.673,13.73,13.757,13.804,13.823,13.719,13.801,13.82,13.804,13.845,13.828,13.949,13.853,13.943,13.894,14.08,13.839,13.919,14.184,14.066,14.099,14.139,14.11,14.227,14.25,14.162,14.318,14.348,14.356,14.402,14.408,14.493,14.657,14.563,14.645,14.654,14.794,14.666,14.742,15.031,14.961,15.079,15.015,15.012,15.058,15.25,15.304,15.189,15.396,15.426,15.414,15.359,15.527,15.527,15.625,15.598,15.645,15.661,15.642,15.783,15.68,15.609,15.664,15.717,15.734,15.79,15.625,15.689,15.6,15.746,15.737,15.579,15.638,15.524,15.606,15.564,15.473,15.533,15.626,15.381,15.412,15.418,15.39,15.262,15.345,15.387,15.409,15.231,15.299,15.406,15.289,15.445,15.39,15.451
F02,X42,,1,13.98,13.983,13.977,13.992,14.121,14.004,14.283,14.214,14.304,14.215,14.273,14.126,14.284,14.231,14.162,14.228,14.303,14.217,14.327,14.248,14.294,14.257,14.303,14.222,14.22,14.173,14.274,14.185,14.254,14.286,14.231,14.294,14.401,14.257,14.245,14.31,14.185,14.231,14.374,14.319,14.368,14.401,14.394,14.466,14.456,14.41,14.401,14.435,14.559,14.463,14.576,14.618,14.665,14.813,14.819,14.84,14.883,15.004,15.05,15.15,15.219,15.358,15.349,15.685,15.746,16.021,16.145,16.156,16.355,16.662,16.826,17.162,17.268,17.676,17.757,18.016,18.593,18.835,19.085,19.307,19.529,20.339,20.335,20.968,21.211,21.698,21.807,22.311,22.574,22.724,22.683,22.942,23.442,23.197,23.648,24,23.497,23.502,23.584,23.461,23.556,23.32,23.238,22.979,23.243,23.02,23.12,23.248,23.061,23.212,23.311,22.883,23.338,23.161,23.53,23.571,23.334,23.666,23.298,23.348,23.549,23.622,23.334,23.585,23.626,23.667,23.54,23.353,23.517,23.444,23.58,23.512,23.353,23.558,23.549,23.503,23.713,23.782,23.756,23.806,23.545,23.573,23.737,23.825,23.833,23.646,23.944,23.917,23.949,23.62,24.028,23.945,23.728,23.999,24.135,24.375,24.055,24.251,24.168,24.235,24.396,24.55,24.467,24.482,24.675,24.525,24.894,24.822,24.872,25.069,25.041,25.107,25.201,25.303,25.447,25.314,25.696,25.715,25.798,25.896,25.978,25.875,26.195,25.871,26.148,26.245,26.344,26.548,26.63,26.593
F03,X43,,1,13.082,13.321,13.338,13.457,13.531,13.493,13.608,13.483,13.597,13.616,13.645,13.689,13.547,13.629,13.615,13.681,13.59,13.615,13.505,13.59,13.692,13.571,13.727,13.675,13.7,13.681,13.536,13.692,13.705,13.766,13.684,13.637,13.634,13.653,13.642,13.681,13.637,13.766,13.689,13.689,13.711,13.689,13.873,13.782,13.689,13.779,13.853,13.834,13.766,13.861,13.839,13.826,13.82,13.913,13.836,13.913,13.902,13.995,14.123,14.032,14.046,14.133,14.097,14.106,14.193,14.359,14.348,14.361,14.392,14.511,14.597,14.579,14.82,14.684,14.848,14.941,14.978,15.265,15.404,15.413,15.492,15.731,15.81,15.985,16.413,16.409,16.628,16.754,16.876,17.227,17.421,17.596,17.909,18.176,18.569,18.851,18.994,19.38,19.79,19.696,20.012,20.429,20.592,21.125,21.306,21.545,21.59,21.99,22.378,22.173,22.137,22.446,22.656,22.724,22.519,22.533,22.597,22.492,22.888,22.337,22.482,22.173,22.077,22.3,21.822,21.836,21.735,21.767,22.095,21.722,21.586,21.899,21.767,21.506,22.072,21.754,21.99,21.839,21.865,21.97,22.122,22.012,22.012,21.796,22.053,21.783,22.216,22.134,22.385,22.138,22.243,22.023,22.03,22.298,22.135,22.234,22.188,22.248,22.248,22.119,22.23,22.27,22.408,22.504,22.235,22.44,22.07,22.216,22.508,22.353,22.353,22.494,22.206,22.531,22.421,22.508,22.581,22.521,22.301,22.562,22.618,22.462,22.673,22.407,22.907,22.696,22.907,23.003,22.81,23.053
F04,X44,,1,13.452,13.613,13.631,13.671,13.746,13.708,13.797,13.781,13.733,13.779,13.782,13.88,13.875,13.848,13.834,13.818,13.837,13.807,13.834,13.837,13.856,13.845,13.919,13.812,13.755,13.763,13.837,13.911,13.925,13.82,13.848,13.856,13.826,13.873,13.999,13.845,13.829,13.848,13.908,13.853,13.903,13.99,13.955,13.919,13.935,13.944,13.99,13.971,14.149,14.08,14.058,14.154,14.174,14.404,14.273,14.295,14.338,14.404,14.641,14.659,14.756,14.787,14.887,15.141,15.201,15.395,15.6,15.748,15.864,16.063,16.282,16.401,16.805,17.05,17.05,17.526,17.641,18.018,18.103,18.517,18.629,18.785,19.217,19.307,19.548,19.49,19.626,19.723,19.739,19.867,20.066,19.587,19.708,19.595,19.77,19.805,19.977,20.227,20.227,20.378,20.475,20.62,20.62,20.907,20.951,20.972,21.125,21.087,21.203,21.489,21.346,21.653,21.782,21.794,21.945,22.205,22.105,22.356,22.232,22.091,22.373,22.391,22.515,22.601,22.615,22.656,22.528,22.833,22.943,23.088,22.897,23.075,23.353,23.121,23.248,23.394,23.276,23.289,23.29,23.368,23.6,23.545,23.463,23.66,23.778,23.728,23.752,23.752,23.757,23.976,24.083,24.028,23.975,23.917,24.326,24.403,24.412,24.36,24.36,24.262,24.341,24.467,24.412,24.509,24.428,24.552,24.62,24.685,24.734,24.767,24.849,25.079,24.899,24.974,25.034,25.094,25.172,25.137,25.027,25.152,25.152,25.214,25.287,25.184,25.241,25.254,25.519,25.394,25.559,25.55
F05,X45,,1,13.927,15.069,13.87,14.099,14.014,14.139,13.986,14.187,14.086,14.351,14.137,14.318,14.503,14.34,15.064,14.255,14.275,14.271,14.218,14.358,14.951,14.558,14.221,14.332,14.247,14.666,14.356,14.294,14.281,14.258,14.34,14.842,14.675,14.394,14.355,14.748,14.431,14.34,14.51,14.374,14.942,14.374,14.394,14.274,14.456,14.519,14.51,14.572,14.587,14.517,14.576,15.001,14.638,15.222,14.792,14.977,14.801,14.949,14.94,14.959,16.31,15.549,15.54,15.413,15.555,15.64,15.736,16.02,16.3,17.016,16.744,16.537,16.86,17.023,17.295,17.472,17.56,18.263,18.567,18.626,18.901,19.194,20.089,19.852,19.957,20.362,20.825,21.358,21.702,21.826,22.22,22.069,22.815,22.788,23.02,22.911,23.17,23.584,23.366,23.406,23.338,23.32,23.483,23.306,22.997,22.72,22.792,22.674,22.323,22.446,22.574,22.282,22.083,21.931,22.164,22.014,22.077,22.246,22.095,22.337,22.181,22.255,22.241,22.273,22.204,22.191,22.364,22.204,22.204,22.515,22.351,22.173,22.095,22.272,22.209,22.355,22.291,22.277,22.249,22.546,22.231,22.204,22.122,22.18,22.299,22.304,22.244,22.271,22.193,22.276,22.27,22.27,22.249,22.408,22.217,22.289,22.38,22.248,22.248,22.284,22.23,22.215,22.27,22.531,22.317,22.358,22.509,22.436,22.646,22.436,22.49,22.742,22.92,22.696,22.806,22.755,23.022,22.686,23.237,23.058,23.169,23.205,23.278,23.204,23.264,23.439,23.622,23.525,23.745,23.821
F06,X46,,1,13.346,13.48,13.524,13.537,13.826,13.762,13.716,13.835,13.814,13.833,13.7,13.908,13.793,13.93,13.834,13.845,13.837,13.752,13.944,13.919,14.02,13.955,13.947,13.922,13.973,13.845,13.891,13.938,13.87,13.903,13.82,14.075,13.908,14.01,14.026,13.9,13.856,14.067,13.99,13.853,13.93,13.908,14.092,13.919,13.908,14.163,13.853,13.971,14.067,13.998,13.894,13.962,14.093,13.967,14.027,14.022,14.011,14.104,14.095,14.169,14.128,14.106,14.233,14.024,14.166,14.332,14.321,14.171,14.256,14.321,14.38,14.334,14.412,14.548,14.63,14.696,14.842,14.883,14.995,15.032,15.219,15.404,15.483,15.685,15.704,15.973,16.3,16.345,16.713,16.792,17.149,17.405,17.663,17.903,18.023,18.307,18.64,19.026,19.135,19.205,19.521,19.747,19.829,19.817,19.833,19.798,19.786,19.747,19.482,19.411,19.626,19.493,19.708,19.743,19.786,20.129,20.192,20.336,20.236,20.344,20.622,20.806,20.875,20.852,21.029,21.153,21.27,21.193,21.357,21.586,21.668,21.845,21.767,21.835,21.853,22,22.318,22.25,22.358,22.354,22.532,22.45,22.696,22.564,22.71,22.769,22.902,22.957,23.126,22.989,23.177,23.067,23.263,23.368,23.313,23.552,23.561,23.592,23.51,23.713,23.656,23.808,23.616,24.07,23.743,23.949,23.935,24.109,24.157,24.356,24.246,24.337,24.459,24.453,24.511,24.599,24.731,24.696,24.834,24.766,24.877,24.939,24.902,24.992,25.049,25.254,25.244,25.284,25.366,25.358
F07,X47,,1,14.033,14.222,14.35,14.446,14.497,14.462,14.553,14.621,14.603,14.623,14.628,14.727,14.885,14.751,14.736,14.748,14.796,14.764,14.711,14.796,14.705,14.723,14.714,14.851,14.766,14.748,14.739,14.787,14.802,14.778,14.915,14.76,14.839,14.86,14.848,14.83,14.842,14.915,14.866,14.784,14.833,14.839,14.887,14.766,14.839,14.766,14.921,14.9,14.833,14.928,14.822,14.891,14.883,14.949,15.037,15.031,15.019,15.059,15.05,15.34,15.192,15.358,15.159,15.331,15.364,15.422,15.437,15.476,15.619,15.655,15.793,15.802,16.098,16.098,16.207,16.383,16.581,16.873,16.985,17.101,17.238,17.558,18.508,17.864,18.376,18.59,18.808,19.124,21.02,19.622,20.039,20.487,20.771,20.877,21.682,21.548,22.024,22.028,22.574,22.997,22.901,24.656,23.538,23.551,23.488,23.675,23.913,23.932,24.127,23.895,23.775,23.622,23.502,23.544,24.295,23.489,22.952,23.229,23.189,23.238,23.303,23.13,23.252,23.257,23.298,23.366,23.13,23.134,23.353,23.362,23.498,23.294,23.544,23.531,23.604,23.339,23.467,23.399,23.591,23.477,23.463,23.463,23.573,23.523,23.724,23.756,23.505,23.67,23.51,24.168,23.561,23.616,23.509,23.615,23.724,23.716,23.698,23.757,23.784,23.658,23.601,23.726,23.918,23.658,24.209,24.004,23.77,23.999,24.047,24.054,23.999,24.117,23.937,24.151,24.209,24.296,24.373,24.311,24.641,24.436,24.573,24.664,24.736,24.772,25.488,25.062,24.942,24.872,25.037,25.221
F08,X48,,1,14.456,14.778,14.855,14.741,14.873,14.758,14.931,14.81,14.875,14.977,14.955,14.946,14.967,14.997,14.9,14.83,15.07,14.982,14.985,14.988,15.006,14.942,14.933,15.07,14.958,14.994,14.958,15.006,14.994,14.97,14.997,15.088,14.921,15.024,15.067,15.076,14.979,14.915,14.976,15.058,15.052,14.921,15.106,14.985,15.167,15.149,15.003,15.064,15.079,15.064,15.04,14.973,15.101,15.031,14.955,15.031,15.101,15.031,15.022,15.068,15.165,15.086,15.295,15.222,15.092,15.204,15.274,15.286,15.319,15.437,15.358,15.503,15.527,15.5,15.527,15.54,15.603,15.864,15.813,15.957,16.147,16.113,16.219,16.203,16.358,16.519,16.6,16.836,16.931,17.009,17.258,17.432,17.445,17.766,17.968,18.143,18.394,18.671,18.807,19.069,19.275,19.61,19.965,19.926,20.214,20.48,20.797,20.677,21.121,20.97,21.127,21.462,21.182,21.411,21.508,21.358,21.367,21.509,21.63,21.573,21.771,21.79,21.941,22.191,22.204,22.355,22.337,22.615,22.697,23.006,23.006,23.157,23.079,23.504,23.494,23.558,23.74,23.755,23.701,23.861,23.792,23.792,24.011,24.236,24.107,24.194,24.081,24.301,24.333,24.58,24.659,24.577,24.742,24.849,24.765,24.65,24.962,24.882,25.046,25.169,24.944,25.209,25.154,25.389,25.251,25.348,25.36,25.261,25.421,25.425,25.508,25.437,25.751,25.303,25.749,25.865,25.641,25.77,25.853,25.868,26.116,25.875,25.92,25.844,26.038,26.08,26.152,26.218,26.163,26.209
A01,X1,,Cal.Biomass [OD600 [-]]:FS=1,0,0,0,0,0,0,0,0,0,0,0,0,0,0,0,0,0,0,0,0,0,0,0,0,0,0,0,0,0,0,0,0,0,0,0,0,0,0,0,0,0,0,0,0,0,0,0,0,0,0,0,0,0,0,0,0,0,0,0,0,0,0,0,0,0,0,0,0,0,0,0,0,0,0,0,0,0,0,0,0,0,0,0,0,0,0,0,0,0,0,0,0,0,0,0,0,0,0,0,0,0,0,0,0,0,0,0,0,0,0,0,0,0,0,0,0,0,0,0,0,0,0,0,0,0,0,0,0,0,0,0,0,0,0,0,0,0,0,0,0,0,0,0,0,0,0,0,0,0,0,0,0,0,0,0,0,0,0,0,0,0,0,0,0,0,0,0,0,0,0,0,0,0,0,0,0,0,0,0,0,0,0,0,0,0,0,0,0,0,0
A02,X2,,Cal.Biomass [OD600 [-]]:FS=1,0,0,0,0,0,0,0,0,0,0,0,0,0,0,0,0,0,0,0,0,0,0,0,0,0,0,0,0,0,0,0,0,0,0,0,0,0,0,0,0,0,0,0,0,0,0,0,0,0,0,0,0,0,0,0,0,0,0,0,0,0,0,0,0,0,0,0,0,0,0,0,0,0,0,0,0,0,0,0,0,0,0,0,0,0,0,0,0,0,0,0,0,0,0,0,0,0,0,0,0,0,0,0,0,0,0,0,0,0,0,0,0,0,0,0,0,0,0,0,0,0,0,0,0,0,0,0,0,0,0,0,0,0,0,0,0,0,0,0,0,0,0,0,0,0,0,0,0,0,0,0,0,0,0,0,0,0,0,0,0,0,0,0,0,0,0,0,0,0,0,0,0,0,0,0,0,0,0,0,0,0,0,0,0,0,0,0,0,0,0
A03,X3,,Cal.Biomass [OD600 [-]]:FS=1,0,0,0,0,0,0,0,0,0,0,0,0,0,0,0,0,0,0,0,0,0,0,0,0,0,0,0,0,0,0,0,0,0,0,0,0,0,0,0,0,0,0,0,0,0,0,0,0,0,0,0,0,0,0,0,0,0,0,0,0,0,0,0,0,0,0,0,0,0,0,0,0,0,0,0,0,0,0,0,0,0,0,0,0,0,0,0,0,0,0,0,0,0,0,0,0,0,0,0,0,0,0,0,0,0,0,0,0,0,0,0,0,0,0,0,0,0,0,0,0,0,0,0,0,0,0,0,0,0,0,0,0,0,0,0,0,0,0,0,0,0,0,0,0,0,0,0,0,0,0,0,0,0,0,0,0,0,0,0,0,0,0,0,0,0,0,0,0,0,0,0,0,0,0,0,0,0,0,0,0,0,0,0,0,0,0,0,0,0,0
A04,X4,,Cal.Biomass [OD600 [-]]:FS=1,0,0,0,0,0,0,0,0,0,0,0,0,0,0,0,0,0,0,0,0,0,0,0,0,0,0,0,0,0,0,0,0,0,0,0,0,0,0,0,0,0,0,0,0,0,0,0,0,0,0,0,0,0,0,0,0,0,0,0,0,0,0,0,0,0,0,0,0,0,0,0,0,0,0,0,0,0,0,0,0,0,0,0,0,0,0,0,0,0,0,0,0,0,0,0,0,0,0,0,0,0,0,0,0,0,0,0,0,0,0,0,0,0,0,0,0,0,0,0,0,0,0,0,0,0,0,0,0,0,0,0,0,0,0,0,0,0,0,0,0,0,0,0,0,0,0,0,0,0,0,0,0,0,0,0,0,0,0,0,0,0,0,0,0,0,0,0,0,0,0,0,0,0,0,0,0,0,0,0,0,0,0,0,0,0,0,0,0,0,0
A05,X5,,Cal.Biomass [OD600 [-]]:FS=1,0,0,0,0,0,0,0,0,0,0,0,0,0,0,0,0,0,0,0,0,0,0,0,0,0,0,0,0,0,0,0,0,0,0,0,0,0,0,0,0,0,0,0,0,0,0,0,0,0,0,0,0,0,0,0,0,0,0,0,0,0,0,0,0,0,0,0,0,0,0,0,0,0,0,0,0,0,0,0,0,0,0,0,0,0,0,0,0,0,0,0,0,0,0,0,0,0,0,0,0,0,0,0,0,0,0,0,0,0,0,0,0,0,0,0,0,0,0,0,0,0,0,0,0,0,0,0,0,0,0,0,0,0,0,0,0,0,0,0,0,0,0,0,0,0,0,0,0,0,0,0,0,0,0,0,0,0,0,0,0,0,0,0,0,0,0,0,0,0,0,0,0,0,0,0,0,0,0,0,0,0,0,0,0,0,0,0,0,0,0
A06,X6,,Cal.Biomass [OD600 [-]]:FS=1,0,0,0,0,0,0,0,0,0,0,0,0,0,0,0,0,0,0,0,0,0,0,0,0,0,0,0,0,0,0,0,0,0,0,0,0,0,0,0,0,0,0,0,0,0,0,0,0,0,0,0,0,0,0,0,0,0,0,0,0,0,0,0,0,0,0,0,0,0,0,0,0,0,0,0,0,0,0,0,0,0,0,0,0,0,0,0,0,0,0,0,0,0,0,0,0,0,0,0,0,0,0,0,0,0,0,0,0,0,0,0,0,0,0,0,0,0,0,0,0,0,0,0,0,0,0,0,0,0,0,0,0,0,0,0,0,0,0,0,0,0,0,0,0,0,0,0,0,0,0,0,0,0,0,0,0,0,0,0,0,0,0,0,0,0,0,0,0,0,0,0,0,0,0,0,0,0,0,0,0,0,0,0,0,0,0,0,0,0,0
A07,X7,,Cal.Biomass [OD600 [-]]:FS=1,0,0,0,0,0,0,0,0,0,0,0,0,0,0,0,0,0,0,0,0,0,0,0,0,0,0,0,0,0,0,0,0,0,0,0,0,0,0,0,0,0,0,0,0,0,0,0,0,0,0,0,0,0,0,0,0,0,0,0,0,0,0,0,0,0,0,0,0,0,0,0,0,0,0,0,0,0,0,0,0,0,0,0,0,0,0,0,0,0,0,0,0,0,0,0,0,0,0,0,0,0,0,0,0,0,0,0,0,0,0,0,0,0,0,0,0,0,0,0,0,0,0,0,0,0,0,0,0,0,0,0,0,0,0,0,0,0,0,0,0,0,0,0,0,0,0,0,0,0,0,0,0,0,0,0,0,0,0,0,0,0,0,0,0,0,0,0,0,0,0,0,0,0,0,0,0,0,0,0,0,0,0,0,0,0,0,0,0,0,0
A08,X8,,Cal.Biomass [OD600 [-]]:FS=1,0,0,0,0,0,0,0,0,0,0,0,0,0,0,0,0,0,0,0,0,0,0,0,0,0,0,0,0,0,0,0,0,0,0,0,0,0,0,0,0,0,0,0,0,0,0,0,0,0,0,0,0,0,0,0,0,0,0,0,0,0,0,0,0,0,0,0,0,0,0,0,0,0,0,0,0,0,0,0,0,0,0,0,0,0,0,0,0,0,0,0,0,0,0,0,0,0,0,0,0,0,0,0,0,0,0,0,0,0,0,0,0,0,0,0,0,0,0,0,0,0,0,0,0,0,0,0,0,0,0,0,0,0,0,0,0,0,0,0,0,0,0,0,0,0,0,0,0,0,0,0,0,0,0,0,0,0,0,0,0,0,0,0,0,0,0,0,0,0,0,0,0,0,0,0,0,0,0,0,0,0,0,0,0,0,0,0,0,0,0
B01,X9,,Cal.Biomass [OD600 [-]]:FS=1,0,0,0,0,0,0,0,0,0,0,0,0,0,0,0,0,0,0,0,0,0,0,0,0,0,0,0,0,0,0,0,0,0,0,0,0,0,0,0,0,0,0,0,0,0,0,0,0,0,0,0,0,0,0,0,0,0,0,0,0,0,0,0,0,0,0,0,0,0,0,0,0,0,0,0,0,0,0,0,0,0,0,0,0,0,0,0,0,0,0,0,0,0,0,0,0,0,0,0,0,0,0,0,0,0,0,0,0,0,0,0,0,0,0,0,0,0,0,0,0,0,0,0,0,0,0,0,0,0,0,0,0,0,0,0,0,0,0,0,0,0,0,0,0,0,0,0,0,0,0,0,0,0,0,0,0,0,0,0,0,0,0,0,0,0,0,0,0,0,0,0,0,0,0,0,0,0,0,0,0,0,0,0,0,0,0,0,0,0,0
B02,X10,,Cal.Biomass [OD600 [-]]:FS=1,0,0,0,0,0,0,0,0,0,0,0,0,0,0,0,0,0,0,0,0,0,0,0,0,0,0,0,0,0,0,0,0,0,0,0,0,0,0,0,0,0,0,0,0,0,0,0,0,0,0,0,0,0,0,0,0,0,0,0,0,0,0,0,0,0,0,0,0,0,0,0,0,0,0,0,0,0,0,0,0,0,0,0,0,0,0,0,0,0,0,0,0,0,0,0,0,0,0,0,0,0,0,0,0,0,0,0,0,0,0,0,0,0,0,0,0,0,0,0,0,0,0,0,0,0,0,0,0,0,0,0,0,0,0,0,0,0,0,0,0,0,0,0,0,0,0,0,0,0,0,0,0,0,0,0,0,0,0,0,0,0,0,0,0,0,0,0,0,0,0,0,0,0,0,0,0,0,0,0,0,0,0,0,0,0,0,0,0,0,0
B03,X11,,Cal.Biomass [OD600 [-]]:FS=1,0,0,0,0,0,0,0,0,0,0,0,0,0,0,0,0,0,0,0,0,0,0,0,0,0,0,0,0,0,0,0,0,0,0,0,0,0,0,0,0,0,0,0,0,0,0,0,0,0,0,0,0,0,0,0,0,0,0,0,0,0,0,0,0,0,0,0,0,0,0,0,0,0,0,0,0,0,0,0,0,0,0,0,0,0,0,0,0,0,0,0,0,0,0,0,0,0,0,0,0,0,0,0,0,0,0,0,0,0,0,0,0,0,0,0,0,0,0,0,0,0,0,0,0,0,0,0,0,0,0,0,0,0,0,0,0,0,0,0,0,0,0,0,0,0,0,0,0,0,0,0,0,0,0,0,0,0,0,0,0,0,0,0,0,0,0,0,0,0,0,0,0,0,0,0,0,0,0,0,0,0,0,0,0,0,0,0,0,0,0
B04,X12,,Cal.Biomass [OD600 [-]]:FS=1,0,0,0,0,0,0,0,0,0,0,0,0,0,0,0,0,0,0,0,0,0,0,0,0,0,0,0,0,0,0,0,0,0,0,0,0,0,0,0,0,0,0,0,0,0,0,0,0,0,0,0,0,0,0,0,0,0,0,0,0,0,0,0,0,0,0,0,0,0,0,0,0,0,0,0,0,0,0,0,0,0,0,0,0,0,0,0,0,0,0,0,0,0,0,0,0,0,0,0,0,0,0,0,0,0,0,0,0,0,0,0,0,0,0,0,0,0,0,0,0,0,0,0,0,0,0,0,0,0,0,0,0,0,0,0,0,0,0,0,0,0,0,0,0,0,0,0,0,0,0,0,0,0,0,0,0,0,0,0,0,0,0,0,0,0,0,0,0,0,0,0,0,0,0,0,0,0,0,0,0,0,0,0,0,0,0,0,0,0,0
B05,X13,,Cal.Biomass [OD600 [-]]:FS=1,0,0,0,0,0,0,0,0,0,0,0,0,0,0,0,0,0,0,0,0,0,0,0,0,0,0,0,0,0,0,0,0,0,0,0,0,0,0,0,0,0,0,0,0,0,0,0,0,0,0,0,0,0,0,0,0,0,0,0,0,0,0,0,0,0,0,0,0,0,0,0,0,0,0,0,0,0,0,0,0,0,0,0,0,0,0,0,0,0,0,0,0,0,0,0,0,0,0,0,0,0,0,0,0,0,0,0,0,0,0,0,0,0,0,0,0,0,0,0,0,0,0,0,0,0,0,0,0,0,0,0,0,0,0,0,0,0,0,0,0,0,0,0,0,0,0,0,0,0,0,0,0,0,0,0,0,0,0,0,0,0,0,0,0,0,0,0,0,0,0,0,0,0,0,0,0,0,0,0,0,0,0,0,0,0,0,0,0,0,0
B06,X14,,Cal.Biomass [OD600 [-]]:FS=1,0,0,0,0,0,0,0,0,0,0,0,0,0,0,0,0,0,0,0,0,0,0,0,0,0,0,0,0,0,0,0,0,0,0,0,0,0,0,0,0,0,0,0,0,0,0,0,0,0,0,0,0,0,0,0,0,0,0,0,0,0,0,0,0,0,0,0,0,0,0,0,0,0,0,0,0,0,0,0,0,0,0,0,0,0,0,0,0,0,0,0,0,0,0,0,0,0,0,0,0,0,0,0,0,0,0,0,0,0,0,0,0,0,0,0,0,0,0,0,0,0,0,0,0,0,0,0,0,0,0,0,0,0,0,0,0,0,0,0,0,0,0,0,0,0,0,0,0,0,0,0,0,0,0,0,0,0,0,0,0,0,0,0,0,0,0,0,0,0,0,0,0,0,0,0,0,0,0,0,0,0,0,0,0,0,0,0,0,0,0
B07,X15,,Cal.Biomass [OD600 [-]]:FS=1,0,0,0,0,0,0,0,0,0,0,0,0,0,0,0,0,0,0,0,0,0,0,0,0,0,0,0,0,0,0,0,0,0,0,0,0,0,0,0,0,0,0,0,0,0,0,0,0,0,0,0,0,0,0,0,0,0,0,0,0,0,0,0,0,0,0,0,0,0,0,0,0,0,0,0,0,0,0,0,0,0,0,0,0,0,0,0,0,0,0,0,0,0,0,0,0,0,0,0,0,0,0,0,0,0,0,0,0,0,0,0,0,0,0,0,0,0,0,0,0,0,0,0,0,0,0,0,0,0,0,0,0,0,0,0,0,0,0,0,0,0,0,0,0,0,0,0,0,0,0,0,0,0,0,0,0,0,0,0,0,0,0,0,0,0,0,0,0,0,0,0,0,0,0,0,0,0,0,0,0,0,0,0,0,0,0,0,0,0,0
B08,X16,,Cal.Biomass [OD600 [-]]:FS=1,0,0,0,0,0,0,0,0,0,0,0,0,0,0,0,0,0,0,0,0,0,0,0,0,0,0,0,0,0,0,0,0,0,0,0,0,0,0,0,0,0,0,0,0,0,0,0,0,0,0,0,0,0,0,0,0,0,0,0,0,0,0,0,0,0,0,0,0,0,0,0,0,0,0,0,0,0,0,0,0,0,0,0,0,0,0,0,0,0,0,0,0,0,0,0,0,0,0,0,0,0,0,0,0,0,0,0,0,0,0,0,0,0,0,0,0,0,0,0,0,0,0,0,0,0,0,0,0,0,0,0,0,0,0,0,0,0,0,0,0,0,0,0,0,0,0,0,0,0,0,0,0,0,0,0,0,0,0,0,0,0,0,0,0,0,0,0,0,0,0,0,0,0,0,0,0,0,0,0,0,0,0,0,0,0,0,0,0,0,0
C01,X17,,Cal.Biomass [OD600 [-]]:FS=1,0,0,0,0,0,0,0,0,0,0,0,0,0,0,0,0,0,0,0,0,0,0,0,0,0,0,0,0,0,0,0,0,0,0,0,0,0,0,0,0,0,0,0,0,0,0,0,0,0,0,0,0,0,0,0,0,0,0,0,0,0,0,0,0,0,0,0,0,0,0,0,0,0,0,0,0,0,0,0,0,0,0,0,0,0,0,0,0,0,0,0,0,0,0,0,0,0,0,0,0,0,0,0,0,0,0,0,0,0,0,0,0,0,0,0,0,0,0,0,0,0,0,0,0,0,0,0,0,0,0,0,0,0,0,0,0,0,0,0,0,0,0,0,0,0,0,0,0,0,0,0,0,0,0,0,0,0,0,0,0,0,0,0,0,0,0,0,0,0,0,0,0,0,0,0,0,0,0,0,0,0,0,0,0,0,0,0,0,0,0
C02,X18,,Cal.Biomass [OD600 [-]]:FS=1,0,0,0,0,0,0,0,0,0,0,0,0,0,0,0,0,0,0,0,0,0,0,0,0,0,0,0,0,0,0,0,0,0,0,0,0,0,0,0,0,0,0,0,0,0,0,0,0,0,0,0,0,0,0,0,0,0,0,0,0,0,0,0,0,0,0,0,0,0,0,0,0,0,0,0,0,0,0,0,0,0,0,0,0,0,0,0,0,0,0,0,0,0,0,0,0,0,0,0,0,0,0,0,0,0,0,0,0,0,0,0,0,0,0,0,0,0,0,0,0,0,0,0,0,0,0,0,0,0,0,0,0,0,0,0,0,0,0,0,0,0,0,0,0,0,0,0,0,0,0,0,0,0,0,0,0,0,0,0,0,0,0,0,0,0,0,0,0,0,0,0,0,0,0,0,0,0,0,0,0,0,0,0,0,0,0,0,0,0,0
C03,X19,,Cal.Biomass [OD600 [-]]:FS=1,0,0,0,0,0,0,0,0,0,0,0,0,0,0,0,0,0,0,0,0,0,0,0,0,0,0,0,0,0,0,0,0,0,0,0,0,0,0,0,0,0,0,0,0,0,0,0,0,0,0,0,0,0,0,0,0,0,0,0,0,0,0,0,0,0,0,0,0,0,0,0,0,0,0,0,0,0,0,0,0,0,0,0,0,0,0,0,0,0,0,0,0,0,0,0,0,0,0,0,0,0,0,0,0,0,0,0,0,0,0,0,0,0,0,0,0,0,0,0,0,0,0,0,0,0,0,0,0,0,0,0,0,0,0,0,0,0,0,0,0,0,0,0,0,0,0,0,0,0,0,0,0,0,0,0,0,0,0,0,0,0,0,0,0,0,0,0,0,0,0,0,0,0,0,0,0,0,0,0,0,0,0,0,0,0,0,0,0,0,0
C04,X20,,Cal.Biomass [OD600 [-]]:FS=1,0,0,0,0,0,0,0,0,0,0,0,0,0,0,0,0,0,0,0,0,0,0,0,0,0,0,0,0,0,0,0,0,0,0,0,0,0,0,0,0,0,0,0,0,0,0,0,0,0,0,0,0,0,0,0,0,0,0,0,0,0,0,0,0,0,0,0,0,0,0,0,0,0,0,0,0,0,0,0,0,0,0,0,0,0,0,0,0,0,0,0,0,0,0,0,0,0,0,0,0,0,0,0,0,0,0,0,0,0,0,0,0,0,0,0,0,0,0,0,0,0,0,0,0,0,0,0,0,0,0,0,0,0,0,0,0,0,0,0,0,0,0,0,0,0,0,0,0,0,0,0,0,0,0,0,0,0,0,0,0,0,0,0,0,0,0,0,0,0,0,0,0,0,0,0,0,0,0,0,0,0,0,0,0,0,0,0,0,0,0
C05,X21,,Cal.Biomass [OD600 [-]]:FS=1,0,0,0,0,0,0,0,0,0,0,0,0,0,0,0,0,0,0,0,0,0,0,0,0,0,0,0,0,0,0,0,0,0,0,0,0,0,0,0,0,0,0,0,0,0,0,0,0,0,0,0,0,0,0,0,0,0,0,0,0,0,0,0,0,0,0,0,0,0,0,0,0,0,0,0,0,0,0,0,0,0,0,0,0,0,0,0,0,0,0,0,0,0,0,0,0,0,0,0,0,0,0,0,0,0,0,0,0,0,0,0,0,0,0,0,0,0,0,0,0,0,0,0,0,0,0,0,0,0,0,0,0,0,0,0,0,0,0,0,0,0,0,0,0,0,0,0,0,0,0,0,0,0,0,0,0,0,0,0,0,0,0,0,0,0,0,0,0,0,0,0,0,0,0,0,0,0,0,0,0,0,0,0,0,0,0,0,0,0,0
C06,X22,,Cal.Biomass [OD600 [-]]:FS=1,0,0,0,0,0,0,0,0,0,0,0,0,0,0,0,0,0,0,0,0,0,0,0,0,0,0,0,0,0,0,0,0,0,0,0,0,0,0,0,0,0,0,0,0,0,0,0,0,0,0,0,0,0,0,0,0,0,0,0,0,0,0,0,0,0,0,0,0,0,0,0,0,0,0,0,0,0,0,0,0,0,0,0,0,0,0,0,0,0,0,0,0,0,0,0,0,0,0,0,0,0,0,0,0,0,0,0,0,0,0,0,0,0,0,0,0,0,0,0,0,0,0,0,0,0,0,0,0,0,0,0,0,0,0,0,0,0,0,0,0,0,0,0,0,0,0,0,0,0,0,0,0,0,0,0,0,0,0,0,0,0,0,0,0,0,0,0,0,0,0,0,0,0,0,0,0,0,0,0,0,0,0,0,0,0,0,0,0,0,0
C07,X23,,Cal.Biomass [OD600 [-]]:FS=1,0,0,0,0,0,0,0,0,0,0,0,0,0,0,0,0,0,0,0,0,0,0,0,0,0,0,0,0,0,0,0,0,0,0,0,0,0,0,0,0,0,0,0,0,0,0,0,0,0,0,0,0,0,0,0,0,0,0,0,0,0,0,0,0,0,0,0,0,0,0,0,0,0,0,0,0,0,0,0,0,0,0,0,0,0,0,0,0,0,0,0,0,0,0,0,0,0,0,0,0,0,0,0,0,0,0,0,0,0,0,0,0,0,0,0,0,0,0,0,0,0,0,0,0,0,0,0,0,0,0,0,0,0,0,0,0,0,0,0,0,0,0,0,0,0,0,0,0,0,0,0,0,0,0,0,0,0,0,0,0,0,0,0,0,0,0,0,0,0,0,0,0,0,0,0,0,0,0,0,0,0,0,0,0,0,0,0,0,0,0
C08,X24,,Cal.Biomass [OD600 [-]]:FS=1,0,0,0,0,0,0,0,0,0,0,0,0,0,0,0,0,0,0,0,0,0,0,0,0,0,0,0,0,0,0,0,0,0,0,0,0,0,0,0,0,0,0,0,0,0,0,0,0,0,0,0,0,0,0,0,0,0,0,0,0,0,0,0,0,0,0,0,0,0,0,0,0,0,0,0,0,0,0,0,0,0,0,0,0,0,0,0,0,0,0,0,0,0,0,0,0,0,0,0,0,0,0,0,0,0,0,0,0,0,0,0,0,0,0,0,0,0,0,0,0,0,0,0,0,0,0,0,0,0,0,0,0,0,0,0,0,0,0,0,0,0,0,0,0,0,0,0,0,0,0,0,0,0,0,0,0,0,0,0,0,0,0,0,0,0,0,0,0,0,0,0,0,0,0,0,0,0,0,0,0,0,0,0,0,0,0,0,0,0,0
D01,X25,,Cal.Biomass [OD600 [-]]:FS=1,0,0,0,0,0,0,0,0,0,0,0,0,0,0,0,0,0,0,0,0,0,0,0,0,0,0,0,0,0,0,0,0,0,0,0,0,0,0,0,0,0,0,0,0,0,0,0,0,0,0,0,0,0,0,0,0,0,0,0,0,0,0,0,0,0,0,0,0,0,0,0,0,0,0,0,0,0,0,0,0,0,0,0,0,0,0,0,0,0,0,0,0,0,0,0,0,0,0,0,0,0,0,0,0,0,0,0,0,0,0,0,0,0,0,0,0,0,0,0,0,0,0,0,0,0,0,0,0,0,0,0,0,0,0,0,0,0,0,0,0,0,0,0,0,0,0,0,0,0,0,0,0,0,0,0,0,0,0,0,0,0,0,0,0,0,0,0,0,0,0,0,0,0,0,0,0,0,0,0,0,0,0,0,0,0,0,0,0,0,0
D02,X26,,Cal.Biomass [OD600 [-]]:FS=1,0,0,0,0,0,0,0,0,0,0,0,0,0,0,0,0,0,0,0,0,0,0,0,0,0,0,0,0,0,0,0,0,0,0,0,0,0,0,0,0,0,0,0,0,0,0,0,0,0,0,0,0,0,0,0,0,0,0,0,0,0,0,0,0,0,0,0,0,0,0,0,0,0,0,0,0,0,0,0,0,0,0,0,0,0,0,0,0,0,0,0,0,0,0,0,0,0,0,0,0,0,0,0,0,0,0,0,0,0,0,0,0,0,0,0,0,0,0,0,0,0,0,0,0,0,0,0,0,0,0,0,0,0,0,0,0,0,0,0,0,0,0,0,0,0,0,0,0,0,0,0,0,0,0,0,0,0,0,0,0,0,0,0,0,0,0,0,0,0,0,0,0,0,0,0,0,0,0,0,0,0,0,0,0,0,0,0,0,0,0
D03,X27,,Cal.Biomass [OD600 [-]]:FS=1,0,0,0,0,0,0,0,0,0,0,0,0,0,0,0,0,0,0,0,0,0,0,0,0,0,0,0,0,0,0,0,0,0,0,0,0,0,0,0,0,0,0,0,0,0,0,0,0,0,0,0,0,0,0,0,0,0,0,0,0,0,0,0,0,0,0,0,0,0,0,0,0,0,0,0,0,0,0,0,0,0,0,0,0,0,0,0,0,0,0,0,0,0,0,0,0,0,0,0,0,0,0,0,0,0,0,0,0,0,0,0,0,0,0,0,0,0,0,0,0,0,0,0,0,0,0,0,0,0,0,0,0,0,0,0,0,0,0,0,0,0,0,0,0,0,0,0,0,0,0,0,0,0,0,0,0,0,0,0,0,0,0,0,0,0,0,0,0,0,0,0,0,0,0,0,0,0,0,0,0,0,0,0,0,0,0,0,0,0,0
D04,X28,,Cal.Biomass [OD600 [-]]:FS=1,0,0,0,0,0,0,0,0,0,0,0,0,0,0,0,0,0,0,0,0,0,0,0,0,0,0,0,0,0,0,0,0,0,0,0,0,0,0,0,0,0,0,0,0,0,0,0,0,0,0,0,0,0,0,0,0,0,0,0,0,0,0,0,0,0,0,0,0,0,0,0,0,0,0,0,0,0,0,0,0,0,0,0,0,0,0,0,0,0,0,0,0,0,0,0,0,0,0,0,0,0,0,0,0,0,0,0,0,0,0,0,0,0,0,0,0,0,0,0,0,0,0,0,0,0,0,0,0,0,0,0,0,0,0,0,0,0,0,0,0,0,0,0,0,0,0,0,0,0,0,0,0,0,0,0,0,0,0,0,0,0,0,0,0,0,0,0,0,0,0,0,0,0,0,0,0,0,0,0,0,0,0,0,0,0,0,0,0,0,0
D05,X29,,Cal.Biomass [OD600 [-]]:FS=1,0,0,0,0,0,0,0,0,0,0,0,0,0,0,0,0,0,0,0,0,0,0,0,0,0,0,0,0,0,0,0,0,0,0,0,0,0,0,0,0,0,0,0,0,0,0,0,0,0,0,0,0,0,0,0,0,0,0,0,0,0,0,0,0,0,0,0,0,0,0,0,0,0,0,0,0,0,0,0,0,0,0,0,0,0,0,0,0,0,0,0,0,0,0,0,0,0,0,0,0,0,0,0,0,0,0,0,0,0,0,0,0,0,0,0,0,0,0,0,0,0,0,0,0,0,0,0,0,0,0,0,0,0,0,0,0,0,0,0,0,0,0,0,0,0,0,0,0,0,0,0,0,0,0,0,0,0,0,0,0,0,0,0,0,0,0,0,0,0,0,0,0,0,0,0,0,0,0,0,0,0,0,0,0,0,0,0,0,0,0
D06,X30,,Cal.Biomass [OD600 [-]]:FS=1,0,0,0,0,0,0,0,0,0,0,0,0,0,0,0,0,0,0,0,0,0,0,0,0,0,0,0,0,0,0,0,0,0,0,0,0,0,0,0,0,0,0,0,0,0,0,0,0,0,0,0,0,0,0,0,0,0,0,0,0,0,0,0,0,0,0,0,0,0,0,0,0,0,0,0,0,0,0,0,0,0,0,0,0,0,0,0,0,0,0,0,0,0,0,0,0,0,0,0,0,0,0,0,0,0,0,0,0,0,0,0,0,0,0,0,0,0,0,0,0,0,0,0,0,0,0,0,0,0,0,0,0,0,0,0,0,0,0,0,0,0,0,0,0,0,0,0,0,0,0,0,0,0,0,0,0,0,0,0,0,0,0,0,0,0,0,0,0,0,0,0,0,0,0,0,0,0,0,0,0,0,0,0,0,0,0,0,0,0,0
D07,X31,,Cal.Biomass [OD600 [-]]:FS=1,0,0,0,0,0,0,0,0,0,0,0,0,0,0,0,0,0,0,0,0,0,0,0,0,0,0,0,0,0,0,0,0,0,0,0,0,0,0,0,0,0,0,0,0,0,0,0,0,0,0,0,0,0,0,0,0,0,0,0,0,0,0,0,0,0,0,0,0,0,0,0,0,0,0,0,0,0,0,0,0,0,0,0,0,0,0,0,0,0,0,0,0,0,0,0,0,0,0,0,0,0,0,0,0,0,0,0,0,0,0,0,0,0,0,0,0,0,0,0,0,0,0,0,0,0,0,0,0,0,0,0,0,0,0,0,0,0,0,0,0,0,0,0,0,0,0,0,0,0,0,0,0,0,0,0,0,0,0,0,0,0,0,0,0,0,0,0,0,0,0,0,0,0,0,0,0,0,0,0,0,0,0,0,0,0,0,0,0,0,0
D08,X32,,Cal.Biomass [OD600 [-]]:FS=1,0,0,0,0,0,0,0,0,0,0,0,0,0,0,0,0,0,0,0,0,0,0,0,0,0,0,0,0,0,0,0,0,0,0,0,0,0,0,0,0,0,0,0,0,0,0,0,0,0,0,0,0,0,0,0,0,0,0,0,0,0,0,0,0,0,0,0,0,0,0,0,0,0,0,0,0,0,0,0,0,0,0,0,0,0,0,0,0,0,0,0,0,0,0,0,0,0,0,0,0,0,0,0,0,0,0,0,0,0,0,0,0,0,0,0,0,0,0,0,0,0,0,0,0,0,0,0,0,0,0,0,0,0,0,0,0,0,0,0,0,0,0,0,0,0,0,0,0,0,0,0,0,0,0,0,0,0,0,0,0,0,0,0,0,0,0,0,0,0,0,0,0,0,0,0,0,0,0,0,0,0,0,0,0,0,0,0,0,0,0
E01,X33,,Cal.Biomass [OD600 [-]]:FS=1,0,0,0,0,0,0,0,0,0,0,0,0,0,0,0,0,0,0,0,0,0,0,0,0,0,0,0,0,0,0,0,0,0,0,0,0,0,0,0,0,0,0,0,0,0,0,0,0,0,0,0,0,0,0,0,0,0,0,0,0,0,0,0,0,0,0,0,0,0,0,0,0,0,0,0,0,0,0,0,0,0,0,0,0,0,0,0,0,0,0,0,0,0,0,0,0,0,0,0,0,0,0,0,0,0,0,0,0,0,0,0,0,0,0,0,0,0,0,0,0,0,0,0,0,0,0,0,0,0,0,0,0,0,0,0,0,0,0,0,0,0,0,0,0,0,0,0,0,0,0,0,0,0,0,0,0,0,0,0,0,0,0,0,0,0,0,0,0,0,0,0,0,0,0,0,0,0,0,0,0,0,0,0,0,0,0,0,0,0,0
E02,X34,,Cal.Biomass [OD600 [-]]:FS=1,0,0,0,0,0,0,0,0,0,0,0,0,0,0,0,0,0,0,0,0,0,0,0,0,0,0,0,0,0,0,0,0,0,0,0,0,0,0,0,0,0,0,0,0,0,0,0,0,0,0,0,0,0,0,0,0,0,0,0,0,0,0,0,0,0,0,0,0,0,0,0,0,0,0,0,0,0,0,0,0,0,0,0,0,0,0,0,0,0,0,0,0,0,0,0,0,0,0,0,0,0,0,0,0,0,0,0,0,0,0,0,0,0,0,0,0,0,0,0,0,0,0,0,0,0,0,0,0,0,0,0,0,0,0,0,0,0,0,0,0,0,0,0,0,0,0,0,0,0,0,0,0,0,0,0,0,0,0,0,0,0,0,0,0,0,0,0,0,0,0,0,0,0,0,0,0,0,0,0,0,0,0,0,0,0,0,0,0,0,0
E03,X35,,Cal.Biomass [OD600 [-]]:FS=1,0,0,0,0,0,0,0,0,0,0,0,0,0,0,0,0,0,0,0,0,0,0,0,0,0,0,0,0,0,0,0,0,0,0,0,0,0,0,0,0,0,0,0,0,0,0,0,0,0,0,0,0,0,0,0,0,0,0,0,0,0,0,0,0,0,0,0,0,0,0,0,0,0,0,0,0,0,0,0,0,0,0,0,0,0,0,0,0,0,0,0,0,0,0,0,0,0,0,0,0,0,0,0,0,0,0,0,0,0,0,0,0,0,0,0,0,0,0,0,0,0,0,0,0,0,0,0,0,0,0,0,0,0,0,0,0,0,0,0,0,0,0,0,0,0,0,0,0,0,0,0,0,0,0,0,0,0,0,0,0,0,0,0,0,0,0,0,0,0,0,0,0,0,0,0,0,0,0,0,0,0,0,0,0,0,0,0,0,0,0
E04,X36,,Cal.Biomass [OD600 [-]]:FS=1,0,0,0,0,0,0,0,0,0,0,0,0,0,0,0,0,0,0,0,0,0,0,0,0,0,0,0,0,0,0,0,0,0,0,0,0,0,0,0,0,0,0,0,0,0,0,0,0,0,0,0,0,0,0,0,0,0,0,0,0,0,0,0,0,0,0,0,0,0,0,0,0,0,0,0,0,0,0,0,0,0,0,0,0,0,0,0,0,0,0,0,0,0,0,0,0,0,0,0,0,0,0,0,0,0,0,0,0,0,0,0,0,0,0,0,0,0,0,0,0,0,0,0,0,0,0,0,0,0,0,0,0,0,0,0,0,0,0,0,0,0,0,0,0,0,0,0,0,0,0,0,0,0,0,0,0,0,0,0,0,0,0,0,0,0,0,0,0,0,0,0,0,0,0,0,0,0,0,0,0,0,0,0,0,0,0,0,0,0,0
E05,X37,,Cal.Biomass [OD600 [-]]:FS=1,0,0,0,0,0,0,0,0,0,0,0,0,0,0,0,0,0,0,0,0,0,0,0,0,0,0,0,0,0,0,0,0,0,0,0,0,0,0,0,0,0,0,0,0,0,0,0,0,0,0,0,0,0,0,0,0,0,0,0,0,0,0,0,0,0,0,0,0,0,0,0,0,0,0,0,0,0,0,0,0,0,0,0,0,0,0,0,0,0,0,0,0,0,0,0,0,0,0,0,0,0,0,0,0,0,0,0,0,0,0,0,0,0,0,0,0,0,0,0,0,0,0,0,0,0,0,0,0,0,0,0,0,0,0,0,0,0,0,0,0,0,0,0,0,0,0,0,0,0,0,0,0,0,0,0,0,0,0,0,0,0,0,0,0,0,0,0,0,0,0,0,0,0,0,0,0,0,0,0,0,0,0,0,0,0,0,0,0,0,0
E06,X38,,Cal.Biomass [OD600 [-]]:FS=1,0,0,0,0,0,0,0,0,0,0,0,0,0,0,0,0,0,0,0,0,0,0,0,0,0,0,0,0,0,0,0,0,0,0,0,0,0,0,0,0,0,0,0,0,0,0,0,0,0,0,0,0,0,0,0,0,0,0,0,0,0,0,0,0,0,0,0,0,0,0,0,0,0,0,0,0,0,0,0,0,0,0,0,0,0,0,0,0,0,0,0,0,0,0,0,0,0,0,0,0,0,0,0,0,0,0,0,0,0,0,0,0,0,0,0,0,0,0,0,0,0,0,0,0,0,0,0,0,0,0,0,0,0,0,0,0,0,0,0,0,0,0,0,0,0,0,0,0,0,0,0,0,0,0,0,0,0,0,0,0,0,0,0,0,0,0,0,0,0,0,0,0,0,0,0,0,0,0,0,0,0,0,0,0,0,0,0,0,0,0
E07,X39,,Cal.Biomass [OD600 [-]]:FS=1,0,0,0,0,0,0,0,0,0,0,0,0,0,0,0,0,0,0,0,0,0,0,0,0,0,0,0,0,0,0,0,0,0,0,0,0,0,0,0,0,0,0,0,0,0,0,0,0,0,0,0,0,0,0,0,0,0,0,0,0,0,0,0,0,0,0,0,0,0,0,0,0,0,0,0,0,0,0,0,0,0,0,0,0,0,0,0,0,0,0,0,0,0,0,0,0,0,0,0,0,0,0,0,0,0,0,0,0,0,0,0,0,0,0,0,0,0,0,0,0,0,0,0,0,0,0,0,0,0,0,0,0,0,0,0,0,0,0,0,0,0,0,0,0,0,0,0,0,0,0,0,0,0,0,0,0,0,0,0,0,0,0,0,0,0,0,0,0,0,0,0,0,0,0,0,0,0,0,0,0,0,0,0,0,0,0,0,0,0,0
E08,X40,,Cal.Biomass [OD600 [-]]:FS=1,0,0,0,0,0,0,0,0,0,0,0,0,0,0,0,0,0,0,0,0,0,0,0,0,0,0,0,0,0,0,0,0,0,0,0,0,0,0,0,0,0,0,0,0,0,0,0,0,0,0,0,0,0,0,0,0,0,0,0,0,0,0,0,0,0,0,0,0,0,0,0,0,0,0,0,0,0,0,0,0,0,0,0,0,0,0,0,0,0,0,0,0,0,0,0,0,0,0,0,0,0,0,0,0,0,0,0,0,0,0,0,0,0,0,0,0,0,0,0,0,0,0,0,0,0,0,0,0,0,0,0,0,0,0,0,0,0,0,0,0,0,0,0,0,0,0,0,0,0,0,0,0,0,0,0,0,0,0,0,0,0,0,0,0,0,0,0,0,0,0,0,0,0,0,0,0,0,0,0,0,0,0,0,0,0,0,0,0,0,0
F01,X41,,Cal.Biomass [OD600 [-]]:FS=1,0,0,0,0,0,0,0,0,0,0,0,0,0,0,0,0,0,0,0,0,0,0,0,0,0,0,0,0,0,0,0,0,0,0,0,0,0,0,0,0,0,0,0,0,0,0,0,0,0,0,0,0,0,0,0,0,0,0,0,0,0,0,0,0,0,0,0,0,0,0,0,0,0,0,0,0,0,0,0,0,0,0,0,0,0,0,0,0,0,0,0,0,0,0,0,0,0,0,0,0,0,0,0,0,0,0,0,0,0,0,0,0,0,0,0,0,0,0,0,0,0,0,0,0,0,0,0,0,0,0,0,0,0,0,0,0,0,0,0,0,0,0,0,0,0,0,0,0,0,0,0,0,0,0,0,0,0,0,0,0,0,0,0,0,0,0,0,0,0,0,0,0,0,0,0,0,0,0,0,0,0,0,0,0,0,0,0,0,0,0
F02,X42,,Cal.Biomass [OD600 [-]]:FS=1,0,0,0,0,0,0,0,0,0,0,0,0,0,0,0,0,0,0,0,0,0,0,0,0,0,0,0,0,0,0,0,0,0,0,0,0,0,0,0,0,0,0,0,0,0,0,0,0,0,0,0,0,0,0,0,0,0,0,0,0,0,0,0,0,0,0,0,0,0,0,0,0,0,0,0,0,0,0,0,0,0,0,0,0,0,0,0,0,0,0,0,0,0,0,0,0,0,0,0,0,0,0,0,0,0,0,0,0,0,0,0,0,0,0,0,0,0,0,0,0,0,0,0,0,0,0,0,0,0,0,0,0,0,0,0,0,0,0,0,0,0,0,0,0,0,0,0,0,0,0,0,0,0,0,0,0,0,0,0,0,0,0,0,0,0,0,0,0,0,0,0,0,0,0,0,0,0,0,0,0,0,0,0,0,0,0,0,0,0,0
F03,X43,,Cal.Biomass [OD600 [-]]:FS=1,0,0,0,0,0,0,0,0,0,0,0,0,0,0,0,0,0,0,0,0,0,0,0,0,0,0,0,0,0,0,0,0,0,0,0,0,0,0,0,0,0,0,0,0,0,0,0,0,0,0,0,0,0,0,0,0,0,0,0,0,0,0,0,0,0,0,0,0,0,0,0,0,0,0,0,0,0,0,0,0,0,0,0,0,0,0,0,0,0,0,0,0,0,0,0,0,0,0,0,0,0,0,0,0,0,0,0,0,0,0,0,0,0,0,0,0,0,0,0,0,0,0,0,0,0,0,0,0,0,0,0,0,0,0,0,0,0,0,0,0,0,0,0,0,0,0,0,0,0,0,0,0,0,0,0,0,0,0,0,0,0,0,0,0,0,0,0,0,0,0,0,0,0,0,0,0,0,0,0,0,0,0,0,0,0,0,0,0,0,0
F04,X44,,Cal.Biomass [OD600 [-]]:FS=1,0,0,0,0,0,0,0,0,0,0,0,0,0,0,0,0,0,0,0,0,0,0,0,0,0,0,0,0,0,0,0,0,0,0,0,0,0,0,0,0,0,0,0,0,0,0,0,0,0,0,0,0,0,0,0,0,0,0,0,0,0,0,0,0,0,0,0,0,0,0,0,0,0,0,0,0,0,0,0,0,0,0,0,0,0,0,0,0,0,0,0,0,0,0,0,0,0,0,0,0,0,0,0,0,0,0,0,0,0,0,0,0,0,0,0,0,0,0,0,0,0,0,0,0,0,0,0,0,0,0,0,0,0,0,0,0,0,0,0,0,0,0,0,0,0,0,0,0,0,0,0,0,0,0,0,0,0,0,0,0,0,0,0,0,0,0,0,0,0,0,0,0,0,0,0,0,0,0,0,0,0,0,0,0,0,0,0,0,0,0
F05,X45,,Cal.Biomass [OD600 [-]]:FS=1,0,0,0,0,0,0,0,0,0,0,0,0,0,0,0,0,0,0,0,0,0,0,0,0,0,0,0,0,0,0,0,0,0,0,0,0,0,0,0,0,0,0,0,0,0,0,0,0,0,0,0,0,0,0,0,0,0,0,0,0,0,0,0,0,0,0,0,0,0,0,0,0,0,0,0,0,0,0,0,0,0,0,0,0,0,0,0,0,0,0,0,0,0,0,0,0,0,0,0,0,0,0,0,0,0,0,0,0,0,0,0,0,0,0,0,0,0,0,0,0,0,0,0,0,0,0,0,0,0,0,0,0,0,0,0,0,0,0,0,0,0,0,0,0,0,0,0,0,0,0,0,0,0,0,0,0,0,0,0,0,0,0,0,0,0,0,0,0,0,0,0,0,0,0,0,0,0,0,0,0,0,0,0,0,0,0,0,0,0,0
F06,X46,,Cal.Biomass [OD600 [-]]:FS=1,0,0,0,0,0,0,0,0,0,0,0,0,0,0,0,0,0,0,0,0,0,0,0,0,0,0,0,0,0,0,0,0,0,0,0,0,0,0,0,0,0,0,0,0,0,0,0,0,0,0,0,0,0,0,0,0,0,0,0,0,0,0,0,0,0,0,0,0,0,0,0,0,0,0,0,0,0,0,0,0,0,0,0,0,0,0,0,0,0,0,0,0,0,0,0,0,0,0,0,0,0,0,0,0,0,0,0,0,0,0,0,0,0,0,0,0,0,0,0,0,0,0,0,0,0,0,0,0,0,0,0,0,0,0,0,0,0,0,0,0,0,0,0,0,0,0,0,0,0,0,0,0,0,0,0,0,0,0,0,0,0,0,0,0,0,0,0,0,0,0,0,0,0,0,0,0,0,0,0,0,0,0,0,0,0,0,0,0,0,0
F07,X47,,Cal.Biomass [OD600 [-]]:FS=1,0,0,0,0,0,0,0,0,0,0,0,0,0,0,0,0,0,0,0,0,0,0,0,0,0,0,0,0,0,0,0,0,0,0,0,0,0,0,0,0,0,0,0,0,0,0,0,0,0,0,0,0,0,0,0,0,0,0,0,0,0,0,0,0,0,0,0,0,0,0,0,0,0,0,0,0,0,0,0,0,0,0,0,0,0,0,0,0,0,0,0,0,0,0,0,0,0,0,0,0,0,0,0,0,0,0,0,0,0,0,0,0,0,0,0,0,0,0,0,0,0,0,0,0,0,0,0,0,0,0,0,0,0,0,0,0,0,0,0,0,0,0,0,0,0,0,0,0,0,0,0,0,0,0,0,0,0,0,0,0,0,0,0,0,0,0,0,0,0,0,0,0,0,0,0,0,0,0,0,0,0,0,0,0,0,0,0,0,0,0
F08,X48,,Cal.Biomass [OD600 [-]]:FS=1,0,0,0,0,0,0,0,0,0,0,0,0,0,0,0,0,0,0,0,0,0,0,0,0,0,0,0,0,0,0,0,0,0,0,0,0,0,0,0,0,0,0,0,0,0,0,0,0,0,0,0,0,0,0,0,0,0,0,0,0,0,0,0,0,0,0,0,0,0,0,0,0,0,0,0,0,0,0,0,0,0,0,0,0,0,0,0,0,0,0,0,0,0,0,0,0,0,0,0,0,0,0,0,0,0,0,0,0,0,0,0,0,0,0,0,0,0,0,0,0,0,0,0,0,0,0,0,0,0,0,0,0,0,0,0,0,0,0,0,0,0,0,0,0,0,0,0,0,0,0,0,0,0,0,0,0,0,0,0,0,0,0,0,0,0,0,0,0,0,0,0,0,0,0,0,0,0,0,0,0,0,0,0,0,0,0,0,0,0,0
ACT.TEMP,,,,27.4,38.5,37,37,37,37,37,37,37,37,37,37,37,37,37,37,37,37,37,37,37,37,37,37,37,37,37,37,37,37,37,37,37,37,37,37,37,37,37,37,37,37,37,37,37,37,37,37,37,37,37,37,37,37,37,37,37,37,37,37,37,37,37,37,37,37,37,37,37,37,37,37,37,37,37,37,37,37,37,37,37,37,37,37,37,37,37,37,37,37,37,37,37,37,37,37,37,37,37,37,37,37,37,37,37,37,37,37,37.1,37,37,37,37,37,37,37,37,37,37,37,37,37,37,37,37,37,37,37,37,37,37,37,37,37,37,37,37,37,37,37,37,37,37,37,37,37,37,37,37,37,37,37,37,37,37,37,37,37,37,37,37,37,37,37,37,37,37,37,37,37,37,37,37,37,37,37,37,37,37,37,37,37,37,37,37,37,37,37,37,37
ACT.HUMIDITY,,,,50.8,80.62,85.91,84.82,85.12,85.11,85,84.98,84.88,85.02,84.97,85.11,85.02,84.95,86.08,85.66,86.35,85.21,84.83,85.32,84.99,85.16,84.79,86.41,84.91,84.92,84.76,85.24,86.88,84.97,85.44,84.88,85.76,85.28,84.98,84.98,85.04,85.17,85.09,87.07,84.76,84.82,84.98,84.9,86.54,84.79,85.11,85.04,85.19,84.98,85.29,85.85,84.9,86.81,85.53,84.83,85.63,85.69,85.77,84.75,86.6,86.04,86.96,84.72,84.81,85.69,85.6,85.42,85.25,86.12,85.35,86.1,86.43,85.04,86.45,85.09,84.85,84.83,85.53,84.83,86.69,86.17,85.06,85.2,85.03,85.1,85.16,85.11,84.98,84.77,86.29,84.88,85,84.99,84.83,84.79,84.9,85.11,84.91,85.04,85.1,85.01,85.06,85.05,85.99,85.5,85.3,85.53,85.7,86.84,84.99,85.64,84.93,86.12,85.25,85.21,85.04,85.49,85.53,85.28,84.79,84.97,85.53,85.51,84.8,84.86,84.85,84.93,84.95,84.98,85.02,85.1,85.02,85.07,84.87,85.46,85.18,86.53,85.09,85.06,85.03,84.83,85.1,84.96,86.49,84.79,85.18,85.04,85.46,87.11,85.09,85.1,84.84,85.3,86.16,85.47,84.9,85.22,85.29,84.86,84.85,85.12,84.97,85.25,84.99,85.26,84.96,84.77,86.34,84.92,85.03,84.99,85.04,86.86,84.84,85.25,85.17,84.89,85.09,85.63,86.12,85.5,84.96,85.19,85.32,85.07,85.01,86.17,85.35,87.14
ACT.O2,,,,0,0,0,0,0,0,0,0,0,0,0,0,0,0,0,0,0,0,0,0,0,0,0,0,0,0,0,0,0,0,0,0,0,0,0,0,0,0,0,0,0,0,0,0,0,0,0,0,0,0,0,0,0,0,0,0,0,0,0,0,0,0,0,0,0,0,0,0,0,0,0,0,0,0,0,0,0,0,0,0,0,0,0,0,0,0,0,0,0,0,0,0,0,0,0,0,0,0,0,0,0,0,0,0,0,0,0,0,0,0,0,0,0,0,0,0,0,0,0,0,0,0,0,0,0,0,0,0,0,0,0,0,0,0,0,0,0,0,0,0,0,0,0,0,0,0,0,0,0,0,0,0,0,0,0,0,0,0,0,0,0,0,0,0,0,0,0,0,0,0,0,0,0,0,0,0,0,0,0,0,0,0,0,0,0,0,0,0,0,0
ACT.CO2,,,,0,0,0,0,0,0,0,0,0,0,0,0,0,0,0,0,0,0,0,0,0,0,0,0,0,0,0,0,0,0,0,0,0,0,0,0,0,0,0,0,0,0,0,0,0,0,0,0,0,0,0,0,0,0,0,0,0,0,0,0,0,0,0,0,0,0,0,0,0,0,0,0,0,0,0,0,0,0,0,0,0,0,0,0,0,0,0,0,0,0,0,0,0,0,0,0,0,0,0,0,0,0,0,0,0,0,0,0,0,0,0,0,0,0,0,0,0,0,0,0,0,0,0,0,0,0,0,0,0,0,0,0,0,0,0,0,0,0,0,0,0,0,0,0,0,0,0,0,0,0,0,0,0,0,0,0,0,0,0,0,0,0,0,0,0,0,0,0,0,0,0,0,0,0,0,0,0,0,0,0,0,0,0,0,0,0,0,0,0,0
COMMENT,0.00308,Close Cover, Open Cover, Close Cover, 
