strain	compound	concentration	plate	well	growth_rate	rel_growth_rate	concentration_level
BW25113	12PD	8.0 % v/v	plate4-1	B10	0.2431363050431579	0.0	high
BW25113	12PD	8.0 % v/v	plate3	B12	0.24382318463349076	0.0	high
ade	12PD	8.0 % v/v	plate3	A7	0.21647129285012603	-0.027351891783364723	high
alaA	12PD	8.0 % v/v	plate3	B6	0.19509811506825198	-0.04872506956523878	high
clsA	12PD	8.0 % v/v	plate3	D6	0.16761535932509147	-0.07620782530839929	high
dmsC	12PD	8.0 % v/v	plate3	E7	0.20250711846133954	-0.04131606617215122	high
dusA	12PD	8.0 % v/v	plate3	C8	0.24469076445093352	0.0008675798174427596	high
ecpC	12PD	8.0 % v/v	plate3	H8	0.2066777387374992	-0.03714544589599156	high
fabR	12PD	8.0 % v/v	plate3	B8	0.19740072687379512	-0.04642245775969564	high
frdA	12PD	8.0 % v/v	plate3	A5	0.20620185162092117	-0.03762133301256959	high
frmR	12PD	8.0 % v/v	plate3	F5	0.1896166718553113	-0.05420651277817945	high
gntP	12PD	8.0 % v/v	plate3	F7	0.17269823011699495	-0.07112495451649581	high
lhrA	12PD	8.0 % v/v	plate3	F9	0.23232190124648444	-0.011501283387006317	high
mmuM	12PD	8.0 % v/v	plate3	D7	0.2131859584415081	-0.03063722619198267	high
pspE	12PD	8.0 % v/v	plate3	A8	0.22286705890423528	-0.02095612572925548	high
psuG	12PD	8.0 % v/v	plate3	D5	0.0	-0.24382318463349076	high
pykF	12PD	8.0 % v/v	plate4-1	H11	0.14697713367656118	-0.09615917136659671	high
rlmB	12PD	8.0 % v/v	plate3	H6	0.18660062871912317	-0.05722255591436759	high
rnr	12PD	8.0 % v/v	plate3	E8	0.14432490969225042	-0.09949827494124033	high
rph	12PD	8.0 % v/v	plate4-1	F12	0.23530424983297862	-0.007832055210179267	high
sspA	12PD	8.0 % v/v	plate4-1	C12	0.3270672366066088	0.08393093156345091	high
stfR	12PD	8.0 % v/v	plate3	H5	0.17195698172457194	-0.07186620290891882	high
torZ	12PD	8.0 % v/v	plate3	H7	0.1598473020411472	-0.08397588259234356	high
treA	12PD	8.0 % v/v	plate3	B5	0.1661627067162883	-0.07766047791720246	high
viaA	12PD	8.0 % v/v	plate3	G8	0.21255486649036878	-0.031268318143121976	high
yafD	12PD	8.0 % v/v	plate3	F8	0.17498667894398326	-0.0688365056895075	high
yagE	12PD	8.0 % v/v	plate3	A9	0.17107945930542395	-0.0727437253280668	high
yaiO	12PD	8.0 % v/v	plate3	E5	0.1838132926933225	-0.06000989194016826	high
ycaC	12PD	8.0 % v/v	plate3	A6	0.17295420432173972	-0.07086898031175104	high
ycjM	12PD	8.0 % v/v	plate3	G7	0.11624441221320873	-0.12757877242028204	high
ydeK	12PD	8.0 % v/v	plate3	C6	0.07250858261519141	-0.17131460201829934	high
ydeU	12PD	8.0 % v/v	plate3	C5	0.15633912239489658	-0.08748406223859417	high
yeaR	12PD	8.0 % v/v	plate4-1	A12	0.2286080215402157	-0.01452828350294219	high
yeeJ	12PD	8.0 % v/v	plate3	G9	0.18706239171300731	-0.056760792920483444	high
yegI	12PD	8.0 % v/v	plate3	B9	0.20575628732521084	-0.03806689730827992	high
yegJ	12PD	8.0 % v/v	plate3	C9	0.1918199097185129	-0.05200327491497786	high
yfgF	12PD	8.0 % v/v	plate3	G5	0.17107426218907856	-0.0727489224444122	high
yhfS	12PD	8.0 % v/v	plate3	G6	0.2263423488862999	-0.017480835747190865	high
yhgN	12PD	8.0 % v/v	plate3	F6	0.20942327090637122	-0.034399913727119535	high
yjbM	12PD	8.0 % v/v	plate3	C7	0.19534425385726784	-0.04847893077622292	high
yjfI	12PD	8.0 % v/v	plate3	B7	0.19990778095270648	-0.04391540368078428	high
yjgL	12PD	8.0 % v/v	plate3	D8	0.18676017325735403	-0.05706301137613673	high
ymfE	12PD	8.0 % v/v	plate4-1	F8	0.0	-0.2431363050431579	high
yraQ	12PD	8.0 % v/v	plate3	E6	0.159278240575432	-0.08454494405805876	high
BW25113	12PD	6.0 % v/v	plate3	B12	0.4606443361958871	0.0	low
BW25113	12PD	6.0 % v/v	plate4-1	B10	0.2929294892126236	0.0	low
ade	12PD	6.0 % v/v	plate3	A7	0.270327893708341	-0.19031644248754614	low
alaA	12PD	6.0 % v/v	plate3	B6	0.36303085345287334	-0.09761348274301379	low
clsA	12PD	6.0 % v/v	plate3	D6	0.34212669167530446	-0.11851764452058267	low
dmsC	12PD	6.0 % v/v	plate3	E7	0.3720893594909315	-0.0885549767049556	low
dusA	12PD	6.0 % v/v	plate3	C8	0.40736076144212674	-0.05328357475376039	low
ecpC	12PD	6.0 % v/v	plate3	H8	0.34848267589777737	-0.11216166029810976	low
fabR	12PD	6.0 % v/v	plate3	B8	0.39403701010911946	-0.06660732608676767	low
frdA	12PD	6.0 % v/v	plate3	A5	0.24447239250515218	-0.21617194369073495	low
frmR	12PD	6.0 % v/v	plate3	F5	0.3971492107826281	-0.06349512541325902	low
gntP	12PD	6.0 % v/v	plate3	F7	0.4177318296957358	-0.042912506500151326	low
lhrA	12PD	6.0 % v/v	plate3	F9	0.3812102620341803	-0.07943407416170684	low
mmuM	12PD	6.0 % v/v	plate3	D7	0.3825590051747754	-0.0780853310211117	low
pspE	12PD	6.0 % v/v	plate3	A8	0.0	-0.4606443361958871	low
psuG	12PD	6.0 % v/v	plate3	D5	0.3611949384697422	-0.09944939772614492	low
pykF	12PD	6.0 % v/v	plate4-1	H11	0.4167640987077149	0.12383460949509134	low
rlmB	12PD	6.0 % v/v	plate3	H6	0.40083490808590216	-0.05980942810998496	low
rnr	12PD	6.0 % v/v	plate3	E8	0.3982257529536402	-0.06241858324224692	low
rph	12PD	6.0 % v/v	plate4-1	F12	0.43582036479017466	0.1428908755775511	low
sspA	12PD	6.0 % v/v	plate4-1	C12	0.5422578277746509	0.24932833856202735	low
stfR	12PD	6.0 % v/v	plate3	H5	0.35291775364596695	-0.10772658254992018	low
torZ	12PD	6.0 % v/v	plate3	H7	0.3786738899625378	-0.08197044623334931	low
treA	12PD	6.0 % v/v	plate3	B5	0.3986233405769457	-0.06202099561894142	low
viaA	12PD	6.0 % v/v	plate3	G8	0.38838473168098975	-0.07225960451489738	low
yafD	12PD	6.0 % v/v	plate3	F8	0.3390250781927607	-0.12161925800312645	low
yagE	12PD	6.0 % v/v	plate3	A9	0.2263198661535687	-0.23432447004231843	low
yaiO	12PD	6.0 % v/v	plate3	E5	0.3661763234084546	-0.09446801278743255	low
ycaC	12PD	6.0 % v/v	plate3	A6	0.16509545544672724	-0.29554888074915986	low
ycjM	12PD	6.0 % v/v	plate3	G7	0.34792487592684196	-0.11271946026904517	low
ydeK	12PD	6.0 % v/v	plate3	C6	0.35382961194812385	-0.10681472424776328	low
ydeU	12PD	6.0 % v/v	plate3	C5	0.3762009586124681	-0.08444337758341902	low
yeaR	12PD	6.0 % v/v	plate4-1	A12	0.3874546096880165	0.09452512047539291	low
yeeJ	12PD	6.0 % v/v	plate3	G9	0.3888561064116946	-0.07178822978419253	low
yegI	12PD	6.0 % v/v	plate3	B9	0.38490236799205274	-0.07574196820383439	low
yegJ	12PD	6.0 % v/v	plate3	C9	0.3482847267312366	-0.11235960946465051	low
yfgF	12PD	6.0 % v/v	plate3	G5	0.3510695885806952	-0.10957474761519193	low
yhfS	12PD	6.0 % v/v	plate3	G6	0.40420340229368923	-0.0564409339021979	low
yhgN	12PD	6.0 % v/v	plate3	F6	0.4140512717984174	-0.04659306439746974	low
yjbM	12PD	6.0 % v/v	plate3	C7	0.39289564030579327	-0.06774869589009386	low
yjfI	12PD	6.0 % v/v	plate3	B7	0.41007447684137455	-0.05056985935451258	low
yjgL	12PD	6.0 % v/v	plate3	D8	0.4156732903603849	-0.04497104583550221	low
ymfE	12PD	6.0 % v/v	plate4-1	F8	0.40645279301526427	0.1135233038026407	low
yraQ	12PD	6.0 % v/v	plate3	E6	0.40717532538417817	-0.05346901081170896	low
BW25113	23BD	7.0 % v/v	plate4-1	A10	0.08840688675594455	0.0	high
BW25113	23BD	7.0 % v/v	plate3	A12	0.12066114838045446	0.0	high
borD	23BD	7.0 % v/v	plate3	B3	0.0	-0.12066114838045446	high
elfA	23BD	7.0 % v/v	plate3	D3	0.0	-0.12066114838045446	high
elfD	23BD	7.0 % v/v	plate3	F2	0.0	-0.12066114838045446	high
fadB	23BD	7.0 % v/v	plate3	G2	0.0	-0.12066114838045446	high
flu	23BD	7.0 % v/v	plate3	D1	0.0	-0.12066114838045446	high
gabP	23BD	7.0 % v/v	plate3	H2	0.0	-0.12066114838045446	high
gtrS	23BD	7.0 % v/v	plate4-1	D8	0.07017082902209404	-0.018236057733850508	high
hlyE	23BD	7.0 % v/v	plate3	F3	0.0	-0.12066114838045446	high
metJ	23BD	7.0 % v/v	plate4-1	A8	0.07508478434486508	-0.013322102411079464	high
nanK	23BD	7.0 % v/v	plate3	E3	0.0	-0.12066114838045446	high
pepQ	23BD	7.0 % v/v	plate3	E1	0.0	-0.12066114838045446	high
purT	23BD	7.0 % v/v	plate4-1	B8	0.0	-0.08840688675594455	high
rcbA	23BD	7.0 % v/v	plate3	H1	0.0	-0.12066114838045446	high
relA	23BD	7.0 % v/v	plate4-1	C8	0.0	-0.08840688675594455	high
rhsA	23BD	7.0 % v/v	plate3	H3	0.0	-0.12066114838045446	high
rph	23BD	7.0 % v/v	plate4-1	E12	0.07456995098728571	-0.01383693576865884	high
rrrD	23BD	7.0 % v/v	plate3	A3	0.0	-0.12066114838045446	high
rzoD	23BD	7.0 % v/v	plate3	A4	0.0	-0.12066114838045446	high
rzpD	23BD	7.0 % v/v	plate3	G3	0.0	-0.12066114838045446	high
tolC	23BD	7.0 % v/v	plate3	D2	0.0	-0.12066114838045446	high
treR	23BD	7.0 % v/v	plate3	B1	0.0	-0.12066114838045446	high
umuD	23BD	7.0 % v/v	plate3	C1	0.0	-0.12066114838045446	high
uspC	23BD	7.0 % v/v	plate3	C3	0.0	-0.12066114838045446	high
ybcW	23BD	7.0 % v/v	plate3	C2	0.0	-0.12066114838045446	high
ybeT	23BD	7.0 % v/v	plate3	B2	0.0	-0.12066114838045446	high
ybhP	23BD	7.0 % v/v	plate3	A2	0.0	-0.12066114838045446	high
ycdU	23BD	7.0 % v/v	plate4-1	E8	0.0639540829998805	-0.024452803756064054	high
ydhK	23BD	7.0 % v/v	plate3	F1	0.0	-0.12066114838045446	high
ygaH	23BD	7.0 % v/v	plate3	G1	0.0	-0.12066114838045446	high
yhjA	23BD	7.0 % v/v	plate3	E2	0.0	-0.12066114838045446	high
zntR	23BD	7.0 % v/v	plate3	A1	0.0	-0.12066114838045446	high
BW25113	23BD	6.0 % v/v	plate3	A12	0.30384868590598235	0.0	low
BW25113	23BD	6.0 % v/v	plate4-1	A10	0.2564165852852243	0.0	low
borD	23BD	6.0 % v/v	plate3	B3	0.10129574238292126	-0.20255294352306108	low
elfA	23BD	6.0 % v/v	plate3	D3	0.0	-0.30384868590598235	low
elfD	23BD	6.0 % v/v	plate3	F2	0.12009894924140395	-0.1837497366645784	low
fadB	23BD	6.0 % v/v	plate3	G2	0.13843487234042484	-0.1654138135655575	low
flu	23BD	6.0 % v/v	plate3	D1	0.08216119792160366	-0.2216874879843787	low
gabP	23BD	6.0 % v/v	plate3	H2	0.0	-0.30384868590598235	low
gtrS	23BD	6.0 % v/v	plate4-1	D8	0.20563223312297982	-0.0507843521622445	low
hlyE	23BD	6.0 % v/v	plate3	F3	0.0	-0.30384868590598235	low
metJ	23BD	6.0 % v/v	plate4-1	A8	0.2138802182637845	-0.042536367021439814	low
nanK	23BD	6.0 % v/v	plate3	E3	0.12264125868329033	-0.181207427222692	low
pepQ	23BD	6.0 % v/v	plate3	E1	0.06515778618644404	-0.23869089971953833	low
purT	23BD	6.0 % v/v	plate4-1	B8	0.16584445653902302	-0.0905721287462013	low
rcbA	23BD	6.0 % v/v	plate3	H1	0.0	-0.30384868590598235	low
relA	23BD	6.0 % v/v	plate4-1	C8	0.21501867437366	-0.041397910911564306	low
rhsA	23BD	6.0 % v/v	plate3	H3	0.12130332491499442	-0.18254536099098795	low
rph	23BD	6.0 % v/v	plate4-1	E12	0.21333882104002558	-0.04307776424519874	low
rrrD	23BD	6.0 % v/v	plate3	A3	0.0	-0.30384868590598235	low
rzoD	23BD	6.0 % v/v	plate3	A4	0.0	-0.30384868590598235	low
rzpD	23BD	6.0 % v/v	plate3	G3	0.12102788223834954	-0.18282080366763281	low
tolC	23BD	6.0 % v/v	plate3	D2	0.04210394516954125	-0.2617447407364411	low
treR	23BD	6.0 % v/v	plate3	B1	0.0	-0.30384868590598235	low
umuD	23BD	6.0 % v/v	plate3	C1	0.0	-0.30384868590598235	low
uspC	23BD	6.0 % v/v	plate3	C3	0.04490200487884663	-0.2589466810271357	low
ybcW	23BD	6.0 % v/v	plate3	C2	0.0	-0.30384868590598235	low
ybeT	23BD	6.0 % v/v	plate3	B2	0.11799608098039134	-0.18585260492559103	low
ybhP	23BD	6.0 % v/v	plate3	A2	0.0	-0.30384868590598235	low
ycdU	23BD	6.0 % v/v	plate4-1	E8	0.23585748149509286	-0.020559103790131456	low
ydhK	23BD	6.0 % v/v	plate3	F1	0.11344740956760044	-0.19040127633838191	low
ygaH	23BD	6.0 % v/v	plate3	G1	0.0	-0.30384868590598235	low
yhjA	23BD	6.0 % v/v	plate3	E2	0.11408884372328573	-0.18975984218269662	low
zntR	23BD	6.0 % v/v	plate3	A1	0.0	-0.30384868590598235	low
BW25113	ADIP	50.0 g/L	plate4-1	F9	0.12276578619159821	0.0	high
BW25113	ADIP	50.0 g/L	plate2	B12	0.12019788448600997	0.0	high
allD	ADIP	50.0 g/L	plate2	H3	0.0	-0.12019788448600997	high
gltP	ADIP	50.0 g/L	plate2	G4	0.17480374834863976	0.05460586386262979	high
icd	ADIP	50.0 g/L	plate2	B3	0.1269500728251525	0.006752188339142526	high
idnR	ADIP	50.0 g/L	plate2	A3	0.11398640382561849	-0.006211480660391483	high
lacY	ADIP	50.0 g/L	plate2	F5	0.16403861951324855	0.04384073502723858	high
lsrK	ADIP	50.0 g/L	plate2	E5	0.12878797461324878	0.008590090127238811	high
malQ	ADIP	50.0 g/L	plate2	E4	0.10202090295070369	-0.01817698153530628	high
metL	ADIP	50.0 g/L	plate2	A5	0.10904064930390607	-0.011157235182103903	high
mltD	ADIP	50.0 g/L	plate2	B5	0.1329666510075761	0.012768766521566124	high
nagC	ADIP	50.0 g/L	plate4-1	C11	0.14543310434159076	0.022667318149992552	high
nrdF	ADIP	50.0 g/L	plate2	F4	0.09549146529871243	-0.024706419187297546	high
nrfG	ADIP	50.0 g/L	plate2	C4	0.13029400858352122	0.010096124097511247	high
pdxJ	ADIP	50.0 g/L	plate2	B4	0.12787278026033932	0.007674895774329352	high
proQ	ADIP	50.0 g/L	plate4-1	E7	0.12788469320039023	0.005118907008792015	high
proV	ADIP	50.0 g/L	plate4-1	E11	0.18952655559623593	0.06676076940463772	high
rph	ADIP	50.0 g/L	plate4-1	B12	0.13801196229630508	0.015246176104706868	high
rpoS	ADIP	50.0 g/L	plate4-1	D7	0.14667508921865882	0.02390930302706061	high
srmB	ADIP	50.0 g/L	plate2	C3	0.10382344245050074	-0.016374442035509237	high
sspA	ADIP	50.0 g/L	plate4-1	D11	0.12469942148755282	0.001933635295954611	high
ubiE	ADIP	50.0 g/L	plate2	A4	0.0	-0.12019788448600997	high
uvrB	ADIP	50.0 g/L	plate2	D4	0.12819048204693811	0.007992597560928141	high
yagL	ADIP	50.0 g/L	plate2	C5	0.145794634269579	0.02559674978356903	high
ybjL	ADIP	50.0 g/L	plate2	F3	0.1502508984024268	0.030053013916416835	high
ycjG	ADIP	50.0 g/L	plate2	G3	0.1365811605781928	0.016383276092182833	high
ydcD	ADIP	50.0 g/L	plate2	E3	0.1017635987294772	-0.018434285756532776	high
yehD	ADIP	50.0 g/L	plate2	D5	0.06539251292236287	-0.05480537156364711	high
yehE	ADIP	50.0 g/L	plate2	D3	0.12142410236567965	0.001226217879669672	high
yfgO	ADIP	50.0 g/L	plate2	H4	0.06683681358931848	-0.053361070896691495	high
yphC	ADIP	50.0 g/L	plate2	H5	0.1283605778958885	0.008162693409878533	high
BW25113	ADIP	45.0 g/L	plate2	B12	0.0		low
BW25113	ADIP	45.0 g/L	plate4-1	F9	0.2099916475479616	0.0	low
allD	ADIP	45.0 g/L	plate2	H3	0.12725463534581072		low
gltP	ADIP	45.0 g/L	plate2	G4	0.1581027049609589		low
icd	ADIP	45.0 g/L	plate2	B3	0.18038095222419273		low
idnR	ADIP	45.0 g/L	plate2	A3	0.19593372700705333		low
lacY	ADIP	45.0 g/L	plate2	F5	0.19638182225106818		low
lsrK	ADIP	45.0 g/L	plate2	E5	0.20254579769256037		low
malQ	ADIP	45.0 g/L	plate2	E4	0.18852169908364994		low
metL	ADIP	45.0 g/L	plate2	A5	0.20453334423683533		low
mltD	ADIP	45.0 g/L	plate2	B5	0.1689183243611013		low
nagC	ADIP	45.0 g/L	plate4-1	C11	0.2224312750743352	0.012439627526373592	low
nrdF	ADIP	45.0 g/L	plate2	F4	0.1714823831836007		low
nrfG	ADIP	45.0 g/L	plate2	C4	0.20177600782283475		low
pdxJ	ADIP	45.0 g/L	plate2	B4	0.20245432308084427		low
proQ	ADIP	45.0 g/L	plate4-1	E7	0.2353346731559005	0.025343025607938913	low
proV	ADIP	45.0 g/L	plate4-1	E11	0.28183724037497054	0.07184559282700895	low
rph	ADIP	45.0 g/L	plate4-1	B12	0.13216112847469647	-0.07783051907326513	low
rpoS	ADIP	45.0 g/L	plate4-1	D7	0.21395406311949466	0.003962415571533068	low
srmB	ADIP	45.0 g/L	plate2	C3	0.1692890868517599		low
sspA	ADIP	45.0 g/L	plate4-1	D11	0.20482324360612347	-0.005168403941838123	low
ubiE	ADIP	45.0 g/L	plate2	A4	0.17623766630227505		low
uvrB	ADIP	45.0 g/L	plate2	D4	0.21397943287517993		low
yagL	ADIP	45.0 g/L	plate2	C5	0.19812698073567533		low
ybjL	ADIP	45.0 g/L	plate2	F3	0.2141521754431815		low
ycjG	ADIP	45.0 g/L	plate2	G3	0.19641344748394612		low
ydcD	ADIP	45.0 g/L	plate2	E3	0.18342049683787778		low
yehD	ADIP	45.0 g/L	plate2	D5	0.11176156273894662		low
yehE	ADIP	45.0 g/L	plate2	D3	0.18419323934508963		low
yfgO	ADIP	45.0 g/L	plate2	H4	0.13784908660331482		low
yphC	ADIP	45.0 g/L	plate2	H5	0.15513010908663488		low
BW25113	BUT	1.0 % v/v	plate4-1	A9	0.5753872598749797	0.0	high
BW25113	BUT	1.0 % v/v	plate1	E12	0.47728077669737906	0.0	high
cspC	BUT	1.0 % v/v	plate4-1	E1	0.4525068822448681	-0.12288037763011161	high
hfq	BUT	1.0 % v/v	plate4-1	C1	0.4868471835556435	-0.08854007631933625	high
leuA	BUT	1.0 % v/v	plate1	C1	0.0	-0.47728077669737906	high
manY	BUT	1.0 % v/v	plate4-1	H1	0.4194290455985942	-0.15595821427638557	high
marC	BUT	1.0 % v/v	plate1	H1	0.44699431108840065	-0.030286465608978408	high
mdtJ	BUT	1.0 % v/v	plate4-1	B1	0.5261853334512224	-0.049201926423757314	high
mppA	BUT	1.0 % v/v	plate1	F1	0.5132985588115537	0.03601778211417467	high
otsB	BUT	1.0 % v/v	plate1	E1	0.4261029045620692	-0.05117787213530989	high
purP	BUT	1.0 % v/v	plate1	B1	0.49442346371488094	0.01714268701750188	high
rob	BUT	1.0 % v/v	plate1	G1	0.5459839304843846	0.06870315378700559	high
rph	BUT	1.0 % v/v	plate4-1	F1	0.5064202343948051	-0.06896702548017464	high
rraA	BUT	1.0 % v/v	plate1	D1	0.5423324423323044	0.06505166563492532	high
sapA	BUT	1.0 % v/v	plate4-1	D1	0.4907133997627787	-0.08467386011220102	high
tqsA	BUT	1.0 % v/v	plate4-1	A1	0.47146674399973015	-0.10392051587524959	high
ycaN	BUT	1.0 % v/v	plate1	A1	0.4476533747250733	-0.029627401972305734	high
yobF	BUT	1.0 % v/v	plate4-1	G1	0.5280502221674358	-0.04733703770754394	high
BW25113	BUT	1.4 % v/v	plate1	E12	0.4752740573961741	0.0	low
BW25113	BUT	1.4 % v/v	plate4-1	A9	0.4627533150034569	0.0	low
cspC	BUT	1.4 % v/v	plate4-1	E1	0.44990780070264724	-0.012845514300809657	low
hfq	BUT	1.4 % v/v	plate4-1	C1	0.4974287815619489	0.03467546655849202	low
leuA	BUT	1.4 % v/v	plate1	C1	0.0	-0.4752740573961741	low
manY	BUT	1.4 % v/v	plate4-1	H1	0.41138061670861464	-0.051372698294842256	low
marC	BUT	1.4 % v/v	plate1	H1	0.4291818426410067	-0.04609221475516745	low
mdtJ	BUT	1.4 % v/v	plate4-1	B1	0.5646454936821734	0.10189217867871653	low
mppA	BUT	1.4 % v/v	plate1	F1	0.5691758773778611	0.09390181998168701	low
otsB	BUT	1.4 % v/v	plate1	E1	0.4661936955855929	-0.009080361810581195	low
purP	BUT	1.4 % v/v	plate1	B1	0.5388218564823583	0.06354779908618413	low
rob	BUT	1.4 % v/v	plate1	G1	0.5592893150137718	0.08401525761759765	low
rph	BUT	1.4 % v/v	plate4-1	F1	0.6042039565840158	0.14145064158055892	low
rraA	BUT	1.4 % v/v	plate1	D1	0.5754346045465949	0.10016054715042078	low
sapA	BUT	1.4 % v/v	plate4-1	D1	0.5521000164114727	0.08934670140801576	low
tqsA	BUT	1.4 % v/v	plate4-1	A1	0.4533765398676466	-0.009376775135810311	low
ycaN	BUT	1.4 % v/v	plate1	A1	0.4719374834644967	-0.0033365739316774112	low
yobF	BUT	1.4 % v/v	plate4-1	G1	0.5238491940453396	0.061095879041882684	low
BW25113	COUM	10.0 g/L	plate4-1	C9	0.28267024995667633	0.0	high
BW25113	COUM	10.0 g/L	plate1	G12	0.28724936518621197	0.0	high
atpI	COUM	10.0 g/L	plate1	E7	0.24702727177891293	-0.04022209340729904	high
ccmA	COUM	10.0 g/L	plate1	D7	0.1572442234034501	-0.13000514178276187	high
dacA	COUM	10.0 g/L	plate1	C5	0.0	-0.28724936518621197	high
dcd	COUM	10.0 g/L	plate1	G6	0.2787960470790334	-0.008453318107178587	high
epmB	COUM	10.0 g/L	plate1	D6	0.328254357508646	0.04100499232243404	high
fimC	COUM	10.0 g/L	plate1	F6	0.3095214816705442	0.02227211648433225	high
fimD	COUM	10.0 g/L	plate1	D5	0.28601873949676426	-0.0012306256894477063	high
focA	COUM	10.0 g/L	plate1	H6	0.2975342457418704	0.010284880555658404	high
glnG	COUM	10.0 g/L	plate1	A5	0.24349045506920636	-0.04375891011700561	high
hns	COUM	10.0 g/L	plate4-1	A4	0.0	-0.28267024995667633	high
mgrB	COUM	10.0 g/L	plate1	B6	0.23320434934114653	-0.054045015845065436	high
nadR	COUM	10.0 g/L	plate1	H7	0.3533081099548928	0.06605874476868084	high
ompN	COUM	10.0 g/L	plate1	E5	0.2134195851349545	-0.07382978005125748	high
prlF	COUM	10.0 g/L	plate1	F5	0.2947595352083872	0.007510170022175244	high
proB	COUM	10.0 g/L	plate1	E6	0.0	-0.28724936518621197	high
rhaT	COUM	10.0 g/L	plate1	A7	0.28819546169937305	0.0009460965131610766	high
rsmG	COUM	10.0 g/L	plate1	B8	0.29399676113215417	0.006747395945942203	high
sapF	COUM	10.0 g/L	plate4-1	C4	0.0	-0.28267024995667633	high
tdk	COUM	10.0 g/L	plate4-1	D4	0.33433553204159794	0.051665282084921604	high
thrA	COUM	10.0 g/L	plate1	C8	0.3201121388271966	0.03286277364098461	high
tufA	COUM	10.0 g/L	plate1	D8	0.26035612664328184	-0.02689323854293013	high
ycaO	COUM	10.0 g/L	plate1	G5	0.26244999805699015	-0.024799367129221817	high
ycfQ	COUM	10.0 g/L	plate4-1	F4	0.3656690241862008	0.08299877422952445	high
ydhJ	COUM	10.0 g/L	plate1	H5	0.22619607758718552	-0.06105328759902645	high
ydiJ	COUM	10.0 g/L	plate1	A6	0.2559827445797993	-0.031266620606412665	high
yecT	COUM	10.0 g/L	plate1	G7	0.2962038255321018	0.008954460345889814	high
yfiN	COUM	10.0 g/L	plate1	B5	0.25009616957767283	-0.037153195608539136	high
yhgE	COUM	10.0 g/L	plate1	C6	0.2784403828141098	-0.008808982372102148	high
yhjK	COUM	10.0 g/L	plate1	F7	0.33837901099597667	0.0511296458097647	high
yjiP	COUM	10.0 g/L	plate1	B7	0.2886347089678467	0.0013853437816347403	high
ykfC	COUM	10.0 g/L	plate1	E8	0.27925280793662743	-0.007996557249584535	high
yobH	COUM	10.0 g/L	plate1	C7	0.2829094921549899	-0.004339873031222075	high
yphF	COUM	10.0 g/L	plate4-1	B4	0.278759346822377	-0.003910903134299315	high
ypjA	COUM	10.0 g/L	plate4-1	E4	0.278013546727049	-0.004656703229627357	high
ypjC	COUM	10.0 g/L	plate1	A8	0.27826333882729476	-0.00898602635891721	high
BW25113	COUM	7.5 g/L	plate1	G12	0.4417771582167684	0.0	low
BW25113	COUM	7.5 g/L	plate4-1	C9	0.47983734638856546	0.0	low
atpI	COUM	7.5 g/L	plate1	E7	0.4313447067098405	-0.010432451506927898	low
ccmA	COUM	7.5 g/L	plate1	D7	0.3300754360636556	-0.1117017221531128	low
dacA	COUM	7.5 g/L	plate1	C5	0.31671312915520167	-0.12506402906156672	low
dcd	COUM	7.5 g/L	plate1	G6	0.41548134107902623	-0.02629581713774215	low
epmB	COUM	7.5 g/L	plate1	D6	0.4569519242515997	0.01517476603483131	low
fimC	COUM	7.5 g/L	plate1	F6	0.45403414590508806	0.012256987688319676	low
fimD	COUM	7.5 g/L	plate1	D5	0.45293863565465686	0.011161477437888478	low
focA	COUM	7.5 g/L	plate1	H6	0.4459058909032311	0.004128732686462688	low
glnG	COUM	7.5 g/L	plate1	A5	0.3956053752225705	-0.046171782994197885	low
hns	COUM	7.5 g/L	plate4-1	A4	0.37809980814376487	-0.10173753824480058	low
mgrB	COUM	7.5 g/L	plate1	B6	0.46230308380023827	0.020525925583469884	low
nadR	COUM	7.5 g/L	plate1	H7	0.4774623580861194	0.035685199869351036	low
ompN	COUM	7.5 g/L	plate1	E5	0.3610027262769029	-0.0807744319398655	low
prlF	COUM	7.5 g/L	plate1	F5	0.42211301870581364	-0.019664139510954748	low
proB	COUM	7.5 g/L	plate1	E6	0.3598194110927761	-0.08195774712399229	low
rhaT	COUM	7.5 g/L	plate1	A7	0.48281376217155675	0.041036603954788364	low
rsmG	COUM	7.5 g/L	plate1	B8	0.4744509105704333	0.03267375235366493	low
sapF	COUM	7.5 g/L	plate4-1	C4	0.28296206101866683	-0.19687528536989862	low
tdk	COUM	7.5 g/L	plate4-1	D4	0.4539483419085601	-0.025889004480005362	low
thrA	COUM	7.5 g/L	plate1	C8	0.5057359205901679	0.06395876237339954	low
tufA	COUM	7.5 g/L	plate1	D8	0.4078882168407886	-0.03388894137597981	low
ycaO	COUM	7.5 g/L	plate1	G5	0.37562668837742275	-0.06615046983934564	low
ycfQ	COUM	7.5 g/L	plate4-1	F4	0.5603921905315864	0.08055484414302094	low
ydhJ	COUM	7.5 g/L	plate1	H5	0.408257608363082	-0.03351954985368638	low
ydiJ	COUM	7.5 g/L	plate1	A6	0.4491804122722487	0.007403254055480313	low
yecT	COUM	7.5 g/L	plate1	G7	0.43946128713230204	-0.0023158710844663477	low
yfiN	COUM	7.5 g/L	plate1	B5	0.4867413983012231	0.04496424008445471	low
yhgE	COUM	7.5 g/L	plate1	C6	0.43096018141587705	-0.010816976800891331	low
yhjK	COUM	7.5 g/L	plate1	F7	0.4631507395587188	0.021373581341950443	low
yjiP	COUM	7.5 g/L	plate1	B7	0.4832903737100317	0.04151321549326331	low
ykfC	COUM	7.5 g/L	plate1	E8	0.42943206949322327	-0.012345088723545117	low
yobH	COUM	7.5 g/L	plate1	C7	0.4420782446077219	0.00030108639095349776	low
yphF	COUM	7.5 g/L	plate4-1	B4	0.46842560078604395	-0.011411745602521506	low
ypjA	COUM	7.5 g/L	plate4-1	E4	0.50391079080353	0.024073444414964507	low
ypjC	COUM	7.5 g/L	plate1	A8	0.435532453197821	-0.006244705018947361	low
BW25113	GLUT	47.5 g/L	plate4-1	B9	0.19420578619863005	0.0	high
BW25113	GLUT	47.5 g/L	plate1	F12	0.09440104403636086	0.0	high
acrB	GLUT	47.5 g/L	plate4-1	F2	0.10076727538410478	-0.09343851081452527	high
csiD	GLUT	47.5 g/L	plate1	C4	0.08169748466978548	-0.012703559366575384	high
cspE	GLUT	47.5 g/L	plate1	F4	0.15354251633913327	0.059141472302772405	high
greA	GLUT	47.5 g/L	plate1	E3	0.10506436766500064	0.010663323628639781	high
hcaD	GLUT	47.5 g/L	plate1	B3	0.09284335944454347	-0.0015576845918173904	high
hofM	GLUT	47.5 g/L	plate1	G4	0.08865013192571194	-0.0057509121106489175	high
kgtP	GLUT	47.5 g/L	plate4-1	G3	0.2299419893046532	0.03573620310602316	high
mprA	GLUT	47.5 g/L	plate4-1	D2	0.08024417263398505	-0.113961613564645	high
nagA	GLUT	47.5 g/L	plate4-1	A3	0.0	-0.19420578619863005	high
nagC	GLUT	47.5 g/L	plate4-1	A2	0.12120843869892414	-0.0729973474997059	high
nuoN	GLUT	47.5 g/L	plate1	A2	0.05718289147812313	-0.03721815255823773	high
pagP	GLUT	47.5 g/L	plate1	D4	0.0	-0.09440104403636086	high
polB	GLUT	47.5 g/L	plate4-1	F3	0.08575162977212493	-0.10845415642650512	high
proV	GLUT	47.5 g/L	plate4-1	C3	0.13728072493634816	-0.05692506126228189	high
proX	GLUT	47.5 g/L	plate4-1	H2	0.10490317273689478	-0.08930261346173526	high
rfaE	GLUT	47.5 g/L	plate1	F3	0.11128231116292031	0.01688126712655945	high
rnb	GLUT	47.5 g/L	plate4-1	E2	0.0	-0.19420578619863005	high
rnt	GLUT	47.5 g/L	plate4-1	B2	0.09305629468957231	-0.10114949150905773	high
rspA	GLUT	47.5 g/L	plate1	G3	0.08901630479786093	-0.005384739238499928	high
sapC	GLUT	47.5 g/L	plate4-1	B3	0.10612110507896963	-0.08808468111966042	high
sdaC	GLUT	47.5 g/L	plate1	C3	0.10544539723665483	0.011044353200293969	high
sspA	GLUT	47.5 g/L	plate4-1	G2	0.07117974485519134	-0.12302604134343871	high
ssuA	GLUT	47.5 g/L	plate1	D3	0.10169647626024227	0.007295432223881404	high
tomB	GLUT	47.5 g/L	plate1	E4	0.08838400720029242	-0.00601703683606844	high
wzzE	GLUT	47.5 g/L	plate1	A4	0.24341406236298013	0.14901301832661928	high
yagU	GLUT	47.5 g/L	plate1	G2	0.09615350409268338	0.0017524600563225134	high
ydfI	GLUT	47.5 g/L	plate1	H2	0.09985631941931598	0.0054552753829551215	high
ydfJ	GLUT	47.5 g/L	plate4-1	E3	0.08995593969495555	-0.1042498465036745	high
yfbP	GLUT	47.5 g/L	plate1	D2	0.07736491536820188	-0.017036128668158984	high
yfjL	GLUT	47.5 g/L	plate4-1	C2	0.08720036648425267	-0.10700541971437738	high
yfjM	GLUT	47.5 g/L	plate1	E2	0.11980786590904029	0.025406821872679425	high
ygaQ	GLUT	47.5 g/L	plate1	F2	0.07493792271327489	-0.019463121323085975	high
ygdH	GLUT	47.5 g/L	plate1	A3	0.08511860320038896	-0.009282440835971906	high
ygjP	GLUT	47.5 g/L	plate1	H3	0.20990476195346255	0.11550371791710169	high
yiaT	GLUT	47.5 g/L	plate1	B2	0.08945441955738641	-0.004946624478974454	high
yiaU	GLUT	47.5 g/L	plate1	C2	0.08878066883933318	-0.005620375197027683	high
ykgI	GLUT	47.5 g/L	plate1	B4	0.11137708482679579	0.016976040790434924	high
ytfR	GLUT	47.5 g/L	plate4-1	D3	0.13593256043848947	-0.05827322576014057	high
BW25113	GLUT	40.0 g/L	plate1	F12	0.2245688216713561	0.0	low
BW25113	GLUT	40.0 g/L	plate4-1	B9	0.19599920452382794	0.0	low
acrB	GLUT	40.0 g/L	plate4-1	F2	0.20949429344398032	0.013495088920152387	low
csiD	GLUT	40.0 g/L	plate1	C4	0.1821968306876973	-0.04237199098365882	low
cspE	GLUT	40.0 g/L	plate1	F4	0.2524079509547281	0.02783912928337201	low
greA	GLUT	40.0 g/L	plate1	E3	0.22616534325990015	0.0015965215885440365	low
hcaD	GLUT	40.0 g/L	plate1	B3	0.19620731037154265	-0.028361511299813458	low
hofM	GLUT	40.0 g/L	plate1	G4	0.293472276619503	0.06890345494814687	low
kgtP	GLUT	40.0 g/L	plate4-1	G3	0.34607405661241936	0.15007485208859142	low
mprA	GLUT	40.0 g/L	plate4-1	D2	0.20653532156682722	0.010536117042999282	low
nagA	GLUT	40.0 g/L	plate4-1	A3	0.2047642374507804	0.008765032926952465	low
nagC	GLUT	40.0 g/L	plate4-1	A2	0.2086725441406602	0.012673339616832258	low
nuoN	GLUT	40.0 g/L	plate1	A2	0.15357483450666645	-0.07099398716468966	low
pagP	GLUT	40.0 g/L	plate1	D4	0.20047883792695548	-0.024089983744400634	low
polB	GLUT	40.0 g/L	plate4-1	F3	0.19508812636086706	-0.0009110781629608766	low
proV	GLUT	40.0 g/L	plate4-1	C3	0.2595840951235929	0.06358489059976494	low
proX	GLUT	40.0 g/L	plate4-1	H2	0.2260382953398094	0.030039090815981467	low
rfaE	GLUT	40.0 g/L	plate1	F3	0.20346701059087555	-0.021101811080480565	low
rnb	GLUT	40.0 g/L	plate4-1	E2	0.19711759906154708	0.0011183945377191418	low
rnt	GLUT	40.0 g/L	plate4-1	B2	0.17661875966209814	-0.019380444861729795	low
rspA	GLUT	40.0 g/L	plate1	G3	0.17959638466518724	-0.044972437006168875	low
sapC	GLUT	40.0 g/L	plate4-1	B3	0.17617339861616063	-0.019825805907667304	low
sdaC	GLUT	40.0 g/L	plate1	C3	0.21776140014781115	-0.006807421523544965	low
sspA	GLUT	40.0 g/L	plate4-1	G2	0.14453872315012373	-0.05146048137370421	low
ssuA	GLUT	40.0 g/L	plate1	D3	0.20988822363162832	-0.014680598039727794	low
tomB	GLUT	40.0 g/L	plate1	E4	0.20117818439404717	-0.023390637277308945	low
wzzE	GLUT	40.0 g/L	plate1	A4	0.31016752359080046	0.08559870191944435	low
yagU	GLUT	40.0 g/L	plate1	G2	0.1873785415350641	-0.037190280136292	low
ydfI	GLUT	40.0 g/L	plate1	H2	0.20087039098316434	-0.023698430688191774	low
ydfJ	GLUT	40.0 g/L	plate4-1	E3	0.2070318532045513	0.011032648680723373	low
yfbP	GLUT	40.0 g/L	plate1	D2	0.19703234814824425	-0.027536473523111865	low
yfjL	GLUT	40.0 g/L	plate4-1	C2	0.20324328650925674	0.0072440819854288074	low
yfjM	GLUT	40.0 g/L	plate1	E2	0.20331752958550708	-0.021251292085849027	low
ygaQ	GLUT	40.0 g/L	plate1	F2	0.16389848930544976	-0.060670332365906354	low
ygdH	GLUT	40.0 g/L	plate1	A3	0.21298196754910584	-0.011586854122250273	low
ygjP	GLUT	40.0 g/L	plate1	H3	0.1934822626011243	-0.031086559070231806	low
yiaT	GLUT	40.0 g/L	plate1	B2	0.21892388802556337	-0.0056449336457927435	low
yiaU	GLUT	40.0 g/L	plate1	C2	0.21185604211704812	-0.012712779554307996	low
ykgI	GLUT	40.0 g/L	plate1	B4	0.21664241598425552	-0.007926405687100596	low
ytfR	GLUT	40.0 g/L	plate4-1	D3	0.21588542802491964	0.019886223501091704	low
BW25113	HEXA	5.0 g/L	plate4-1	H9	0.2564565472104629	0.0	high
BW25113	HEXA	5.0 g/L	plate2	D12	0.2756939536434168	0.0	high
barA	HEXA	5.0 g/L	plate2	A9	0.28744600399802483	0.011752050354608023	high
bioA	HEXA	5.0 g/L	plate2	D10	0.0	-0.2756939536434168	high
bioB	HEXA	5.0 g/L	plate2	C10	0.0	-0.2756939536434168	high
dosP	HEXA	5.0 g/L	plate2	A11	0.2781875552780311	0.002493601634614262	high
emrY	HEXA	5.0 g/L	plate2	G10	0.17644797806573415	-0.09924597557768267	high
glxK	HEXA	5.0 g/L	plate2	G11	0.16663483088535225	-0.10905912275806456	high
lon	HEXA	5.0 g/L	plate4-1	G7	0.26151294463660696	0.005056397426144055	high
mhpE	HEXA	5.0 g/L	plate2	E10	0.23480966300622177	-0.04088429063719504	high
mhpT	HEXA	5.0 g/L	plate2	C11	0.22917709274611184	-0.046516860897304974	high
mngB	HEXA	5.0 g/L	plate2	F9	0.26233144210861215	-0.013362511534804666	high
ompC	HEXA	5.0 g/L	plate2	C9	0.2636911568702282	-0.012002796773188606	high
ompR	HEXA	5.0 g/L	plate2	B9	0.274946482885555	-0.0007474707578618012	high
opgH	HEXA	5.0 g/L	plate2	H10	0.20988143383299576	-0.06581251981042105	high
paaA	HEXA	5.0 g/L	plate2	B10	0.26483724943312714	-0.01085670421028967	high
prpE	HEXA	5.0 g/L	plate2	F11	0.19755330557918396	-0.07814064806423285	high
ptrA	HEXA	5.0 g/L	plate2	D9	0.29627521008227253	0.020581256438855722	high
rcsD	HEXA	5.0 g/L	plate2	A10	0.24118901569622486	-0.03450493794719195	high
rhmD	HEXA	5.0 g/L	plate2	G9	0.2241338552544779	-0.05156009838893891	high
rihB	HEXA	5.0 g/L	plate2	F10	0.22495275062022937	-0.05074120302318744	high
rsfS	HEXA	5.0 g/L	plate2	D11	0.257624713869525	-0.0180692397738918	high
sfmF	HEXA	5.0 g/L	plate2	B11	0.26597169403157045	-0.009722259611846362	high
yehK	HEXA	5.0 g/L	plate2	E9	0.1826759903805151	-0.09301796326290171	high
yehL	HEXA	5.0 g/L	plate2	E11	0.24202400594726756	-0.033669947696149255	high
ypeA	HEXA	5.0 g/L	plate2	H9	0.20508226380863825	-0.07061168983477856	high
BW25113	HEXA	3.0 g/L	plate2	D12	0.4161715211761263	0.0	low
BW25113	HEXA	3.0 g/L	plate4-1	H9	0.43681665297309336	0.0	low
barA	HEXA	3.0 g/L	plate2	A9	0.4869925472297442	0.0708210260536179	low
bioA	HEXA	3.0 g/L	plate2	D10	0.0	-0.4161715211761263	low
bioB	HEXA	3.0 g/L	plate2	C10	0.0	-0.4161715211761263	low
dosP	HEXA	3.0 g/L	plate2	A11	0.3439989435248612	-0.07217257765126511	low
emrY	HEXA	3.0 g/L	plate2	G10	0.3888337594284953	-0.02733776174763103	low
glxK	HEXA	3.0 g/L	plate2	G11	0.34191621249159987	-0.07425530868452646	low
lon	HEXA	3.0 g/L	plate4-1	G7	0.41228206253119193	-0.024534590441901427	low
mhpE	HEXA	3.0 g/L	plate2	E10	0.4316783885497459	0.01550686737361956	low
mhpT	HEXA	3.0 g/L	plate2	C11	0.43154478071781194	0.015373259541685613	low
mngB	HEXA	3.0 g/L	plate2	F9	0.39079499544166185	-0.025376525734464472	low
ompC	HEXA	3.0 g/L	plate2	C9	0.4456010890003788	0.02942956782425249	low
ompR	HEXA	3.0 g/L	plate2	B9	0.17428018209938026	-0.24189133907674606	low
opgH	HEXA	3.0 g/L	plate2	H10	0.3830298270739663	-0.03314169410216	low
paaA	HEXA	3.0 g/L	plate2	B10	0.14772089957325912	-0.2684506216028672	low
prpE	HEXA	3.0 g/L	plate2	F11	0.3573679351497548	-0.058803586026371535	low
ptrA	HEXA	3.0 g/L	plate2	D9	0.37670859948271146	-0.039462921693414865	low
rcsD	HEXA	3.0 g/L	plate2	A10	0.34838467988006744	-0.06778684129605889	low
rhmD	HEXA	3.0 g/L	plate2	G9	0.3867264938871265	-0.029445027288999837	low
rihB	HEXA	3.0 g/L	plate2	F10	0.38592232877612487	-0.030249192400001457	low
rsfS	HEXA	3.0 g/L	plate2	D11	0.40026034868827715	-0.01591117248784918	low
sfmF	HEXA	3.0 g/L	plate2	B11	0.05896609353361426	-0.35720542764251206	low
yehK	HEXA	3.0 g/L	plate2	E9	0.38504831442676335	-0.031123206749362975	low
yehL	HEXA	3.0 g/L	plate2	E11	0.39021083733511674	-0.02596068384100958	low
ypeA	HEXA	3.0 g/L	plate2	H9	0.39553252584605086	-0.02063899533007546	low
BW25113	HMDA	38.0 g/L	plate4-1	E9	0.10005011982069974	0.0	high
BW25113	HMDA	38.0 g/L	plate2	A12	0.10691829454982361	0.0	high
ampC	HMDA	38.0 g/L	plate2	C2	0.11736627979760708	0.010447985247783467	high
cynR	HMDA	38.0 g/L	plate2	B1	0.09901121072958084	-0.007907083820242772	high
fbaB	HMDA	38.0 g/L	plate2	F2	0.09650947163140862	-0.010408822918414995	high
gatY	HMDA	38.0 g/L	plate2	D2	0.1306503912258032	0.023732096675979572	high
kup	HMDA	38.0 g/L	plate2	E2	0.15310023482540833	0.04618194027558471	high
lhr	HMDA	38.0 g/L	plate2	D1	0.09886559478538476	-0.008052699764438856	high
mdtK	HMDA	38.0 g/L	plate4-1	A7	0.25043231604144317	0.15038219622074345	high
mpl	HMDA	38.0 g/L	plate2	A2	0.11690128328462053	0.009982988734796916	high
pepA	HMDA	38.0 g/L	plate2	F1	0.0	-0.10691829454982361	high
pnp	HMDA	38.0 g/L	plate2	H2	0.0	-0.10691829454982361	high
pstB	HMDA	38.0 g/L	plate2	C1	0.14264024208295703	0.035721947533133416	high
ptsP	HMDA	38.0 g/L	plate4-1	C7	0.15776767619743817	0.057717556376738435	high
purL	HMDA	38.0 g/L	plate4-1	B7	0.0	-0.10005011982069974	high
rph	HMDA	38.0 g/L	plate4-1	A11	0.16548375171522606	0.06543363189452632	high
wbbK	HMDA	38.0 g/L	plate2	G2	0.0	-0.10691829454982361	high
xapB	HMDA	38.0 g/L	plate2	B2	0.12049819501265174	0.013579900462828129	high
xapR	HMDA	38.0 g/L	plate2	A1	0.10556111732219409	-0.0013571772276295274	high
ybeX	HMDA	38.0 g/L	plate2	H12	0.23426994080419195	0.12735164625436834	high
ygbT	HMDA	38.0 g/L	plate2	G1	0.0	-0.10691829454982361	high
ygeF	HMDA	38.0 g/L	plate2	E1	0.0	-0.10691829454982361	high
ygeG	HMDA	38.0 g/L	plate2	H1	0.1420291593248082	0.03511086477498458	high
BW25113	HMDA	32.0 g/L	plate2	A12	0.26789366099611417	0.0	low
BW25113	HMDA	32.0 g/L	plate4-1	E9	0.2716314753092781	0.0	low
ampC	HMDA	32.0 g/L	plate2	C2	0.22479782214006663	-0.043095838856047536	low
cynR	HMDA	32.0 g/L	plate2	B1	0.2409497543081305	-0.02694390668798366	low
fbaB	HMDA	32.0 g/L	plate2	F2	0.24878673453469105	-0.019106926461423118	low
gatY	HMDA	32.0 g/L	plate2	D2	0.21627273379377368	-0.05162092720234049	low
kup	HMDA	32.0 g/L	plate2	E2	0.1727411375640013	-0.09515252343211286	low
lhr	HMDA	32.0 g/L	plate2	D1	0.2166504230586541	-0.05124323793746008	low
mdtK	HMDA	32.0 g/L	plate4-1	A7	0.22258939121249025	-0.04904208409678787	low
mpl	HMDA	32.0 g/L	plate2	A2	0.2389621921399038	-0.02893146885621037	low
pepA	HMDA	32.0 g/L	plate2	F1	0.17194208495981872	-0.09595157603629545	low
pnp	HMDA	32.0 g/L	plate2	H2	0.22501593256779848	-0.04287772842831569	low
pstB	HMDA	32.0 g/L	plate2	C1	0.2765218629361719	0.008628201940057756	low
ptsP	HMDA	32.0 g/L	plate4-1	C7	0.342463634775561	0.0708321594662829	low
purL	HMDA	32.0 g/L	plate4-1	B7	0.0	-0.2716314753092781	low
rph	HMDA	32.0 g/L	plate4-1	A11	0.3422087277905555	0.07057725248127739	low
wbbK	HMDA	32.0 g/L	plate2	G2	0.0	-0.26789366099611417	low
xapB	HMDA	32.0 g/L	plate2	B2	0.2286378372880036	-0.039255823708110565	low
xapR	HMDA	32.0 g/L	plate2	A1	0.274446760920767	0.0065530999246528054	low
ybeX	HMDA	32.0 g/L	plate2	H12	0.3853144456552776	0.11742078465916345	low
ygbT	HMDA	32.0 g/L	plate2	G1	0.0	-0.26789366099611417	low
ygeF	HMDA	32.0 g/L	plate2	E1	0.1601156463810011	-0.10777801461511308	low
ygeG	HMDA	32.0 g/L	plate2	H1	0.22415789493840624	-0.04373576605770793	low
BW25113	IBUA	12.5 g/L	plate4-1	G9	0.14980615483290352	0.0	high
BW25113	IBUA	12.5 g/L	plate2	C12	0.1979028595089386	0.0	high
bglF	IBUA	12.5 g/L	plate2	H7	0.1764079431991962	-0.0214949163097424	high
bglG	IBUA	12.5 g/L	plate2	A6	0.1787910641191165	-0.019111795389822106	high
cheR	IBUA	12.5 g/L	plate2	E7	0.11830663795558341	-0.07959622155335519	high
dtpC	IBUA	12.5 g/L	plate2	A7	0.1397577901620111	-0.05814506934692751	high
ilvH	IBUA	12.5 g/L	plate2	B7	0.0	-0.1979028595089386	high
ilvN	IBUA	12.5 g/L	plate2	C7	0.08739754287891624	-0.11050531663002236	high
lysU	IBUA	12.5 g/L	plate2	B8	0.2218909435961708	0.023988084087232187	high
phoU	IBUA	12.5 g/L	plate2	G7	0.2495709749614992	0.05166811545256059	high
rlmE	IBUA	12.5 g/L	plate2	D7	0.20423867369052584	0.00633581418158724	high
rph	IBUA	12.5 g/L	plate4-1	D12	0.2500819808465749	0.10027582601367138	high
rpsT	IBUA	12.5 g/L	plate2	E8	0.0	-0.1979028595089386	high
sapB	IBUA	12.5 g/L	plate4-1	F7	0.11263247041643663	-0.03717368441646689	high
speA	IBUA	12.5 g/L	plate2	F7	0.18617184190665292	-0.011731017602285676	high
yaiP	IBUA	12.5 g/L	plate2	C6	0.1324217269404203	-0.06548113256851831	high
ybbW	IBUA	12.5 g/L	plate2	A8	0.2157341098020434	0.01783125029310481	high
ydbA_1	IBUA	12.5 g/L	plate2	D6	0.14373254051718057	-0.05417031899175803	high
ydbA_2	IBUA	12.5 g/L	plate2	E6	0.027018894785167318	-0.1708839647237713	high
ydhZ	IBUA	12.5 g/L	plate2	F8	0.09557940383885327	-0.10232345567008533	high
yedV	IBUA	12.5 g/L	plate2	B6	0.14185337921457622	-0.05604948029436238	high
yhbY	IBUA	12.5 g/L	plate2	F6	0.1732784127247207	-0.024624446784217907	high
yijD	IBUA	12.5 g/L	plate2	H6	0.07221105691468256	-0.12569180259425605	high
yjcE	IBUA	12.5 g/L	plate2	G6	0.16719100073194637	-0.03071185877699223	high
yjjQ	IBUA	12.5 g/L	plate2	C8	0.2264322225901347	0.028529363081196107	high
yobF	IBUA	12.5 g/L	plate4-1	B11	0.1388846202533305	-0.010921534579573011	high
BW25113	IBUA	7.5 g/L	plate2	C12	0.2727044046790142	0.0	low
BW25113	IBUA	7.5 g/L	plate4-1	G9	0.2580228323265846	0.0	low
bglF	IBUA	7.5 g/L	plate2	H7	0.21676126501500284	-0.05594313966401135	low
bglG	IBUA	7.5 g/L	plate2	A6	0.26075580715578695	-0.011948597523227245	low
cheR	IBUA	7.5 g/L	plate2	E7	0.2381058267355249	-0.03459857794348928	low
dtpC	IBUA	7.5 g/L	plate2	A7	0.24466441276706352	-0.028039991911950668	low
ilvH	IBUA	7.5 g/L	plate2	B7	0.21105264429145365	-0.06165176038756054	low
ilvN	IBUA	7.5 g/L	plate2	C7	0.18098670488613683	-0.09171769979287736	low
lysU	IBUA	7.5 g/L	plate2	B8	0.20889943752678364	-0.06380496715223055	low
phoU	IBUA	7.5 g/L	plate2	G7	0.35931558955331	0.08661118487429581	low
rlmE	IBUA	7.5 g/L	plate2	D7	0.2687680612501141	-0.003936343428900091	low
rph	IBUA	7.5 g/L	plate4-1	D12	0.33986295937310174	0.08184012704651716	low
rpsT	IBUA	7.5 g/L	plate2	E8	0.06741041597001017	-0.205293988709004	low
sapB	IBUA	7.5 g/L	plate4-1	F7	0.15084227068962988	-0.10718056163695469	low
speA	IBUA	7.5 g/L	plate2	F7	0.23193387357258546	-0.040770531106428726	low
yaiP	IBUA	7.5 g/L	plate2	C6	0.2207162653521193	-0.05198813932689489	low
ybbW	IBUA	7.5 g/L	plate2	A8	0.2500119961669971	-0.022692408512017093	low
ydbA_1	IBUA	7.5 g/L	plate2	D6	0.28749086298072873	0.014786458301714545	low
ydbA_2	IBUA	7.5 g/L	plate2	E6	0.17292851852253502	-0.09977588615647917	low
ydhZ	IBUA	7.5 g/L	plate2	F8	0.1826582728499164	-0.09004613182909779	low
yedV	IBUA	7.5 g/L	plate2	B6	0.19704669549198156	-0.07565770918703263	low
yhbY	IBUA	7.5 g/L	plate2	F6	0.2223957065017666	-0.05030869817724759	low
yijD	IBUA	7.5 g/L	plate2	H6	0.22092492268095468	-0.05177948199805951	low
yjcE	IBUA	7.5 g/L	plate2	G6	0.2188552270255791	-0.05384917765343508	low
yjjQ	IBUA	7.5 g/L	plate2	C8	0.287689752244475	0.014985347565460827	low
yobF	IBUA	7.5 g/L	plate4-1	B11	0.07738146999003781	-0.18064136233654676	low
BW25113	OCTA	10.0 g/L	plate4-1	C10	0.20633639359671	0.0	high
BW25113	OCTA	10.0 g/L	plate3	C12	0.0		high
BW25113	OCTA	10.0 g/L	plate3	D12	0.0		high
arpA	OCTA	10.0 g/L	plate3	C11	0.0		high
bhsA	OCTA	10.0 g/L	plate3	B10	0.0		high
dusB	OCTA	10.0 g/L	plate3	F10	0.0		high
hns	OCTA	10.0 g/L	plate4-1	F11	0.0	-0.20633639359671	high
lit	OCTA	10.0 g/L	plate3	G11	0.0		high
narP	OCTA	10.0 g/L	plate3	A10	0.0		high
nrdE	OCTA	10.0 g/L	plate3	A11	0.0		high
prmA	OCTA	10.0 g/L	plate3	D11	0.0		high
recE	OCTA	10.0 g/L	plate3	B11	0.0		high
rlmH	OCTA	10.0 g/L	plate3	C10	0.0		high
rph	OCTA	10.0 g/L	plate4-1	G12	0.0	-0.20633639359671	high
tdk	OCTA	10.0 g/L	plate4-1	G11	0.0	-0.20633639359671	high
trkH	OCTA	10.0 g/L	plate3	E11	0.0		high
ybgT	OCTA	10.0 g/L	plate3	E10	0.0		high
ydcI	OCTA	10.0 g/L	plate3	F11	0.0		high
yfcZ	OCTA	10.0 g/L	plate3	D10	0.0		high
yihQ	OCTA	10.0 g/L	plate3	G10	0.0		high
yihR	OCTA	10.0 g/L	plate3	H10	0.0		high
BW25113	OCTA	8.0 g/L	plate3	C12	0.4386703883711302	0.0	low
BW25113	OCTA	8.0 g/L	plate3	D12	0.0	-0.4386703883711302	low
BW25113	OCTA	8.0 g/L	plate4-1	C10	0.4532809835649797	0.0	low
arpA	OCTA	8.0 g/L	plate3	C11	0.3696035281570663	-0.06906686021406389	low
bhsA	OCTA	8.0 g/L	plate3	B10	0.0	-0.4386703883711302	low
dusB	OCTA	8.0 g/L	plate3	F10	0.42404171779851496	-0.014628670572615243	low
hns	OCTA	8.0 g/L	plate4-1	F11	0.4741777524376214	0.02089676887264169	low
lit	OCTA	8.0 g/L	plate3	G11	0.41512410616414125	-0.023546282206988955	low
narP	OCTA	8.0 g/L	plate3	A10	0.36235967194466584	-0.07631071642646436	low
nrdE	OCTA	8.0 g/L	plate3	A11	0.37696816057960203	-0.061702227791528175	low
prmA	OCTA	8.0 g/L	plate3	D11	0.4784233266920235	0.03975293832089327	low
recE	OCTA	8.0 g/L	plate3	B11	0.30858669818970674	-0.13008369018142346	low
rlmH	OCTA	8.0 g/L	plate3	C10	0.26255147830453357	-0.17611891006659663	low
rph	OCTA	8.0 g/L	plate4-1	G12	0.43749913634501525	-0.01578184721996445	low
tdk	OCTA	8.0 g/L	plate4-1	G11	0.0	-0.4532809835649797	low
trkH	OCTA	8.0 g/L	plate3	E11	0.3391448055323165	-0.09952558283881369	low
ybgT	OCTA	8.0 g/L	plate3	E10	0.4263460215721911	-0.012324366798939113	low
ydcI	OCTA	8.0 g/L	plate3	F11	0.44494918894685576	0.006278800575725552	low
yfcZ	OCTA	8.0 g/L	plate3	D10	0.4556399105639821	0.016969522192851916	low
yihQ	OCTA	8.0 g/L	plate3	G10	0.3857077037510511	-0.05296268462007908	low
yihR	OCTA	8.0 g/L	plate3	H10	0.3686897079592032	-0.06998068041192701	low
BW25113	PUTR	38.0 g/L	plate4-1	D9	0.14523024198407117	0.0	high
BW25113	PUTR	38.0 g/L	plate1	H12	0.177899932297762	0.0	high
alaE	PUTR	38.0 g/L	plate4-1	D5	0.15177321972885457	0.006542977744783407	high
argG	PUTR	38.0 g/L	plate1	A10	0.0	-0.177899932297762	high
clpP	PUTR	38.0 g/L	plate1	C9	0.0489406728063917	-0.1289592594913703	high
clpX	PUTR	38.0 g/L	plate4-1	C5	0.0	-0.14523024198407117	high
cmtB	PUTR	38.0 g/L	plate1	B11	0.16183159476628894	-0.016068337531473048	high
edd	PUTR	38.0 g/L	plate1	F10	0.16180322003298978	-0.016096712264772217	high
emrE	PUTR	38.0 g/L	plate1	E11	0.10027109452208718	-0.07762883777567481	high
essD	PUTR	38.0 g/L	plate4-1	G5	0.17377442300776236	0.02854418102369119	high
fliR	PUTR	38.0 g/L	plate1	C11	0.0	-0.177899932297762	high
glnE	PUTR	38.0 g/L	plate1	D11	0.14704466657563126	-0.030855265722130737	high
icdC	PUTR	38.0 g/L	plate1	A12	0.0	-0.177899932297762	high
intE	PUTR	38.0 g/L	plate1	G11	0.0	-0.177899932297762	high
iscR	PUTR	38.0 g/L	plate4-1	H5	0.11268120575826336	-0.032549036225807806	high
leuL	PUTR	38.0 g/L	plate1	C10	0.0	-0.177899932297762	high
mcrA	PUTR	38.0 g/L	plate1	G10	0.15960520422499092	-0.018294728072771077	high
nmpC	PUTR	38.0 g/L	plate4-1	D6	0.0	-0.14523024198407117	high
pstA	PUTR	38.0 g/L	plate1	A11	0.08890067855482471	-0.08899925374293728	high
pstS	PUTR	38.0 g/L	plate4-1	C6	0.1174587824451248	-0.027771459538946372	high
pykF	PUTR	38.0 g/L	plate4-1	B5	0.0	-0.14523024198407117	high
queE	PUTR	38.0 g/L	plate1	G9	0.17398649832850205	-0.003913433969259944	high
rpoD	PUTR	38.0 g/L	plate1	H10	0.1887313030513783	0.010831370753616315	high
sfmH	PUTR	38.0 g/L	plate1	C12	0.17189687918911417	-0.006003053108647821	high
stpA	PUTR	38.0 g/L	plate4-1	A5	0.4857508209814081	0.3405205789973369	high
tdcA	PUTR	38.0 g/L	plate1	H8	0.15337088658884748	-0.02452904570891451	high
tdcR	PUTR	38.0 g/L	plate1	D12	0.19069422282862045	0.012794290530858454	high
tktA	PUTR	38.0 g/L	plate1	B9	0.15949797514529862	-0.018401957152463372	high
tolA	PUTR	38.0 g/L	plate1	F11	0.1817117208644079	0.0038117885666459073	high
tyrB	PUTR	38.0 g/L	plate1	D10	0.1874105179779097	0.009510585680147704	high
waaS	PUTR	38.0 g/L	plate1	E10	0.16859356575348783	-0.009306366544274164	high
ybcK	PUTR	38.0 g/L	plate1	H9	0.17444811165755936	-0.0034518206402026352	high
ycgB	PUTR	38.0 g/L	plate1	F9	0.11198644405771457	-0.06591348824004742	high
yeaR	PUTR	38.0 g/L	plate4-1	E5	0.11415753559408046	-0.031072706389990712	high
yedP	PUTR	38.0 g/L	plate4-1	F5	0.20229951368623872	0.05706927170216755	high
yfjW	PUTR	38.0 g/L	plate1	E9	0.11519158367539924	-0.06270834862236276	high
ygaC	PUTR	38.0 g/L	plate1	D9	0.4033778783323735	0.2254779460346115	high
ygcE	PUTR	38.0 g/L	plate1	B12	0.11706094344978246	-0.06083898884797953	high
yicC	PUTR	38.0 g/L	plate4-1	A6	0.17361118899975672	0.028380947015685554	high
yieK	PUTR	38.0 g/L	plate1	H11	0.11914193148053065	-0.05875800081723134	high
yjcF	PUTR	38.0 g/L	plate4-1	B6	0.17598842309177049	0.030758181107699317	high
yjhG	PUTR	38.0 g/L	plate1	B10	0.14566532046475555	-0.03223461183300644	high
yodD	PUTR	38.0 g/L	plate4-1	E6	0.13742196809085258	-0.007808273893218587	high
zwf	PUTR	38.0 g/L	plate1	A9	0.11495799664542027	-0.06294193565234173	high
BW25113	PUTR	32.0 g/L	plate1	H12	0.31669790871349685	0.0	low
BW25113	PUTR	32.0 g/L	plate4-1	D9	0.2674111490440672	0.0	low
alaE	PUTR	32.0 g/L	plate4-1	D5	0.2563926750949525	-0.011018473949114704	low
argG	PUTR	32.0 g/L	plate1	A10	0.0	-0.31669790871349685	low
clpP	PUTR	32.0 g/L	plate1	C9	0.07151702722000532	-0.24518088149349154	low
clpX	PUTR	32.0 g/L	plate4-1	C5	0.145554743529556	-0.12185640551451121	low
cmtB	PUTR	32.0 g/L	plate1	B11	0.08591054791073618	-0.23078736080276066	low
edd	PUTR	32.0 g/L	plate1	F10	0.26393920340930654	-0.0527587053041903	low
emrE	PUTR	32.0 g/L	plate1	E11	0.2656744709503445	-0.051023437763152324	low
essD	PUTR	32.0 g/L	plate4-1	G5	0.282146361376696	0.014735212332628811	low
fliR	PUTR	32.0 g/L	plate1	C11	0.18409973098071492	-0.13259817773278193	low
glnE	PUTR	32.0 g/L	plate1	D11	0.27362616921043476	-0.04307173950306209	low
icdC	PUTR	32.0 g/L	plate1	A12	0.2481302454139199	-0.06856766329957695	low
intE	PUTR	32.0 g/L	plate1	G11	0.28668379641928876	-0.030014112294208084	low
iscR	PUTR	32.0 g/L	plate4-1	H5	0.2721909184076056	0.004779769363538411	low
leuL	PUTR	32.0 g/L	plate1	C10	0.0	-0.31669790871349685	low
mcrA	PUTR	32.0 g/L	plate1	G10	0.2869482788680713	-0.029749629845425563	low
nmpC	PUTR	32.0 g/L	plate4-1	D6	0.21603003009723762	-0.05138111894682959	low
pstA	PUTR	32.0 g/L	plate1	A11	0.20251701963140442	-0.11418088908209242	low
pstS	PUTR	32.0 g/L	plate4-1	C6	0.22543306791503787	-0.04197808112902934	low
pykF	PUTR	32.0 g/L	plate4-1	B5	0.13805444399457695	-0.12935670504949026	low
queE	PUTR	32.0 g/L	plate1	G9	0.2852426182185635	-0.03145529049493334	low
rpoD	PUTR	32.0 g/L	plate1	H10	0.2709134309202986	-0.04578447779319822	low
sfmH	PUTR	32.0 g/L	plate1	C12	0.27432534446847034	-0.0423725642450265	low
stpA	PUTR	32.0 g/L	plate4-1	A5	0.228572059098884	-0.0388390899451832	low
tdcA	PUTR	32.0 g/L	plate1	H8	0.272626690946886	-0.044071217766610826	low
tdcR	PUTR	32.0 g/L	plate1	D12	0.2178739172411506	-0.09882399147234625	low
tktA	PUTR	32.0 g/L	plate1	B9	0.16657910450099309	-0.15011880421250376	low
tolA	PUTR	32.0 g/L	plate1	F11	0.28050183182658617	-0.03619607688691068	low
tyrB	PUTR	32.0 g/L	plate1	D10	0.29172127025901223	-0.024976638454484612	low
waaS	PUTR	32.0 g/L	plate1	E10	0.26108065982434797	-0.055617248889148874	low
ybcK	PUTR	32.0 g/L	plate1	H9	0.2671438200661729	-0.04955408864732397	low
ycgB	PUTR	32.0 g/L	plate1	F9	0.249928932825208	-0.06676897588828884	low
yeaR	PUTR	32.0 g/L	plate4-1	E5	0.28375791166173747	0.016346762617670263	low
yedP	PUTR	32.0 g/L	plate4-1	F5	0.2921041316268223	0.024692982582755096	low
yfjW	PUTR	32.0 g/L	plate1	E9	0.27089637078684065	-0.0458015379266562	low
ygaC	PUTR	32.0 g/L	plate1	D9	0.27020979437262765	-0.04648811434086919	low
ygcE	PUTR	32.0 g/L	plate1	B12	0.13199276202295976	-0.1847051466905371	low
yicC	PUTR	32.0 g/L	plate4-1	A6	0.3116599050143841	0.04424875597031691	low
yieK	PUTR	32.0 g/L	plate1	H11	0.27370025722728697	-0.042997651486209876	low
yjcF	PUTR	32.0 g/L	plate4-1	B6	0.2724081562419595	0.004997007197892311	low
yjhG	PUTR	32.0 g/L	plate1	B10	0.14527650047785784	-0.171421408235639	low
yodD	PUTR	32.0 g/L	plate4-1	E6	0.25734758115341294	-0.010063567890654268	low
zwf	PUTR	32.0 g/L	plate1	A9	0.26164298606524167	-0.05505492264825518	low
