time	A01	A02	A03	A04	A05	A06	A07	A08	B01	B02	B03	B04	B05	B06	B07	B08	C01	C02	C03	C04	C05	C06	C07	C08	D01	D02	D03	D04	D05	D06	D07	D08	E01	E02	E03	E04	E05	E06	E07	E08	F01	F02	F03	F04	F05	F06	F07	F08
0.00508	0.0	0.0	0.0	0.0	0.0	0.0	0.0	0.0	0.0	0.0	0.0	0.0	0.0	0.0	0.0	0.0	0.0	0.0	0.0	0.0	0.0	0.0	0.0	0.0	0.0	0.0	0.0	0.0	0.0	0.0	0.0	0.0	3.042	0.0	0.0	0.0	0.0	0.0	0.0	0.0	0.0	0.0	0.0	0.0	0.0	0.0	0.0	0.0
0.17167	0.8830000000000009	0.5399999999999991	0.6639999999999997	0.5540000000000003	0.33999999999999986	1.3940000000000001	0.7900000000000009	2.782	0.0909999999999993	0.520999999999999	0.5809999999999995	1.1159999999999997	0.9039999999999999	0.7520000000000007	2.375	1.263	2.0170000000000012	1.7569999999999997	1.3089999999999993	0.29900000000000304	1.7390000000000008	1.5	1.9510000000000005	0.9209999999999994	3.0	0.9009999999999998	1.7759999999999998	1.032	2.013	1.8869999999999987	0.5190000000000001	1.6329999999999991	0.0	1.2260000000000009	1.3499999999999996	0.7399999999999984	2.0359999999999996	1.9530000000000012	0.7070000000000007	1.1649999999999991	3.261000000000001	0.6489999999999991	1.3960000000000008	1.5250000000000004	0.5419999999999998	1.7669999999999995	3.536999999999999	2.6159999999999997
0.33833	2.426	1.4269999999999996	0.7190000000000012	1.424999999999999	1.5790000000000006	2.6310000000000002	1.774000000000001	5.202999999999999	0.9540000000000006	3.128	1.5949999999999989	3.6549999999999994	1.0570000000000004	1.6370000000000005	4.222999999999999	1.7359999999999989	2.7699999999999996	2.4990000000000006	7.472999999999999	1.1960000000000015	1.5760000000000005	2.261000000000001	3.391	2.0439999999999987	3.9559999999999995	2.3499999999999996	2.3629999999999995	3.1590000000000007	2.212999999999999	6.43	1.2959999999999994	3.033999999999999	1.7010000000000005	6.157	4.473000000000001	4.615	2.5220000000000002	2.511000000000001	2.5650000000000013	5.993	3.708	0.43599999999999994	3.66	3.5519999999999996	1.4989999999999988	6.455999999999998	4.392999999999999	3.5459999999999994
0.50501	2.9730000000000008	3.0359999999999996	1.2520000000000007	1.850999999999999	1.7440000000000015	2.4890000000000008	2.4700000000000006	6.52	0.8439999999999994	3.2059999999999995	2.2779999999999987	4.167999999999999	2.5280000000000005	3.2430000000000003	5.986000000000001	4.2379999999999995	4.991	6.907	6.128	5.947000000000003	4.966999999999999	3.037000000000001	5.879	5.103999999999999	4.099	2.5570000000000004	1.9969999999999999	2.7650000000000006	3.225999999999999	6.827999999999999	1.846	5.789999999999999	2.407	9.485	5.939	4.261999999999999	3.171000000000001	2.771000000000001	2.883000000000001	5.519999999999998	5.482999999999999	0.8709999999999987	4.485000000000001	3.8919999999999995	3.5540000000000003	5.0920000000000005	4.368	3.5519999999999996
0.67173	3.8309999999999995	6.787000000000001	1.9009999999999998	1.3659999999999997	3.8850000000000016	3.556000000000001	2.261000000000001	7.850999999999999	1.3659999999999997	2.981	2.7009999999999987	5.4350000000000005	2.7780000000000005	6.368	6.462	2.494999999999999	4.446	5.465	6.216999999999999	6.577000000000002	5.689	4.711	6.852000000000002	9.472	4.6080000000000005	4.338000000000001	2.7379999999999995	5.954000000000001	3.1850000000000005	6.300000000000001	2.5999999999999996	8.951	2.8970000000000002	11.843	3.974	5.168999999999999	4.268000000000001	7.186	4.978	4.321	4.368	2.039999999999999	4.023	4.18	5.645999999999999	5.339	6.5280000000000005	4.634
0.83841	4.59	7.191999999999998	1.5760000000000005	2.446999999999999	2.362	4.553000000000001	1.8450000000000006	10.143999999999998	1.2249999999999996	5.758000000000001	5.895	6.363000000000001	4.087	5.058	6.829999999999998	3.59	6.625	7.963000000000001	7.489999999999998	8.369000000000003	7.094000000000001	5.943000000000001	4.961	8.616999999999999	4.448	7.591000000000001	2.498000000000001	5.494	4.039999999999999	6.539999999999999	2.266	6.727	2.8339999999999996	11.918	6.164999999999999	4.985999999999999	5.6320000000000014	4.493	4.235000000000001	3.5839999999999996	5.784000000000001	4.02	3.074	4.356	7.863999999999999	6.458999999999998	4.68	4.16
1.00507	3.843	8.403999999999998	2.8420000000000005	3.0809999999999995	3.4030000000000005	5.384000000000002	3.3810000000000002	8.902000000000001	1.6129999999999995	4.024999999999999	4.632999999999999	6.324	3.312999999999999	5.328000000000001	5.725999999999999	3.3979999999999997	6.1370000000000005	8.881	6.666999999999998	9.915000000000003	9.184999999999999	5.042	6.404999999999999	4.724	5.731000000000002	6.315000000000001	2.6350000000000016	5.791	3.058	6.366	1.4829999999999988	8.433	3.8599999999999994	8.115000000000002	4.902000000000001	5.196	6.018000000000001	4.694000000000001	3.5950000000000006	3.8069999999999986	4.005000000000001	4.379	4.4190000000000005	5.166999999999998	7.362999999999998	5.229999999999999	4.632	5.714
1.17169	5.036000000000001	5.941000000000001	2.3390000000000004	2.8949999999999996	4.4030000000000005	5.354000000000001	4.631	7.163	0.7219999999999995	3.446999999999999	3.5759999999999987	7.394	5.754000000000001	7.301	5.898999999999999	3.535	4.705	7.895	6.260999999999999	9.801000000000002	7.272000000000002	7.080000000000002	6.3370000000000015	7.055999999999999	4.977	6.247	1.9700000000000006	7.814	2.6470000000000002	5.274000000000001	2.09	7.018000000000001	3.0489999999999995	10.93	5.7330000000000005	5.767999999999999	5.241	7.053000000000001	4.782	3.9339999999999993	7.3149999999999995	3.9619999999999997	5.501000000000001	5.003	7.171000000000001	7.575999999999999	7.944000000000001	3.4350000000000005
1.33849	7.1370000000000005	5.391999999999998	2.293000000000001	4.542999999999999	4.4350000000000005	6.035000000000002	5.282	8.994	1.5649999999999995	2.9109999999999996	4.683999999999999	7.514999999999999	3.7169999999999987	8.427999999999999	6.989999999999998	3.6999999999999993	7.1690000000000005	10.602	5.506999999999998	8.551000000000002	8.491	7.724	4.781000000000001	4.817	4.718	4.897	1.4589999999999996	5.993000000000002	2.785	7.808	1.9100000000000001	9.655000000000001	4.496	11.163	6.713000000000001	5.0649999999999995	5.029	7.494	4.979000000000001	3.1949999999999985	5.218999999999999	3.1529999999999987	5.042000000000002	4.951999999999998	4.891999999999998	6.949	7.016	4.151999999999999
1.50515	7.8679999999999986	4.923	2.5220000000000002	5.443	5.427000000000001	6.438000000000001	4.556000000000001	8.419	1.266	4.087	6.093	6.661	5.055	7.853	5.350999999999999	2.6709999999999994	4.640000000000001	8.518	8.779	8.735000000000003	7.8260000000000005	5.905999999999999	5.823000000000002	9.461999999999998	4.8420000000000005	3.896000000000001	2.568999999999999	5.41	2.831999999999999	5.785	1.725999999999999	10.418	3.4480000000000004	11.472000000000001	5.626000000000001	6.066999999999998	5.567	6.940000000000001	5.263	5.176	6.747000000000002	4.766	5.053000000000001	5.260999999999999	7.888	6.924999999999999	5.930999999999999	3.08
1.67186	5.908999999999999	7.997999999999999	3.4430000000000014	5.289999999999999	5.551	6.3370000000000015	4.446	7.425000000000001	1.4499999999999993	3.8439999999999994	5.163	7.436999999999999	5.687999999999999	6.952	5.406000000000001	2.9239999999999995	4.834	10.106000000000002	5.5539999999999985	8.182000000000002	8.054000000000002	6.679000000000002	5.328999999999999	6.054999999999998	5.2890000000000015	5.491	2.1880000000000006	4.432	2.74	6.3969999999999985	1.4949999999999992	10.448999999999998	3.4529999999999994	9.71	4.416	5.072999999999999	4.7490000000000006	7.304000000000002	3.9830000000000005	5.513	3.5630000000000006	3.7189999999999994	6.792000000000002	5.181000000000001	4.938999999999998	7.292	3.7799999999999994	3.4749999999999996
1.83854	7.641000000000002	5.485999999999999	3.389000000000001	3.715	4.923	7.9079999999999995	4.393000000000001	8.280999999999999	2.0389999999999997	3.238999999999999	4.212999999999999	9.658	4.994	6.884000000000002	5.7940000000000005	3.26	3.9990000000000006	9.099	3.2889999999999997	10.353000000000002	5.611000000000001	5.870999999999999	5.58	5.984	6.395	5.327000000000002	1.9309999999999992	5.097000000000001	2.4749999999999996	6.373999999999999	1.4369999999999994	7.436	2.9369999999999994	10.506	6.9510000000000005	5.997999999999999	4.767000000000001	6.707000000000001	4.577	4.9129999999999985	6.953000000000001	3.529	5.916	6.449999999999999	6.369999999999999	5.889999999999999	4.119999999999999	3.9299999999999997
2.00514	5.536000000000001	6.246999999999998	3.7439999999999998	4.58	5.283000000000001	6.380000000000001	5.215	8.075	1.1639999999999997	2.9499999999999993	5.199999999999999	6.746999999999998	4.9879999999999995	5.747000000000002	5.345000000000001	3.081999999999999	4.128	8.921	5.245999999999999	9.487000000000002	7.809000000000001	5.634	3.4640000000000004	8.459999999999999	5.533999999999999	6.062000000000001	2.0150000000000006	4.882	2.548	5.536999999999999	1.5099999999999998	6.303000000000001	4.035	12.747	6.741	5.790999999999999	5.245000000000001	7.263999999999999	4.845000000000001	4.212999999999999	4.843999999999999	5.258000000000001	5.681000000000001	6.007999999999999	6.6949999999999985	5.936999999999999	3.690999999999999	4.218999999999999
2.17181	6.333000000000002	7.833	3.9139999999999997	4.818999999999999	5.407	7.92	4.271000000000001	6.460000000000001	1.6110000000000007	3.7459999999999987	4.071	5.688000000000001	4.485999999999999	8.842	5.2829999999999995	4.549999999999999	6.594999999999999	8.187999999999999	5.114999999999998	10.220000000000002	7.471	5.085000000000001	4.677000000000001	6.452	5.681999999999999	4.748000000000001	2.440999999999999	4.890000000000001	2.833	6.170999999999999	2.0730000000000004	8.006	4.599	11.716000000000001	7.91	6.3569999999999975	4.07	6.321999999999999	4.018000000000001	4.011999999999999	5.804	2.9689999999999994	5.899000000000001	6.527000000000001	6.124999999999998	5.644999999999998	4.673	3.228999999999999
2.33857	6.940999999999999	5.491999999999999	3.982000000000001	8.745999999999999	5.036000000000001	7.948000000000002	8.568999999999999	8.018999999999998	1.7240000000000002	2.468	4.071	7.944000000000001	5.486000000000001	7.106	5.33	5.665000000000001	4.205	7.751999999999999	4.558999999999999	10.030000000000001	8.568000000000001	4.598000000000001	3.9570000000000007	6.918999999999999	4.615	7.513999999999999	2.745000000000001	4.868	2.644	6.475999999999999	1.9539999999999988	5.991	4.924999999999999	13.192	7.288	6.525	4.464	7.324999999999999	4.482000000000001	3.5489999999999995	4.645000000000001	5.385	7.434999999999999	6.577999999999999	7.313000000000001	7.693	4.812999999999999	3.135
2.50529	8.219000000000001	4.968999999999999	5.037000000000001	5.035	5.300000000000001	8.248	4.088000000000001	9.343	1.9809999999999999	2.9159999999999986	4.334999999999999	8.665000000000001	3.8889999999999993	7.287000000000001	5.595000000000001	6.328999999999999	4.493	7.094999999999999	5.058	8.916	8.568000000000001	5.025	4.383000000000001	7.075000000000001	4.927	5.899999999999999	2.4540000000000006	5.904	2.876999999999999	6.910999999999998	1.8609999999999989	7.661999999999999	5.192	11.181000000000001	6.792000000000002	6.08	6.524000000000001	8.977	3.883000000000001	3.113999999999999	6.497999999999999	4.465999999999999	5.123000000000001	8.227	7.3809999999999985	5.828999999999999	5.336	3.231
2.67193	8.106000000000002	5.461999999999998	4.200000000000001	5.456999999999999	6.515000000000002	9.697000000000001	4.837	6.408000000000001	1.9139999999999997	2.4049999999999994	5.876999999999999	7.385	4.078999999999999	5.540000000000001	6.25	7.731	3.7729999999999997	7.2379999999999995	5.129999999999999	11.579	6.869	4.795	3.6630000000000003	8.851	4.9990000000000006	5.273	2.1069999999999993	5.067	2.6929999999999996	8.009999999999998	2.0730000000000004	6.381999999999998	3.0489999999999995	11.347999999999999	7.190999999999999	6.712999999999999	4.871	6.881	3.535	3.7699999999999996	6.968000000000002	3.0459999999999994	6.619	5.827999999999999	7.243999999999998	8.188	5.058999999999999	2.6739999999999995
2.83855	10.77	4.209	5.981999999999999	4.41	7.953000000000001	8.597	5.099	7.448	1.2810000000000006	2.3599999999999994	3.921999999999999	7.494999999999999	3.8499999999999996	5.784000000000001	5.487	7.651999999999999	4.667	6.737000000000002	4.389999999999999	9.876000000000001	5.971	4.333	3.923	7.863999999999999	4.492000000000001	5.234999999999999	2.208	4.981999999999999	2.878	6.599999999999998	1.7439999999999998	7.518999999999998	4.5009999999999994	14.0	7.954000000000001	6.028999999999998	4.994	7.739000000000001	4.146000000000001	3.4719999999999995	5.65	5.764000000000001	6.609000000000002	7.172999999999998	7.519	5.237999999999998	4.786	3.305999999999999
3.00535	9.389	7.6019999999999985	4.461	5.837999999999999	7.976000000000001	9.042	3.6479999999999997	8.033000000000001	1.4209999999999994	2.078999999999999	4.202	9.366999999999999	4.504999999999999	5.433000000000002	5.7669999999999995	4.891	5.111000000000001	7.182000000000002	4.811	10.462000000000003	7.187999999999999	6.556000000000001	4.437000000000001	6.529999999999999	6.739000000000001	5.655999999999999	1.9499999999999993	4.280000000000001	2.924999999999999	6.413	2.2119999999999997	6.442999999999998	3.401	12.268	6.408999999999999	8.534	4.433	6.452000000000002	3.5839999999999996	4.712999999999999	4.035	3.283999999999999	6.141000000000002	6.236999999999998	6.139000000000001	5.964	4.318	3.282
3.17202	7.620000000000001	7.587999999999999	4.375	4.5809999999999995	6.955	10.152	5.364000000000001	7.713999999999999	2.154	2.2269999999999985	4.420999999999999	8.956000000000001	4.887999999999998	5.651999999999999	4.908999999999999	6.42	5.120000000000001	7.728999999999999	7.16	9.914000000000001	8.555	5.675000000000001	3.1340000000000003	7.709999999999999	4.851000000000001	5.594000000000001	2.004999999999999	4.966999999999999	2.462999999999999	5.837	2.0549999999999997	7.178000000000001	3.83	10.312999999999999	5.154	6.670999999999998	4.4399999999999995	6.765000000000001	2.9589999999999996	3.549999999999999	3.8789999999999996	3.360999999999999	5.705000000000002	6.082000000000001	7.458999999999998	7.612	4.020999999999999	3.4529999999999994
3.3387	8.216000000000001	7.034000000000001	4.518000000000001	5.943	9.259000000000002	9.109	4.57	6.126999999999999	1.5909999999999993	2.5549999999999997	7.989000000000001	6.691000000000001	5.454999999999998	5.563000000000001	4.1370000000000005	5.769	4.725	7.010000000000002	5.573	9.281000000000002	7.839000000000002	4.976000000000001	3.955	6.17	5.112	6.068000000000001	2.1029999999999998	5.885000000000002	2.6029999999999998	5.161999999999999	3.273999999999999	8.218	4.276999999999999	10.771999999999998	6.260000000000002	9.917	4.865	7.123999999999999	3.146000000000001	3.834999999999999	4.515000000000001	3.176	6.155999999999999	9.7	8.031	5.558999999999999	4.071	3.3840000000000003
3.5054	6.6419999999999995	6.186999999999999	6.837	5.141	8.930000000000001	9.860999999999999	6.396000000000001	6.591999999999999	1.6999999999999993	2.7609999999999992	4.959	8.121	5.428000000000001	5.700000000000001	3.7319999999999993	5.154	4.791	5.856999999999999	4.372	9.336000000000002	7.908000000000001	5.4879999999999995	4.1370000000000005	6.237	5.460000000000001	5.312999999999999	2.1449999999999996	6.681000000000001	2.689	6.895	3.808	11.294999999999998	6.033000000000001	10.751999999999999	8.299	9.191999999999998	4.109	7.311	3.093	3.078999999999999	3.9939999999999998	2.8179999999999996	4.932000000000002	7.893999999999998	7.490999999999998	4.734999999999998	5.051	3.1899999999999995
3.67209	8.225999999999999	5.749999999999998	6.4460000000000015	6.088000000000001	9.715000000000002	8.532000000000002	4.313000000000001	6.483999999999998	1.8719999999999999	2.157	6.352999999999998	6.862	6.611000000000001	5.308999999999999	4.725	7.276999999999999	4.800000000000001	5.325000000000001	3.815999999999999	10.266000000000002	11.372	4.110000000000001	4.2620000000000005	6.339	4.7170000000000005	6.6370000000000005	1.9179999999999993	7.324000000000002	2.5540000000000003	8.149999999999999	4.661	8.863	3.5039999999999996	8.296	6.923000000000002	8.075999999999999	3.905000000000001	5.84	3.311	3.2269999999999985	4.754	3.3419999999999987	4.823	7.6690000000000005	5.199	4.438000000000001	4.237	2.844999999999999
3.83872	8.408000000000001	5.572999999999999	8.600000000000001	5.698	7.214	7.983000000000002	6.225999999999999	8.142	1.593	2.327	5.306000000000001	6.098000000000001	4.6	5.625000000000002	3.673	7.171999999999999	5.280000000000001	7.618000000000002	5.282999999999998	10.983	7.603999999999999	4.682	4.5760000000000005	5.362	4.819000000000001	5.754999999999999	1.9740000000000002	7.574000000000002	2.5809999999999995	6.5169999999999995	3.4930000000000003	7.492000000000001	4.122999999999999	9.043	8.113	7.4819999999999975	3.817	8.277000000000001	3.104000000000001	3.965	4.504	3.302999999999999	5.350999999999999	5.635999999999999	6.715999999999999	4.755000000000001	3.632999999999999	3.155999999999999
4.00542	8.835999999999999	8.426	8.391000000000002	6.2379999999999995	7.945000000000002	7.136000000000001	5.942	7.483999999999998	1.7530000000000001	2.417	5.681999999999999	10.034999999999998	6.059999999999999	4.681000000000001	3.314	6.017000000000001	4.1	7.100999999999999	5.068999999999999	12.083000000000002	8.29	5.316000000000001	4.196	6.539	4.841000000000001	4.551	1.689	6.727	2.481	7.7429999999999986	4.504	7.518000000000001	3.2010000000000005	10.462	7.384	7.014999999999999	4.309000000000001	6.535	2.4160000000000004	2.9959999999999987	3.7010000000000005	3.629999999999999	6.552	7.097000000000001	6.717999999999998	4.2829999999999995	3.3469999999999995	2.962999999999999
4.17217	7.605	7.406000000000001	11.812000000000001	5.991	7.134000000000002	7.531000000000001	5.718	8.137999999999998	1.6880000000000006	2.567	5.861000000000001	9.35	6.1690000000000005	5.613999999999999	3.013	5.700000000000001	5.670000000000002	6.526	4.183999999999999	10.424000000000003	8.475000000000001	4.950000000000001	3.497	6.955999999999998	5.089	4.3260000000000005	2.2910000000000004	5.538	2.414999999999999	6.84	3.805999999999999	8.623999999999999	4.318999999999999	8.196000000000002	7.141000000000002	7.885	4.65	8.064	2.3979999999999997	3.077	5.7440000000000015	3.9239999999999995	5.7890000000000015	7.445	5.885	5.028999999999998	4.395	2.520999999999999
4.33879	8.857	6.886999999999999	10.205000000000002	5.140000000000001	5.8820000000000014	7.602000000000002	4.962	7.027000000000001	1.806000000000001	2.0709999999999997	5.506999999999998	8.098	6.122	6.747999999999999	3.0839999999999996	7.589999999999998	4.394	6.975000000000001	4.7509999999999994	8.723000000000003	7.672000000000001	4.0760000000000005	4.064	8.161	5.136000000000001	4.09	1.6769999999999996	6.625	2.414999999999999	6.864000000000001	4.609999999999999	7.655000000000001	2.853999999999999	10.440000000000001	7.991	7.6019999999999985	5.146000000000001	6.622	2.6820000000000004	3.3839999999999986	3.6880000000000006	3.7349999999999994	5.529	5.413	6.9719999999999995	5.525	3.7329999999999988	2.3089999999999993
4.50545	7.881	5.7879999999999985	8.757000000000001	4.224	9.159	8.468000000000002	4.5440000000000005	6.471	2.1180000000000003	2.241999999999999	5.114999999999998	6.929	6.820999999999998	6.215999999999999	2.638	6.845999999999998	4.048	7.864000000000001	4.215	9.558	9.297	4.248000000000001	3.5980000000000008	5.926999999999998	4.885	4.191000000000001	1.4009999999999998	5.786000000000001	2.513	6.166	4.003	9.611999999999998	3.9960000000000004	11.905999999999999	6.420000000000002	6.507	4.445	6.943999999999999	2.2830000000000013	3.4159999999999986	4.429	3.317	5.682000000000002	7.696999999999999	6.679	5.206999999999999	3.289999999999999	2.3360000000000003
4.67222	7.094000000000001	5.991999999999999	8.8	4.683999999999999	6.948000000000002	7.230000000000002	5.407	8.573	1.745000000000001	2.3439999999999994	5.506999999999998	7.586999999999998	5.960000000000001	5.448000000000002	2.7379999999999995	5.674000000000001	5.198	7.786999999999999	3.940999999999999	10.213000000000001	8.109000000000002	4.353	3.939	6.225	5.774999999999999	4.676	1.862	7.484999999999999	2.6839999999999993	5.398	3.443999999999999	7.855999999999998	5.026	8.019000000000002	6.529	6.502000000000001	4.550000000000001	5.9879999999999995	2.312000000000001	3.5219999999999985	3.872	3.302999999999999	5.957000000000001	6.172999999999998	6.031999999999998	5.767999999999999	3.1799999999999997	1.939
4.83893	6.257999999999999	5.558999999999999	8.535	4.58	8.035000000000002	7.130000000000001	4.141	5.884999999999998	1.7590000000000003	2.382999999999999	6.997	7.415999999999999	5.597000000000001	5.631000000000002	2.536999999999999	6.5699999999999985	3.5280000000000005	7.212	4.312999999999999	7.961000000000002	8.414000000000001	4.82	4.453000000000001	5.839	5.792000000000002	4.526	1.8309999999999995	7.029	2.151	7.006	4.908000000000001	8.256	4.0920000000000005	8.657	6.048000000000002	5.831999999999999	5.017000000000001	5.815999999999999	2.0170000000000012	4.179	3.6740000000000013	2.914999999999999	5.048000000000002	6.286000000000001	6.406999999999998	3.388	3.0519999999999996	1.8810000000000002
5.00553	8.155000000000001	6.668000000000001	7.911999999999999	4.542	5.5280000000000005	7.051	5.506	5.802	1.5269999999999992	2.1999999999999993	5.846999999999998	7.981	5.8969999999999985	6.24	3.017999999999999	5.2989999999999995	5.609000000000002	7.347999999999999	3.4189999999999987	9.542000000000002	8.911000000000001	4.522	4.487	5.970999999999998	6.425000000000001	4.513	1.8659999999999997	5.879999999999999	2.2270000000000003	5.166	2.9450000000000003	7.753	3.484	8.155000000000001	5.562000000000001	5.063999999999998	4.91	5.116	1.4030000000000005	3.1439999999999984	3.327	2.994999999999999	6.155999999999999	4.969000000000001	5.232999999999999	4.066000000000001	3.346	1.8379999999999992
5.17226	8.838999999999999	5.920999999999998	8.309000000000001	4.34	7.996	6.852000000000002	4.924000000000001	6.698	1.5139999999999993	1.8789999999999996	4.622999999999999	9.903999999999998	5.887999999999998	7.136999999999999	2.7430000000000003	6.336999999999998	4.027000000000001	6.744	3.574	9.708000000000002	7.022000000000002	5.4879999999999995	3.261000000000001	5.461	5.510999999999999	5.003	1.1649999999999991	5.6320000000000014	2.4529999999999994	6.204000000000001	3.671999999999999	6.506999999999998	3.4960000000000004	10.221	5.862000000000002	5.031999999999998	6.568000000000001	4.344000000000001	1.556000000000001	3.3709999999999987	3.793000000000001	2.959999999999999	4.765000000000001	5.555	5.534000000000001	4.127999999999998	3.3579999999999988	1.7780000000000005
5.33894	6.818000000000001	6.807999999999998	8.289000000000001	4.253	5.74	5.8100000000000005	5.146000000000001	6.466000000000001	1.3819999999999997	2.1029999999999998	5.986999999999998	8.168000000000001	6.751000000000001	6.831999999999999	2.635	5.295999999999999	3.939	6.797000000000001	3.725999999999999	9.537000000000003	7.527000000000001	4.543000000000001	3.6750000000000007	5.183	5.327000000000002	3.939	1.7680000000000007	6.710000000000001	2.1769999999999996	6.233999999999998	3.2279999999999998	7.9879999999999995	4.481	9.413	5.226000000000001	6.560999999999998	4.622	5.1129999999999995	1.543000000000001	4.211999999999998	4.301	3.2779999999999987	4.606	5.393999999999998	5.705999999999998	3.7769999999999992	3.437999999999999	1.8360000000000003
5.50573	9.343	5.923999999999998	6.096	4.009	8.381000000000002	6.020999999999999	4.426	7.224999999999998	1.612	2.263	5.960000000000001	7.476000000000001	4.557	6.401000000000002	2.173	5.41	3.5760000000000005	6.388999999999999	4.077	8.688000000000002	8.145	4.704000000000001	3.7880000000000003	4.8919999999999995	4.274000000000001	4.171000000000001	1.6679999999999993	6.922000000000001	2.382999999999999	4.634	2.817	9.440999999999999	5.620000000000001	9.367	5.650000000000002	6.345999999999998	4.783000000000001	4.704000000000001	1.439	3.087999999999999	4.463000000000001	3.1289999999999996	7.080000000000002	5.414999999999999	4.773999999999999	4.321	3.7889999999999997	1.923
5.67226	6.527999999999999	6.302999999999999	6.355	4.006	8.282000000000002	5.422000000000002	3.899000000000001	7.006999999999998	1.4670000000000005	2.212999999999999	3.8839999999999986	7.664	4.292	6.9940000000000015	2.2189999999999994	4.215999999999999	4.027000000000001	7.339000000000002	3.2879999999999985	7.707000000000001	8.189	4.416	3.5950000000000006	6.057	4.700000000000001	4.1690000000000005	1.6649999999999991	6.204000000000001	2.167	5.346999999999998	2.8859999999999992	7.125999999999998	4.02	9.030000000000001	4.456000000000001	7.415000000000001	4.852	3.7010000000000005	1.6989999999999998	3.276	4.245000000000001	3.4130000000000003	4.813000000000001	5.268999999999998	4.389999999999999	3.651	2.9529999999999994	1.8729999999999993
5.83901	7.995000000000001	6.674999999999999	7.2989999999999995	4.260999999999999	8.273000000000001	5.723000000000001	3.5820000000000007	6.783999999999999	1.4600000000000009	1.895999999999999	4.615	7.296999999999999	3.9499999999999993	5.889000000000001	2.5220000000000002	5.279999999999999	3.995000000000001	5.734000000000002	3.3279999999999994	9.861	8.536999999999999	3.955	3.468	5.619999999999999	4.335000000000001	4.0649999999999995	1.3469999999999995	7.291	2.16	3.314	3.378	6.472999999999999	4.0600000000000005	7.1370000000000005	5.591000000000001	8.046999999999999	5.416	3.6210000000000004	1.3350000000000009	4.316000000000001	3.380000000000001	3.8579999999999988	5.114000000000001	4.3309999999999995	4.763	3.1899999999999995	2.8739999999999988	1.843
6.00568	7.551000000000002	5.461999999999998	6.945	4.135999999999999	6.773999999999999	5.175000000000001	3.551	6.285	1.3550000000000004	2.0549999999999997	3.968	8.784	4.067	6.321	2.2010000000000005	4.776999999999999	3.992000000000001	5.853999999999999	2.8689999999999998	9.345000000000002	7.949999999999999	3.8789999999999996	4.1080000000000005	5.118	4.117000000000001	4.133000000000001	1.1769999999999996	6.27	1.9819999999999993	4.286999999999999	3.062999999999999	6.192	4.199999999999999	7.192	5.353	5.790999999999999	4.365	4.024000000000001	1.6580000000000013	3.2409999999999997	3.686	3.33	5.091000000000001	4.472999999999999	5.002000000000001	3.5939999999999994	4.347999999999999	1.975999999999999
6.1723	8.07	5.676999999999998	6.492000000000001	3.644	7.156000000000001	5.298	3.2990000000000013	7.620999999999999	1.4619999999999997	2.208	3.426	8.92	4.548	6.7730000000000015	2.523999999999999	5.2829999999999995	3.926	6.094000000000001	3.26	7.555000000000003	10.517	3.505000000000001	3.6140000000000008	5.479999999999999	4.338000000000001	3.949	1.5169999999999995	6.865000000000002	2.115	4.388	3.0	7.8580000000000005	3.847999999999999	6.402000000000001	4.4030000000000005	6.144999999999998	4.561	3.2669999999999995	1.3369999999999997	4.246999999999998	4.1690000000000005	3.478999999999999	4.879000000000001	4.763	4.526999999999999	3.1449999999999996	4.376999999999999	2.154
6.33906	7.995000000000001	5.246	6.370000000000001	3.141	6.415000000000001	4.461	3.2729999999999997	6.332000000000001	1.436	2.253	3.8049999999999997	7.177999999999999	3.545	6.246	2.141	5.017999999999999	3.638	5.52	3.4479999999999986	8.241000000000003	9.655999999999999	2.812000000000001	3.1590000000000007	5.190999999999999	3.9060000000000006	3.9459999999999997	1.3469999999999995	5.481000000000002	1.9699999999999989	4.241999999999999	2.8550000000000004	7.782999999999998	4.440999999999999	6.256	4.686	6.333	4.106	3.0020000000000007	1.0730000000000004	3.267999999999999	4.023	3.2859999999999996	4.829000000000001	4.545999999999999	3.2619999999999987	3.0	4.350999999999999	2.389999999999999
6.50565	8.948	4.578999999999999	5.227	3.141	8.296000000000001	4.485000000000001	3.654	6.783999999999999	1.508000000000001	2.2769999999999992	3.7329999999999988	6.962999999999999	3.687999999999999	6.032000000000002	1.9979999999999993	6.638	3.495000000000001	5.757999999999999	2.780999999999999	8.241000000000003	8.561	2.455	3.849	4.857999999999999	4.192	3.803000000000001	0.9429999999999996	4.909000000000001	1.802999999999999	4.122999999999999	2.2349999999999994	7.855	4.488999999999999	6.184999999999999	4.091000000000001	6.141999999999998	4.606	2.764000000000001	0.9779999999999998	3.5779999999999994	3.4510000000000005	2.952	4.257	4.212	3.475999999999999	2.7139999999999986	4.16	2.6050000000000004
6.67242	7.943999999999999	4.452	4.766	3.1310000000000002	6.456000000000001	4.3100000000000005	2.7620000000000005	6.015000000000001	1.6639999999999997	2.625	3.0809999999999995	6.863000000000001	3.8469999999999995	5.3100000000000005	2.129999999999999	5.3919999999999995	3.224	4.941000000000001	2.937999999999999	6.885000000000002	7.198	2.2780000000000005	3.412000000000001	5.183999999999999	4.208	3.652000000000001	1.2200000000000006	5.355	2.0299999999999994	3.8049999999999997	2.0109999999999992	7.588999999999999	4.218999999999999	5.273	4.106	5.112	4.765000000000001	2.7780000000000005	1.157	2.7119999999999997	3.824	3.0389999999999997	4.011000000000001	3.942	4.112	2.324	3.8179999999999996	2.7620000000000005
6.83909	9.173000000000002	4.6579999999999995	4.496	2.7430000000000003	6.161	4.231	2.9459999999999997	6.006999999999998	1.6099999999999994	2.904	3.1449999999999996	7.401999999999999	3.7439999999999998	5.349000000000002	1.8610000000000007	5.622	3.5020000000000007	4.432	3.001999999999999	4.275000000000002	7.856000000000002	2.5810000000000013	3.5470000000000006	6.295	4.224	3.5009999999999994	1.0220000000000002	4.965	2.1189999999999998	3.6069999999999993	2.0519999999999996	7.77	5.283000000000001	5.384	3.979000000000001	4.865	4.280000000000001	3.415000000000001	1.2220000000000013	2.8469999999999995	4.007	2.388	4.336	3.8870000000000005	4.103999999999999	1.815999999999999	3.953999999999999	3.0410000000000004
7.00582	7.181000000000001	4.427999999999999	3.9080000000000013	2.773999999999999	6.741999999999999	4.191000000000001	2.1660000000000004	5.586	1.7599999999999998	3.0779999999999994	3.462999999999999	7.339999999999998	3.2270000000000003	5.238999999999999	1.7720000000000002	4.7010000000000005	3.367000000000001	5.465	2.4369999999999994	5.574000000000002	7.532	2.349	3.0540000000000003	5.183999999999999	4.0649999999999995	3.008000000000001	1.173	4.972999999999999	2.173	3.2569999999999997	2.081999999999999	6.349	3.860999999999999	5.4879999999999995	3.343	4.612	4.336	2.0869999999999997	1.3480000000000008	3.6179999999999986	3.610000000000001	2.801	3.152000000000001	3.0120000000000005	3.3729999999999993	1.8229999999999986	3.889999999999999	3.3579999999999988
7.1724	7.126000000000001	4.382	3.7230000000000008	2.4510000000000005	6.764000000000001	4.575000000000001	2.154	5.087999999999999	1.9339999999999993	3.2009999999999987	2.8019999999999996	7.142999999999999	3.5649999999999995	5.025	1.8089999999999993	4.323	3.205	4.847000000000001	2.587999999999999	4.674000000000003	5.742000000000001	2.1210000000000004	2.6799999999999997	5.8740000000000006	3.8070000000000004	2.777000000000001	1.0329999999999995	4.736000000000001	2.208	2.692	1.6150000000000002	8.46	4.317	5.486000000000001	3.2780000000000005	3.7769999999999992	4.006	1.8339999999999996	1.2650000000000006	4.142999999999999	2.995000000000001	2.353999999999999	3.181000000000001	2.898999999999999	3.7329999999999988	1.6869999999999994	2.847999999999999	3.600999999999999
7.33916	8.264	4.421999999999999	3.2140000000000004	2.4399999999999995	4.996	4.329000000000001	3.0709999999999997	5.388999999999999	2.0909999999999993	3.501999999999999	2.530999999999999	6.328999999999999	3.3419999999999987	4.446	1.892999999999999	4.3149999999999995	2.649000000000001	4.078000000000001	2.4589999999999996	4.459000000000003	5.902000000000001	1.9909999999999997	2.790000000000001	5.225	3.846	2.2200000000000006	1.1440000000000001	4.443000000000001	2.3870000000000005	2.349	1.6760000000000002	7.172000000000001	3.2620000000000005	5.170000000000002	3.221	3.650999999999998	3.7360000000000007	1.8949999999999996	1.6340000000000003	3.6359999999999992	3.296000000000001	2.4159999999999986	3.7439999999999998	3.08	2.9639999999999986	1.7009999999999987	2.862	4.020999999999999
7.50586	7.318000000000001	4.880000000000001	3.2430000000000003	2.2780000000000005	6.215999999999999	4.453000000000001	2.599	4.3469999999999995	2.1910000000000007	4.007	2.4159999999999986	6.072999999999999	3.2279999999999998	4.618	1.991999999999999	4.558	2.844000000000001	4.916	2.4159999999999986	4.014000000000003	5.359999999999999	2.115	2.889000000000001	4.802	3.851000000000001	2.2010000000000005	1.125	4.020000000000001	2.606	1.8059999999999992	1.6809999999999992	7.4879999999999995	3.91	4.795000000000002	3.107000000000001	3.6569999999999983	3.9080000000000013	1.6850000000000005	1.8290000000000006	3.0699999999999985	3.1820000000000004	1.9930000000000003	3.2010000000000005	2.3949999999999996	3.183	1.8010000000000002	2.7959999999999994	4.311999999999999
7.6725	7.651	4.279999999999999	2.5200000000000014	2.173	4.972000000000001	4.996	2.2330000000000005	3.84	2.4700000000000006	4.264999999999999	2.193999999999999	5.712999999999999	2.888	4.995000000000001	1.9830000000000005	3.741999999999999	2.814	4.601000000000001	2.3369999999999997	3.683	4.904	1.6300000000000008	2.715	4.606	4.0120000000000005	2.0020000000000007	1.3580000000000005	4.062000000000001	2.978999999999999	1.8699999999999992	1.577	5.698999999999998	3.5700000000000003	4.004	3.1950000000000003	3.0329999999999995	3.9730000000000008	1.439	2.083	3.3019999999999996	3.271000000000001	2.0809999999999995	2.933	2.6739999999999995	2.866999999999999	2.0809999999999995	2.764999999999999	4.8309999999999995
7.83917	6.265000000000001	4.469999999999999	2.333	1.9160000000000004	5.8050000000000015	5.2570000000000014	2.024000000000001	4.674999999999999	2.615	4.668000000000001	2.1739999999999995	5.449	2.8419999999999987	5.421999999999999	2.1310000000000002	3.577	2.792	4.221	2.0549999999999997	3.317	4.474	1.6110000000000007	2.266	4.629999999999999	3.7029999999999994	1.8629999999999995	1.3580000000000005	3.681000000000001	3.077	2.016	1.2720000000000002	5.744	3.2859999999999996	3.4570000000000007	3.221	3.199	3.189	1.609	2.324	2.5649999999999995	2.891	2.0119999999999987	2.9109999999999996	2.8659999999999997	2.273999999999999	2.462999999999999	2.7430000000000003	5.211
8.00587	5.747	4.619999999999999	2.106	2.1180000000000003	6.978	5.430999999999999	1.987	4.327	2.885	5.15	1.8039999999999985	4.362	3.042	5.571	2.189	3.1820000000000004	2.825000000000001	3.6110000000000007	1.9459999999999997	3.367000000000001	4.173	1.455	2.1340000000000003	3.757999999999999	3.949	1.9690000000000012	1.4849999999999994	3.737	3.372	2.2639999999999993	1.4009999999999998	6.605999999999998	2.5809999999999995	3.085000000000001	3.492000000000001	3.2779999999999987	3.388	1.620000000000001	2.6910000000000007	2.264999999999999	3.375	2.2589999999999986	2.9909999999999997	2.8279999999999994	2.1639999999999997	2.898999999999999	2.799999999999999	5.7170000000000005
8.17251	5.239000000000001	4.657	1.8790000000000013	2.1519999999999992	5.089	5.445000000000002	1.9260000000000002	3.5540000000000003	3.064	5.807	1.7429999999999986	4.1850000000000005	2.9349999999999987	6.061999999999999	2.270999999999999	2.789999999999999	3.146000000000001	3.933	1.7189999999999994	3.575000000000003	3.7810000000000006	1.561	1.9779999999999998	3.676	3.6289999999999996	2.0039999999999996	1.8309999999999995	4.297000000000001	3.7170000000000005	2.584999999999999	1.6029999999999998	6.122	2.4269999999999996	2.883000000000001	3.5040000000000013	3.552999999999999	3.4480000000000004	1.5359999999999996	3.1310000000000002	2.1099999999999994	3.2219999999999995	2.5089999999999986	3.4080000000000013	2.9109999999999996	2.0329999999999995	3.6019999999999985	3.1210000000000004	6.206999999999999
8.3393	4.992000000000001	5.171999999999999	2.0150000000000006	2.3119999999999994	5.890000000000001	5.769	1.9440000000000008	3.167	3.3179999999999996	6.107000000000001	1.783999999999999	3.914999999999999	3.283999999999999	6.456999999999999	2.3599999999999994	2.924999999999999	3.0440000000000005	3.9730000000000008	1.737	3.3740000000000023	3.5600000000000005	1.7680000000000007	2.043000000000001	3.334999999999999	3.883000000000001	2.2590000000000003	1.7759999999999998	4.242000000000001	4.161999999999999	2.9819999999999993	1.9049999999999994	5.209	2.347999999999999	2.519	3.782	3.545	2.5839999999999996	1.7430000000000003	3.5519999999999996	1.959999999999999	3.2140000000000004	2.763	3.662000000000001	3.356	2.049999999999999	4.188999999999998	3.2569999999999997	6.982999999999999
8.50588	4.7719999999999985	5.380000000000001	2.130000000000001	2.4269999999999996	5.718	6.073000000000002	2.011000000000001	2.757999999999999	3.694000000000001	6.837999999999999	2.0169999999999995	3.8859999999999992	3.350999999999999	6.950000000000001	2.5700000000000003	2.8260000000000005	3.324	3.492000000000001	1.827	2.7010000000000005	3.578000000000001	1.5259999999999998	1.9910000000000014	3.520999999999999	4.186999999999999	2.540000000000001	2.2699999999999996	4.4510000000000005	4.609	3.571999999999999	2.115	5.012999999999998	2.2959999999999994	2.3710000000000004	4.205	3.8249999999999975	2.7940000000000005	1.9760000000000009	4.118	2.097999999999999	2.995000000000001	3.115	3.942	3.9209999999999994	2.3069999999999986	4.801	3.6319999999999997	7.833
8.67263	4.693000000000001	5.656999999999998	2.3369999999999997	2.6579999999999995	5.329000000000001	6.491000000000001	1.9809999999999999	2.7509999999999994	4.042	7.612	2.0109999999999992	3.8789999999999996	3.485999999999999	7.107000000000001	2.7769999999999992	2.5809999999999995	3.8870000000000005	3.152000000000001	1.939	2.168000000000003	3.8320000000000007	1.9480000000000004	2.341000000000001	3.655999999999999	4.441000000000001	3.1029999999999998	2.6179999999999986	4.276	5.0280000000000005	3.849	2.3209999999999997	4.552999999999999	1.8379999999999992	2.2219999999999995	4.507	4.124999999999998	2.8580000000000005	2.183	4.656000000000001	2.0199999999999996	2.774000000000001	3.6769999999999996	4.148	4.246	2.3709999999999987	5.647	4.123999999999999	8.441
8.8394	4.343999999999999	5.781999999999998	2.7750000000000004	2.8819999999999997	4.767000000000001	7.3759999999999994	2.253	2.9749999999999996	4.596	7.947999999999999	2.139999999999999	3.530999999999999	3.9689999999999994	7.943	3.119999999999999	2.6630000000000003	4.085000000000001	3.162000000000001	2.0919999999999987	1.9570000000000007	3.769	2.101000000000001	2.5410000000000004	3.4979999999999993	5.018000000000001	3.3970000000000002	3.0040000000000013	4.474	5.487	4.545999999999999	2.83	4.084999999999999	2.203999999999999	2.16	5.298	4.392999999999999	2.583	2.5730000000000004	5.305	1.9339999999999993	2.498000000000001	4.206999999999999	4.7490000000000006	4.349	2.5220000000000002	6.507	4.748999999999999	9.275
9.00596	3.859	6.656000000000001	2.8550000000000004	2.9139999999999997	6.255000000000001	7.515000000000002	2.3550000000000004	3.030999999999999	5.015000000000001	9.066999999999998	2.5519999999999996	3.7799999999999994	3.958	8.655	3.3889999999999993	3.0749999999999993	5.001999999999999	3.0999999999999996	2.456999999999999	2.362000000000002	4.091000000000001	2.394	2.811	3.1049999999999986	5.556000000000001	4.050000000000001	3.2830000000000013	4.726000000000001	6.025	5.439999999999998	3.0540000000000003	3.933	2.0700000000000003	2.2409999999999997	6.193000000000001	5.122999999999999	2.6630000000000003	3.059000000000001	5.963000000000001	2.062999999999999	2.651	4.7219999999999995	5.240000000000002	4.838000000000001	2.9849999999999994	7.909000000000001	5.287000000000001	10.133000000000001
9.17271	3.8640000000000008	7.6259999999999994	3.245000000000001	3.4239999999999995	6.233000000000002	8.508000000000001	2.628	3.3979999999999997	5.492000000000001	9.626	3.013	3.811	4.366999999999999	9.431	3.850999999999999	2.801	5.312999999999999	3.2040000000000006	2.5619999999999994	2.2120000000000033	4.333	2.974	3.2010000000000005	3.138	6.080000000000002	4.673	3.8290000000000006	5.323	6.882	6.3919999999999995	3.725999999999999	3.1069999999999993	2.1999999999999993	2.298	6.93	5.714999999999998	2.151	3.375	6.295999999999999	2.356	2.849	5.792	5.882999999999999	5.530000000000001	3.016	9.110999999999999	6.191000000000001	11.048
9.33934	3.51	8.342	3.6270000000000007	3.757999999999999	5.9990000000000006	8.962000000000002	2.726000000000001	3.565999999999999	6.2059999999999995	10.508000000000001	3.0869999999999997	3.741999999999999	4.963000000000001	10.360000000000001	4.161999999999999	2.8979999999999997	5.530000000000001	3.231	2.991999999999999	2.2390000000000008	4.621	3.0950000000000006	3.7720000000000002	3.424999999999999	6.795000000000002	5.411999999999999	4.5440000000000005	5.753	7.502000000000001	7.771000000000001	4.2509999999999994	3.1099999999999994	1.561	2.561	7.786999999999999	6.502000000000001	2.2010000000000005	4.279	7.4140000000000015	2.8809999999999985	3.112	6.4350000000000005	6.905999999999999	6.338999999999999	3.564	10.586	6.929	12.024
9.50606	3.3439999999999994	8.673999999999998	4.149000000000001	4.256	5.168000000000001	9.556	3.224	3.9930000000000003	6.705000000000002	11.409999999999998	3.6799999999999997	4.003	5.887999999999998	10.834999999999999	4.731	3.2300000000000004	6.265000000000001	3.6580000000000013	3.4659999999999993	2.785	4.977	3.5700000000000003	4.366000000000001	3.567	7.626000000000001	6.312999999999999	5.5169999999999995	6.4879999999999995	8.095	8.791	4.963000000000001	2.539999999999999	1.4659999999999993	2.917	9.187000000000001	7.545999999999998	2.1530000000000005	4.801000000000002	8.126000000000001	3.212999999999999	3.6580000000000013	7.693	7.760000000000002	6.695	4.061999999999999	12.508000000000001	8.092	13.353
9.67278	3.2360000000000007	9.638	4.681000000000001	4.622999999999999	5.202	10.662	3.684000000000001	4.478	7.5489999999999995	12.447000000000001	4.045999999999999	4.677999999999999	6.422999999999998	11.586	5.359	3.3580000000000005	6.942	3.953000000000001	3.9509999999999987	2.6560000000000024	5.533999999999999	4.411	4.899000000000001	3.933	8.779	7.061	5.838999999999999	7.1419999999999995	8.963	10.04	5.829000000000001	3.0249999999999986	1.616999999999999	3.2119999999999997	9.841999999999999	8.51	2.162000000000001	5.667000000000002	9.065999999999999	3.6979999999999986	4.405000000000001	8.466	8.818000000000001	7.5859999999999985	4.976000000000001	14.281999999999998	9.458999999999998	14.534
9.83943	3.0150000000000006	9.839999999999998	5.053000000000001	5.09	4.838000000000001	11.055000000000001	4.223000000000001	4.968999999999999	8.251000000000001	13.240999999999998	4.702999999999999	5.287000000000001	6.626999999999999	13.022	5.849	3.683	7.431000000000001	4.182	4.798	3.168000000000003	5.929000000000002	4.949	5.389000000000001	4.163	9.835999999999999	8.190999999999999	7.015000000000001	8.224	10.020999999999999	12.402999999999999	6.579999999999998	2.5429999999999993	1.4689999999999994	3.8450000000000006	12.181000000000001	9.258000000000001	2.013	6.559999999999999	9.839000000000002	4.379	4.848000000000001	9.642999999999999	9.663	8.858	5.441999999999998	16.214999999999996	10.801	15.374999999999998
10.00607	2.777000000000001	11.075000000000001	5.504000000000001	5.73	4.601000000000001	12.075000000000001	4.864000000000001	5.657	9.033999999999999	14.665000000000001	5.486000000000001	5.193	7.789999999999999	13.473	6.608999999999998	4.205	8.475999999999999	5.464000000000002	5.129999999999999	3.761000000000003	6.760000000000002	5.780000000000001	6.5280000000000005	4.542999999999999	10.762	9.758	8.082999999999998	8.936	11.017000000000001	13.873999999999999	7.3629999999999995	2.3529999999999998	1.491999999999999	4.295999999999999	15.219000000000001	9.993999999999998	2.1560000000000006	7.984999999999999	11.547	5.304	5.892000000000001	11.185999999999998	11.395	9.213999999999999	6.2490000000000006	17.924	11.964	16.964999999999996
10.17284	2.9909999999999997	11.833999999999998	6.7620000000000005	6.181000000000001	4.316000000000001	13.096000000000002	5.339	6.463999999999999	9.864999999999998	15.211	6.151	5.619999999999999	8.099	14.85	7.416	4.869999999999999	9.164000000000001	5.844000000000001	6.056000000000001	4.117000000000001	7.234000000000002	6.611000000000001	7.359	4.969999999999999	12.02	10.969000000000001	8.937999999999999	9.838000000000001	12.086	15.416999999999998	8.573	2.234	1.4689999999999994	4.841999999999999	16.192	11.466	1.966000000000001	8.792000000000002	12.616	6.087999999999999	6.343000000000002	12.562	13.579	10.52	7.554	20.914	14.1	18.603
10.33948	2.9350000000000005	12.831999999999999	7.5169999999999995	7.006	3.7140000000000004	13.501	6.234000000000002	7.193999999999999	11.027000000000001	17.116	7.143000000000001	5.946	8.95	15.708	8.218	5.551	10.896	6.574000000000002	6.952999999999999	5.09	7.942	7.698	8.590000000000002	5.984	12.994	13.058	10.576999999999998	11.262	13.415999999999999	18.391	10.091000000000001	2.1529999999999987	1.7189999999999994	5.833000000000002	19.76	13.344	2.1449999999999996	10.618000000000002	14.208000000000002	6.961999999999998	7.644	14.464	15.838000000000001	11.683	8.072999999999999	23.515	16.194000000000003	20.034999999999997
10.50615	2.8360000000000003	13.592999999999998	8.739	7.518999999999998	3.6400000000000006	15.304	6.818999999999999	8.11	12.384	18.317999999999998	8.175999999999998	6.482999999999999	10.288	16.630000000000003	9.322	5.877000000000001	12.087	7.679000000000002	7.843	5.450000000000003	9.139	8.754000000000001	10.165000000000001	6.1899999999999995	14.774999999999999	14.91	12.072	12.286000000000001	14.816999999999998	20.896	12.280000000000001	2.126999999999999	1.814	6.773	20.746000000000002	15.167999999999997	2.144	11.786000000000001	16.153	7.8740000000000006	8.959999999999999	16.714999999999996	16.830000000000002	13.323	9.862	27.17	18.798000000000002	21.589
10.67286	2.9779999999999998	14.589	9.972999999999999	8.468	3.474	16.372	7.8629999999999995	9.224	13.309000000000001	19.598999999999997	9.195	6.862	10.738	17.721000000000004	10.389	6.113999999999999	12.988	8.604	9.550999999999998	6.684000000000001	10.064	10.603000000000002	11.185	7.019999999999998	15.439	16.689	13.210999999999999	14.349	15.813	22.697999999999997	13.442	2.411999999999999	1.9559999999999995	7.792999999999999	23.307	16.188000000000002	2.548	13.517	18.002	9.013	9.766	19.015	19.818	14.343	10.62	30.253	21.192999999999998	23.083
10.83951	3.061	15.822000000000001	11.068000000000001	9.399999999999999	3.154	16.798000000000002	9.032	10.344999999999999	15.206	21.040999999999997	10.576	8.363000000000001	12.52	19.450000000000003	11.626999999999999	7.212999999999999	14.697	9.843	10.835999999999999	7.468	10.496000000000002	11.129999999999999	12.635	7.786	17.312	18.324	14.988	15.489	17.804000000000002	26.910999999999998	15.457999999999998	2.4239999999999995	2.1579999999999995	8.841999999999999	26.382	19.054000000000002	2.4890000000000008	16.102	19.849	10.274	11.004	20.884	22.942999999999998	16.69	12.283	32.515	23.819000000000003	24.594
11.00616	3.037000000000001	17.552	12.536999999999999	10.678999999999998	3.154	18.67	10.074000000000002	10.866	16.154	22.842	12.021	9.098	14.297	19.947000000000003	13.166999999999998	7.970999999999998	16.569	10.91	12.091999999999999	9.222000000000001	12.273	13.760000000000002	14.934	8.970999999999998	17.833000000000002	21.427000000000003	16.765	17.171	19.415999999999997	33.071	17.804	2.519	2.513	10.382000000000001	30.339000000000002	21.660000000000004	2.915000000000001	18.756	22.195000000000004	11.482999999999999	13.610000000000001	23.964999999999996	25.407000000000004	18.515	14.321	36.045	25.596000000000004	27.153
11.17287	3.1869999999999994	19.037	14.422	11.661999999999999	3.2560000000000002	19.397	11.247	13.058	17.472	24.186999999999998	13.503	10.531	14.95	21.243000000000002	14.364	8.999999999999998	18.456	12.343	13.479	10.302000000000003	13.542000000000002	15.148	16.843000000000004	9.691999999999998	20.977	23.529999999999998	18.630000000000003	19.912	20.805999999999997	33.995000000000005	19.786	2.644	2.8759999999999994	11.982	32.611999999999995	22.579	3.136000000000001	20.621	24.180000000000003	13.272999999999998	14.002	26.732999999999997	26.729999999999997	20.972	16.799999999999997	35.525	28.981	27.742000000000004
11.33958	3.4299999999999997	19.591	16.67	13.068000000000001	3.053000000000001	20.826999999999998	12.772000000000002	14.695999999999998	19.26	25.341	15.846999999999998	12.197000000000001	16.651	23.14	15.975999999999999	10.034	20.195	13.793	15.823	11.951	14.916	17.819	18.753	11.362	22.166	27.264999999999997	20.384999999999998	22.378999999999998	22.870999999999995	35.644000000000005	23.058	2.984	3.4049999999999994	13.549	36.417	26.028	3.357000000000001	23.795	26.992	15.046999999999999	16.462000000000003	29.275	30.313000000000002	22.301000000000002	18.470999999999997	34.046	32.039	29.928000000000004
11.50631	3.4770000000000003	20.515	18.701	15.329	3.003	21.657000000000004	14.204	17.529	21.131	27.931999999999995	18.375	13.251	18.66	25.301000000000002	17.531	11.912999999999998	21.805999999999997	15.843	17.617	13.394000000000002	17.348	20.278	21.759	12.793000000000001	24.773999999999997	30.474	22.853	24.255000000000003	25.361999999999995	36.663	25.219	3.1959999999999997	3.853999999999999	15.931999999999999	40.61	29.072000000000003	3.9000000000000004	25.862000000000002	29.323000000000004	16.674999999999997	18.352000000000004	34.216	34.427	24.816000000000003	20.957	31.323999999999998	36.368	31.910000000000004
11.6729	3.5980000000000008	21.654000000000003	20.458000000000002	16.737	3.008000000000001	23.031000000000006	16.322	19.24	23.025	29.531999999999996	20.273	15.203999999999999	19.872	25.18	19.692	13.703000000000001	25.284	17.888	20.178	15.953000000000003	18.893	22.386999999999997	25.142000000000003	14.676	27.822999999999997	31.906000000000002	25.025	26.972	28.031999999999996	33.287000000000006	27.225	3.411999999999999	4.259	17.691	37.016999999999996	31.402	4.164	28.081000000000003	31.987	19.378999999999998	21.076999999999998	36.376	37.13	28.006	22.732	32.067	38.005	33.175000000000004
11.83957	3.8320000000000007	23.380000000000003	23.153000000000002	19.212	3.1450000000000014	24.333000000000006	18.158	21.957	24.659	31.483999999999995	22.730999999999998	16.991999999999997	23.182000000000002	26.863	21.107	15.133000000000001	26.660000000000004	19.798000000000002	22.423	17.585	20.876	25.7	26.991	16.439999999999998	28.374	37.577	27.067999999999998	29.582	29.931999999999995	29.489	32.085	3.9770000000000003	4.99	19.081	32.678	34.849000000000004	5.1080000000000005	31.545	35.290000000000006	21.695	25.1	39.354	41.672	31.445999999999998	25.006	31.181000000000004	33.503	34.822
12.00634	4.061	24.83	25.573000000000004	21.493	3.5170000000000012	24.977000000000004	19.777	24.708999999999996	27.362000000000002	32.620999999999995	25.577	19.463	25.744	27.53	23.101999999999997	16.682000000000002	29.764000000000003	22.693	25.459	19.342	23.841	27.788	29.291000000000004	18.887	31.288	39.870999999999995	29.839	32.259	32.419	30.438	35.376	4.2059999999999995	5.8580000000000005	22.732999999999997	32.443	37.238	5.667999999999999	36.137	36.568	23.830999999999996	26.619999999999997	38.381	40.177	33.506	27.873999999999995	32.271	32.51	36.123000000000005
12.173	4.285	26.489000000000004	28.913	23.598999999999997	3.668000000000001	27.109	23.231	25.68	29.424999999999997	34.049	29.368	21.592	29.156	30.138000000000005	25.445999999999998	18.121000000000002	33.416000000000004	24.137000000000004	29.130999999999997	21.854	24.86	31.011999999999997	34.339000000000006	21.394	32.43000000000001	39.196	31.573999999999998	35.036	35.172	31.769000000000002	37.421	4.998000000000001	6.579999999999998	24.698999999999998	33.491	39.57	6.650000000000002	38.088	32.31400000000001	27.763999999999996	29.345999999999997	34.437	36.992	36.332	31.381999999999998	32.728	32.161	36.772
12.33968	4.582000000000001	26.698999999999998	32.105000000000004	26.889000000000003	3.753	29.686	25.22	30.293999999999997	32.332	35.839	31.374999999999996	24.149	29.506999999999998	30.725	27.93	21.249000000000002	35.681	28.799000000000003	30.429	25.282000000000004	26.941000000000003	34.81700000000001	37.858000000000004	22.672999999999995	37.086	32.985	34.832	37.513	38.052	31.882	38.902	5.341999999999999	7.68	28.814999999999998	33.816	39.392	7.584	37.297	30.580000000000002	28.516999999999996	31.116	34.619	36.509	39.446	32.915	32.39	33.22	39.058
12.50634	4.763000000000002	27.697000000000003	34.093	28.502000000000002	3.9590000000000014	30.091	28.395000000000003	32.946	35.005	36.808	35.824	25.668	32.442	30.916000000000004	29.092999999999996	22.391999999999996	39.252	30.480999999999998	33.435	27.294000000000004	29.594	36.614000000000004	39.441	25.494999999999997	38.788	33.955	37.859	40.019	40.983	32.522000000000006	34.713	6.492000000000001	8.593	32.177	34.479	37.78	9.042000000000002	33.014	29.730999999999998	31.192999999999998	34.973	34.571	35.136	39.538	37.550999999999995	32.887	33.481	39.103
12.67302	5.244	29.35	38.589	30.982999999999997	3.9430000000000014	31.769000000000005	30.71	35.713	36.994	38.466	37.173	29.521	36.748	32.666000000000004	31.384999999999998	25.248999999999995	41.1	32.727000000000004	38.262	31.033	32.716	39.266000000000005	36.012	27.833	39.641999999999996	34.215	40.441	38.412	41.269999999999996	32.19	32.631	7.282	10.07	32.933	32.254000000000005	35.818	9.738	32.162	30.154	33.605	36.961	34.406	36.225	38.381	39.707	34.425000000000004	33.291000000000004	40.549
12.8398	5.587	29.283	39.215	35.724	4.094000000000001	32.722	33.793	38.066	39.656	39.14	39.43299999999999	30.283	40.002	33.075	33.995	27.759999999999998	40.094	35.504000000000005	38.438	31.066000000000003	34.735	35.227000000000004	33.534	30.275	40.861000000000004	34.245999999999995	41.355	37.333	38.512	32.977000000000004	31.878999999999998	8.099999999999998	10.794999999999998	37.013	34.343999999999994	37.699	11.386	32.286	30.964000000000002	35.271	40.522999999999996	35.219	36.779	36.947	40.144999999999996	34.055	32.966	41.721000000000004
13.00643	5.9780000000000015	30.935000000000002	35.346999999999994	37.017	4.392000000000001	33.378	35.467	39.429	41.183	39.885999999999996	37.315	33.236000000000004	41.127	34.228	36.071	30.076	38.118	39.04600000000001	37.244	33.991	36.549	33.894000000000005	31.800000000000004	32.518	37.108999999999995	34.120999999999995	40.441	36.329	37.223	34.107	31.021	9.767	11.963000000000001	39.299	34.596999999999994	37.073	12.744	33.511	31.077	38.906	43.446	35.305	36.272	36.867	42.05	33.597	33.882	41.614000000000004
13.17315	6.362000000000002	31.932000000000002	33.337	37.914	4.708	34.089000000000006	36.885	34.767	41.435	41.108999999999995	34.239000000000004	38.463	36.533	34.488	38.387	31.098	36.46	39.751000000000005	33.908	36.775	40.637	31.011	32.843	34.672	36.28	35.373999999999995	38.99	35.098	36.37	33.28	33.2	10.809000000000001	13.570999999999998	39.908	35.376999999999995	36.17	14.350999999999999	32.637	30.916	41.762	46.037	35.138	38.091	38.046	45.705999999999996	34.258	33.434000000000005	41.914
13.3398	6.754000000000001	32.713	32.417	34.96	4.961	33.924	35.160000000000004	33.114	39.612	41.696	33.531000000000006	39.17	35.753	35.835	40.725	35.708	37.049	37.43300000000001	34.074	39.984	40.091	32.667	31.875	37.083	37.673	35.209	37.285	35.004	35.992	34.179	34.146	12.096999999999998	15.378	37.212	35.778999999999996	37.563	15.59	32.827	31.320000000000004	44.12	46.620999999999995	35.232	36.766	36.58	47.282999999999994	35.156	34.38	42.099000000000004
13.50658	7.260000000000002	32.381	33.455	33.966	5.181000000000001	33.475	32.961	31.954	38.977	42.268	32.679	39.976	36.699	35.079	39.995	35.708	37.287	34.857	34.120999999999995	43.347	38.013	32.524	32.678000000000004	40.086	36.492000000000004	35.28	37.879	36.493	36.678	33.468999999999994	33.058	13.622	16.668	34.897	35.92100000000001	37.518	17.235	33.748	31.956	45.213	46.461999999999996	36.035999999999994	37.358	36.888	45.138	35.322	36.247	43.096000000000004
13.67318	7.709	32.239000000000004	33.928	32.099	5.370000000000001	34.609	32.654	32.852	38.386	42.244	33.034000000000006	43.995000000000005	36.77	35.056000000000004	38.528999999999996	39.775	38.162	35.708	33.31699999999999	43.276	37.115	31.791	34.191	42.638999999999996	37.414	35.989000000000004	37.524	36.801	37.434	33.989000000000004	34.193	14.71	18.346	34.424	36.70099999999999	37.092	18.771	34.173	32.027	43.582	46.32	36.178	38.162	37.101	46.461999999999996	35.771	35.491	43.522
13.83983	8.341000000000001	33.494	34.355000000000004	32.694	5.818000000000001	34.303000000000004	33.555	31.817999999999998	38.804	43.931	34.617999999999995	44.358000000000004	36.813	35.716	38.265	41.869	37.519	35.495000000000005	34.617999999999995	46.699	35.647	32.527	33.318000000000005	43.643	37.104	36.69500000000001	38.838	36.443	37.785	33.188	33.957	16.322	20.448999999999998	34.848	37.43000000000001	38.432	20.874	34.811	32.81100000000001	42.504999999999995	46.656	36.553	38.935	38.749	47.293	35.485	35.419000000000004	43.555
14.00647	8.989	33.871	34.307	33.142	6.228	36.641000000000005	33.153	35.453	39.657000000000004	44.218999999999994	34.5	46.866	36.649	37.228	38.101	43.809	38.56	35.42400000000001	35.161	46.94500000000001	37.207	32.644000000000005	34.357	45.937999999999995	39.018	35.657	39.007	36.373	38.329	34.367999999999995	33.792	18.272	21.953000000000003	35.416	36.44	38.246	22.26	34.622	33.069	42.367	46.733	36.129	40.0	39.105	45.599	35.675000000000004	36.529	44.032000000000004
14.17325	9.855	34.516	34.528000000000006	33.245	6.671000000000001	35.326	33.586	33.667	39.143	44.766999999999996	34.035	47.862	37.247	36.031	38.462	47.26	38.755	36.352999999999994	33.846999999999994	49.283	38.606	34.282	34.412	48.916999999999994	37.702	37.340999999999994	39.413	38.364	38.147	35.792	34.13	19.655	22.909999999999997	35.211	36.872	37.945	24.869000000000003	34.843	33.102000000000004	42.939	46.878	37.150999999999996	38.259	41.26	47.019	36.225	36.324	44.792
14.3398	10.18	33.753	34.093999999999994	33.613	7.134000000000002	35.838	32.348	33.586	40.108	44.626	36.105999999999995	52.591	36.863	36.213	39.047	47.972	40.263	36.322	35.681	50.569	37.586	34.462	35.349000000000004	47.692	38.075	37.312	40.026	38.123	39.275999999999996	33.965999999999994	34.807	21.856	25.68	35.912	36.818	39.808	26.483	35.213	34.013999999999996	43.388	47.047	37.617999999999995	39.2	39.557	45.818	36.975	36.27	45.786
14.50653	10.716000000000001	35.013	34.976	34.802	7.766	37.499	34.766	34.729	40.61	45.623	35.617999999999995	49.498000000000005	39.278999999999996	36.575	39.031	48.329	39.56	36.613	35.381	49.05800000000001	38.632	35.628	34.742000000000004	51.9	39.31	36.44500000000001	40.622	39.169000000000004	39.211999999999996	34.163	35.524	23.497999999999998	26.823999999999998	36.841	38.290000000000006	38.491	28.053	35.646	34.14	43.085	48.16	38.263	39.395	40.295	47.214999999999996	37.1	36.395	45.388
14.67327	11.539000000000001	35.194	36.504999999999995	34.699	8.467	37.541000000000004	34.734	35.075	40.773	45.649	37.762	48.226	39.678	38.578	39.403999999999996	49.68	40.313	37.93000000000001	35.611000000000004	50.345	39.573	35.644000000000005	36.673	50.89	39.093	36.864000000000004	41.473	39.07	40.105999999999995	34.415000000000006	34.76	25.537	27.991999999999997	35.677	38.947	39.622	29.504	36.869	35.006	44.149	47.408	37.739	40.739	41.616	46.817	37.001	36.436	45.626000000000005
14.84	12.558	35.578	35.991	35.558	8.738999999999999	37.898	35.027	35.602	41.571	45.208999999999996	36.206999999999994	49.719	40.147999999999996	38.036	40.136	51.123999999999995	40.145	37.107	36.465999999999994	49.036	38.935	35.58	36.229	50.254	40.107	37.387	41.156	39.565	40.293	34.848	36.986	27.143	28.555	36.366	37.885999999999996	39.523	30.632	36.707	34.943	45.151999999999994	47.533	38.635999999999996	40.192	40.265	47.224999999999994	36.459	37.479	46.415
15.00674	13.527000000000001	35.296	35.873999999999995	36.196	9.395999999999999	38.42	36.254	36.004	41.673	46.047999999999995	36.539	50.467	38.405	38.512	40.046	51.896	40.907000000000004	37.086	37.388999999999996	48.113	38.986	36.266000000000005	36.608000000000004	52.396	39.900000000000006	38.215999999999994	42.134	39.901	40.888999999999996	36.596000000000004	36.658	28.694000000000003	28.525	37.266	37.156000000000006	40.805	32.092	37.394	35.699	43.888	49.79	38.641	42.111	42.775	47.9	36.226	36.986000000000004	46.120000000000005
15.17328	14.056999999999999	35.201	37.55	36.314	10.047000000000002	38.608000000000004	35.215	35.484	42.897	47.269	38.781000000000006	50.364000000000004	40.103	38.014	40.516	51.085	41.092	37.793000000000006	37.010000000000005	49.803	40.283	37.257000000000005	36.159	49.931999999999995	40.063	37.412000000000006	42.53	39.095	41.239999999999995	34.777	37.27	30.302999999999997	28.598999999999997	38.681	37.43900000000001	41.038000000000004	31.857000000000003	37.534	35.958	45.607	48.177	38.992999999999995	41.588	41.496	49.073	38.160000000000004	37.575	45.831
15.34003	15.530000000000001	35.855000000000004	37.566	37.086	10.503000000000002	39.971000000000004	36.412	35.925	42.821	46.556999999999995	37.334	50.928000000000004	40.357	39.330000000000005	40.486	51.766999999999996	41.96	39.745999999999995	37.144999999999996	48.905	40.230000000000004	37.343999999999994	36.199000000000005	53.117	40.245999999999995	38.986999999999995	42.62	40.152	41.683	36.233999999999995	37.216	31.380000000000003	28.613	38.58	38.211	41.269	31.73	38.212	36.233999999999995	45.696999999999996	49.732	39.577	41.039	41.585	49.0	37.54	37.167	46.323
15.50671	16.135	36.494	39.17400000000001	37.11	11.860000000000001	38.555	36.389	37.06	42.991	46.422	37.524	52.425000000000004	40.384	38.718	40.653999999999996	51.067	41.633	39.653999999999996	38.28	50.001999999999995	40.043	37.652	36.578	50.457	41.17	37.831999999999994	43.192	40.415	42.583999999999996	36.233999999999995	37.123	31.496000000000002	29.72	38.228	38.354	40.942	32.91	37.694	36.257999999999996	47.074	48.701	40.076	41.492	42.203	48.535	38.866	37.688	46.376000000000005
15.6734	17.983	36.505	38.709999999999994	37.665	12.448000000000002	39.035000000000004	35.954	37.708	42.94	47.187999999999995	38.995000000000005	52.071	40.245	38.206	41.696	52.745	41.822	39.518	39.443	49.05	40.212	36.837	38.782000000000004	52.065	41.36	38.289	43.56	41.785000000000004	42.23	36.388000000000005	37.274	32.178	29.700000000000003	39.767	38.316	41.813	32.176	38.151	36.295	45.550999999999995	49.415	40.031	42.364	42.885	48.541999999999994	38.798	39.63	46.036
15.84005	19.251	37.043	38.872	37.636	13.093000000000002	38.678000000000004	37.434	38.483	43.983	47.741	39.937	48.947	42.063	39.077000000000005	41.791	50.778	43.17	40.461	39.253	50.864999999999995	40.731	37.162000000000006	38.001000000000005	51.561	42.400000000000006	39.489000000000004	43.781	41.858	43.388999999999996	34.777	38.687	32.663	30.134	40.381	37.69800000000001	42.549	33.84	40.556	36.926	46.763	51.576	40.266999999999996	43.311	43.692	48.861	38.892	38.826	46.964
16.00683	20.203	37.372	38.846000000000004	37.493	14.095	39.927	37.103	37.726	44.096000000000004	47.285999999999994	39.345	52.480000000000004	42.366	38.697	42.118	54.427	42.811	40.19800000000001	39.793000000000006	52.434	41.625	37.822	38.329	53.346	41.31100000000001	38.236000000000004	44.27	40.674	42.936	35.272999999999996	37.835	32.381	30.584000000000003	40.425	39.372	41.576	33.18000000000001	40.246	37.114000000000004	45.317	49.254999999999995	40.146	42.623	43.05	48.122	39.456	39.367000000000004	46.699
16.17345	20.691000000000003	37.113	40.123000000000005	37.4	14.651000000000002	39.410000000000004	37.293	38.011	44.03	46.821	40.456999999999994	53.103	41.945	39.95	41.98	54.296	43.241	40.649	40.292	51.668000000000006	43.139	37.705	38.544000000000004	53.095	41.998999999999995	38.923	44.653999999999996	42.424	43.388999999999996	34.989999999999995	38.687	32.475	31.101999999999997	39.885	39.79900000000001	42.478	33.745999999999995	39.635	38.153999999999996	46.385999999999996	49.853	40.550999999999995	43.595	44.801	51.504999999999995	39.152	39.346000000000004	46.870000000000005
16.34007	22.398000000000003	35.961	39.343999999999994	38.583	15.994000000000002	39.080000000000005	39.583	38.202	44.349	47.227999999999994	40.807	53.193999999999996	43.305	38.346000000000004	42.423	52.924	43.42	41.801	38.687	50.524	42.565	37.614000000000004	39.628	52.644999999999996	43.17100000000001	40.172	44.874	42.606	43.475	35.068	38.097	32.674	30.386000000000003	40.118	39.846000000000004	41.785000000000004	33.614999999999995	39.822	37.92	46.157999999999994	50.538	42.738	42.784	44.106	49.147	40.162	39.439	46.572
16.50673	23.624000000000002	37.762	41.807	39.135	16.814	38.1	39.028	37.127	44.93	47.739999999999995	40.89	52.955	42.517	39.252	43.002	53.486999999999995	43.764	39.974999999999994	40.253	51.891000000000005	43.027	37.458	39.097	54.69299999999999	43.208	38.650999999999996	44.867	42.879	44.786	34.510000000000005	39.31	33.53	31.027	40.814	39.974999999999994	43.874	34.069	40.564	38.778999999999996	46.268	52.184	41.384	44.708	44.05	51.004999999999995	40.01	39.615	46.659
16.67355	24.153	37.853	41.306	39.225	18.058	38.78	40.131	39.269	44.919	47.538	40.271	55.857000000000006	41.237	39.059000000000005	42.877	54.07999999999999	44.697	41.68900000000001	40.342	52.385000000000005	42.83	38.962999999999994	38.952000000000005	54.13099999999999	43.553	39.94200000000001	45.725	42.446	44.611	35.947	38.575	33.507	31.125	42.432	39.051	42.496	34.376999999999995	39.875	38.962999999999994	47.622	54.074	41.659	44.744	45.194	49.951	40.215	39.704	46.552
16.84011	24.515	36.844	40.678	39.75	18.692	40.131	38.676	39.204	46.021	46.897999999999996	41.554	55.04	43.961	39.703	42.888	53.449	44.194	44.129000000000005	40.634	52.257000000000005	44.801	39.748000000000005	39.666000000000004	54.82099999999999	43.495999999999995	39.242000000000004	45.676	42.812	45.144	35.099999999999994	39.171	33.742	32.205	42.987	39.623000000000005	43.266	35.93300000000001	40.874	39.583	47.218999999999994	52.288	42.213	45.161	44.432	51.037	40.862	40.255	46.925000000000004
17.00692	25.583	37.136	42.07899999999999	39.334	19.805	39.384	38.613	38.576	45.677	47.592999999999996	41.587	55.099	43.522	37.847	44.478	54.568999999999996	45.077	42.581	41.516000000000005	52.08	43.63	40.205	40.359	53.794000000000004	42.93900000000001	39.935	45.521	42.821	45.72	35.485	39.841	34.292	31.505000000000003	43.374	40.57599999999999	43.606	36.224000000000004	41.497	39.238	48.055	52.417	42.293	44.557	45.976	49.632	41.344	41.491	47.218
17.17356	27.622	36.34	40.456999999999994	39.741	21.022	40.641000000000005	41.05	39.361	45.586	47.288999999999994	42.3	53.047000000000004	43.714999999999996	38.75	43.775	56.457	45.222	43.766000000000005	41.638999999999996	55.429	44.555	39.032	41.756	56.602	44.619	39.729	46.302	43.298	46.597	34.974000000000004	39.823	34.914	31.844	42.907000000000004	39.072	45.497	35.900999999999996	41.997	40.587999999999994	48.410999999999994	53.05499999999999	42.299	45.34	45.06	52.135	40.971000000000004	41.661	47.174
17.34026	27.266	37.899	42.456	39.412	22.092999999999996	39.861000000000004	39.823	39.573	46.208	47.013	40.833	54.88100000000001	44.2	38.821000000000005	44.191	55.695	44.974000000000004	43.381	42.245999999999995	53.855000000000004	45.745	39.762	41.115	55.18	44.396	38.480000000000004	46.707	43.078	46.702	35.382000000000005	40.551	35.109	32.375	43.393	42.062	46.729	35.766000000000005	43.027	39.92700000000001	49.992	52.086	43.867999999999995	45.869	45.424	50.577999999999996	41.436	42.056000000000004	47.088
17.50686	28.881999999999998	36.466	42.232	40.078	22.802999999999997	38.855000000000004	41.103	40.287	46.746	47.480999999999995	42.587999999999994	54.934999999999995	45.017	38.427	44.322	56.293	45.25	44.455	41.903999999999996	52.10300000000001	44.63	40.17	41.479	55.424	45.024	39.57000000000001	47.484	43.138	47.097	31.586000000000002	41.645	35.204	32.653999999999996	43.195	41.437	46.562	36.522000000000006	42.521	40.971999999999994	49.57	53.010000000000005	43.364999999999995	45.981	46.29	52.961999999999996	41.684000000000005	41.454	47.437000000000005
17.67364	29.155	37.119	42.556	40.402	24.653999999999996	40.688	40.578	40.233	47.19	47.619	42.488	54.934999999999995	44.682	38.609	44.931	54.333999999999996	46.638	43.081999999999994	43.007000000000005	54.509	43.163000000000004	40.587999999999994	40.813	54.597	45.468	39.8	47.883	44.289	47.092999999999996	29.407	40.908	35.197	32.669	44.794	40.605000000000004	45.709	35.854	43.554	41.084	49.449	53.857	43.312999999999995	47.015	46.216	51.568999999999996	40.216	41.944	47.056000000000004
17.8402	28.505000000000003	38.800000000000004	43.411	40.95	25.515	40.034	41.739	40.098	47.147	47.104	43.531000000000006	55.077000000000005	44.946	38.898	45.949	55.255	46.618	44.172	42.775999999999996	53.589	44.3	41.019000000000005	42.351	55.776999999999994	44.834999999999994	39.217	48.333	45.732	47.497	30.242	40.82	35.204	31.592999999999996	43.879	41.153999999999996	45.713	35.626000000000005	43.606	42.339	50.135	53.929	44.096	47.207	46.125	52.395999999999994	38.972	42.162	46.47
18.00693	29.25	36.529	43.288	41.086	27.296	39.674	43.526	39.219	48.275	47.147999999999996	43.22	55.312000000000005	44.895	39.057	45.521	54.45199999999999	45.906	44.191	43.903999999999996	52.528000000000006	44.414	41.32000000000001	42.511	54.714999999999996	45.608999999999995	39.352000000000004	49.015	45.209	48.248999999999995	27.755999999999997	41.403999999999996	36.022	32.74	44.464	40.747	45.709	36.278999999999996	42.281	42.782	50.369	51.498999999999995	43.736999999999995	47.322	46.168	54.564	38.542	43.006	47.174
18.17365	29.847	36.986000000000004	44.31100000000001	40.694	27.891999999999996	38.88	42.804	40.124	48.073	48.007	43.111000000000004	54.803999999999995	45.541	40.175000000000004	46.002	56.892999999999994	46.435	45.001999999999995	43.158	52.399	47.325	42.248999999999995	41.27	56.70799999999999	45.501000000000005	37.756	49.073	43.826	47.833999999999996	27.054999999999996	42.781	36.502	31.851	45.04	41.44	46.498	36.144999999999996	44.555	41.706	50.663	55.260999999999996	45.492999999999995	47.45	47.783	52.146	37.984	42.236000000000004	47.137
18.34034	30.006999999999998	37.542	43.991	42.639	27.488999999999997	39.577000000000005	42.65	40.538	49.895	47.683	45.667	56.24400000000001	45.243	38.937000000000005	46.506	56.21099999999999	47.079	46.260999999999996	44.7	52.28	46.059	42.400999999999996	42.814	54.894	46.571	35.577	49.336	44.472	49.138	28.16	42.932	35.786	31.020000000000003	44.789	38.268	46.669000000000004	36.372	43.856	42.684	50.407999999999994	54.39	44.157	48.73	47.318	52.88	37.761	41.28	47.922000000000004
18.50701	30.765	36.479	44.334999999999994	41.737	29.805999999999997	39.737	41.63	42.04	49.243	47.928	45.632000000000005	55.044999999999995	44.714	40.063	47.107	55.624	46.948	46.272999999999996	44.973	54.375	48.449	42.251999999999995	42.429	54.355	46.158	36.684	50.119	45.428	49.028999999999996	27.483999999999998	42.735	35.996	31.424	45.131	38.077	47.857	36.277	45.518	43.665000000000006	52.204	53.42699999999999	44.547	49.421	46.409	54.83899999999999	37.498000000000005	41.015	48.639
18.6737	30.052	38.605000000000004	45.57600000000001	43.256	28.499000000000002	39.862	43.692	40.823	50.021	48.162	45.909000000000006	55.595000000000006	47.088	38.986000000000004	46.983	57.565999999999995	46.567	45.842	44.446	53.967	45.994	43.56100000000001	42.417	55.681999999999995	46.31700000000001	35.271	50.147	45.964	48.98	26.742	43.196	35.928	31.985	45.313	36.336	46.7	36.349000000000004	45.606	43.489999999999995	52.681000000000004	52.89	43.879	47.392	47.324	52.88999999999999	37.032000000000004	39.444	48.778
18.84038	30.203000000000003	37.527	44.519000000000005	43.191	28.769	40.741	43.697	42.173	49.811	48.754	46.266000000000005	55.431000000000004	47.139	40.926	47.954	55.49099999999999	47.82	45.468999999999994	44.852000000000004	52.45700000000001	47.648	44.697	45.087	55.046	47.854	33.534000000000006	50.525999999999996	45.425	50.445	27.718999999999998	43.437	36.217999999999996	31.168999999999997	46.614	35.400000000000006	48.92	35.979	44.667	43.093999999999994	51.079	54.18899999999999	42.751999999999995	46.948	49.615	52.44299999999999	35.6	39.049	48.687000000000005
19.00712	29.773000000000003	38.389	44.882000000000005	42.612	29.402	40.635000000000005	43.141	42.208	50.452	48.830999999999996	45.991	55.385	48.96	39.713	47.961	56.6	47.874	46.373000000000005	45.614000000000004	54.694	47.608	43.269000000000005	44.483000000000004	56.60399999999999	46.706	32.655	50.858999999999995	46.164	50.332	26.915000000000003	42.527	36.044	31.14	46.598	35.062	48.453	35.852999999999994	44.817	42.656000000000006	52.44899999999999	53.366	43.61	47.945	48.819	53.483	34.743	37.295	48.999
19.17376	30.506999999999998	38.071	46.765	44.162	29.165999999999997	39.965	43.276	40.62	50.574	48.644	46.084	54.474	47.948	40.175000000000004	48.479	54.511	49.667	47.244	46.107	52.281000000000006	48.009	44.82000000000001	45.422000000000004	55.222	47.601	31.787000000000003	51.291	47.035000000000004	50.689	26.394000000000002	41.342	36.078	30.719	46.456	34.221000000000004	45.318	35.626000000000005	44.484	43.263000000000005	51.394	53.137	43.912	48.016	47.57	52.428999999999995	34.28	38.391	48.529
19.34042	30.266	39.098	44.863	44.431	30.082	40.827000000000005	42.721000000000004	40.42	50.602	49.333	48.212999999999994	55.937999999999995	47.836	40.493	48.58	53.806000000000004	47.621	48.17	47.647000000000006	53.010999999999996	47.968	43.32000000000001	43.851	53.29	48.339	29.235000000000003	51.504999999999995	45.321	51.66	26.133	40.716	35.691	32.223	45.567	32.516000000000005	46.198	36.301	43.455	42.825	52.647	52.362	43.449	48.234	49.18	52.196	33.682	38.758	48.535000000000004
19.50717	29.307000000000002	37.702	45.036	44.488	30.019999999999996	39.193000000000005	45.087	38.788	51.189	49.379999999999995	45.509	57.01200000000001	49.228	40.602000000000004	49.384	55.213	47.366	46.290000000000006	45.626999999999995	53.325	48.418	43.30800000000001	43.484	57.029	47.894000000000005	27.691	51.687	46.317	52.318	27.605999999999998	39.717999999999996	35.265	30.414	49.716	31.202	44.765	36.251999999999995	42.311	42.366	52.171	52.358	43.506	47.177	47.698	52.427	32.364000000000004	36.609	49.526
19.67375	31.019	39.714	44.703	43.115	30.976	39.013000000000005	44.045	37.662	50.233	49.035	46.569	53.779	48.622	40.354	48.823	55.207	48.336	49.144000000000005	47.230000000000004	53.684	50.193	42.098	40.247	53.394	46.95399999999999	27.840999999999998	51.209	44.1	51.385999999999996	26.764999999999997	38.384	36.588	30.9	47.672	29.849	45.851	34.934	42.682	41.909000000000006	54.733	53.574	42.132999999999996	48.124	48.74	51.451	31.064	37.415	49.226
19.84047	30.299	38.161	44.066	42.786	30.752000000000002	41.469	42.773	36.561	50.722	49.407	46.59	54.737	46.708	40.405	49.149	56.23499999999999	47.79	45.888000000000005	46.331	52.986000000000004	47.406	41.086	40.721000000000004	54.612	46.644999999999996	28.915000000000003	51.907	44.406	50.885	26.309	38.059	35.557	30.723	47.126	28.165000000000003	46.908	35.366	41.433	42.006	52.035999999999994	50.997	42.251999999999995	46.022	47.51	52.504	29.283	35.818	50.094
20.0072	30.243000000000002	38.216	44.084999999999994	41.195	30.671	41.742000000000004	42.505	36.894	51.961	48.635999999999996	43.946	56.903	46.025	40.558	49.65	54.105	46.259	47.492000000000004	44.915000000000006	52.117000000000004	47.244	39.021	40.733000000000004	55.47899999999999	45.205	28.596	51.004000000000005	45.159	50.586	27.495	37.452	36.197	31.116	49.231	27.583000000000002	44.669000000000004	34.611000000000004	42.274	41.288	53.160000000000004	51.598	40.922999999999995	46.282000000000004	48.458	51.881	27.857	34.64	49.724000000000004
20.17388	30.83	39.336	45.646	40.685	31.283	41.089000000000006	43.031	36.011	52.167	50.474	45.932	54.88700000000001	45.532	40.52	49.035	55.278	47.77	47.587	46.663	51.184	47.079	40.400000000000006	40.412	53.937000000000005	43.911	29.751	50.973	44.879	51.905	27.544	37.747	35.574	31.325000000000003	48.05	28.269000000000002	42.737	36.137	42.422	40.376000000000005	51.832	51.876	41.330999999999996	44.727000000000004	47.631	50.248	26.653	33.759	50.547000000000004
20.34056	30.832	38.296	44.06100000000001	39.551	31.497	40.143	42.626	34.219	52.158	50.016999999999996	45.313	53.109	44.936	41.507000000000005	49.146	54.136	46.089	46.236999999999995	43.97	53.435	47.638	38.393	39.914	55.412	45.58	29.070000000000004	51.175	44.048	50.858999999999995	27.312	37.416	35.031	30.36	47.5	28.697	45.255	35.759	40.909	39.336	50.501999999999995	50.711999999999996	40.385	44.627	47.247	51.181999999999995	25.549	31.709000000000003	50.515
20.50728	30.796	40.088	43.476	41.106	30.821999999999996	40.756	41.353	32.864	52.151	51.730999999999995	42.723	56.38400000000001	45.155	41.272000000000006	49.605	54.957	45.837	47.638000000000005	44.14	51.809	48.569	38.461	39.205000000000005	54.10999999999999	43.699	27.779999999999998	51.265	44.053	50.802	26.798	35.358	34.977	30.252000000000002	46.188	28.562	42.383	34.525000000000006	39.564	39.215999999999994	48.51	51.623999999999995	39.653999999999996	44.09	47.327	51.977	25.576999999999998	30.847	51.096000000000004
20.67397	30.887999999999998	39.264	42.724000000000004	38.464	30.749000000000002	41.231	40.412	32.437	50.507	50.748	44.381	52.994	46.271	40.874	49.117	53.525999999999996	45.631	46.486999999999995	43.271	52.412000000000006	46.994	37.943	39.254000000000005	55.37199999999999	44.790000000000006	26.619000000000003	51.629000000000005	42.877	50.620999999999995	27.360000000000003	33.918	34.765	31.028999999999996	45.392	28.464000000000002	41.372	34.548	39.874	39.006	48.967	51.207	37.979	43.765	47.641	52.695	25.833	29.664	51.104
20.84064	30.442	39.521	42.483999999999995	39.241	31.484	42.432	42.463	31.07	49.885	51.187999999999995	44.022000000000006	55.133	44.187	41.485	49.841	55.806999999999995	46.239	45.678	43.03	51.242999999999995	46.751	37.114999999999995	37.245000000000005	53.708999999999996	42.542	27.212999999999997	51.45399999999999	41.669000000000004	50.707	27.081	32.832	34.977	31.432000000000002	45.622	28.562	42.1	35.257000000000005	40.249	37.587	47.660999999999994	50.538	38.025	43.028	46.997	50.986	26.427	28.108000000000004	51.781
21.00719	30.948	39.195	41.542	37.76	31.707	41.82	39.045	27.543	49.573	50.992	43.408	52.717	43.267	42.643	48.894	55.278	43.052	46.833	42.251999999999995	52.81100000000001	46.843	36.979	36.638000000000005	54.338	43.699	27.345000000000002	49.982	41.529	50.159	27.095000000000002	30.883000000000003	35.338	30.711999999999996	46.233	28.032999999999998	41.369	34.415000000000006	39.285000000000004	37.82899999999999	48.128	51.451	37.439	42.769	44.895	48.644	26.866	26.777	51.679
21.17409	31.17	41.016	42.09	37.756	31.455999999999996	41.376000000000005	39.658	28.016	48.389	52.01	43.393	53.263	42.591	42.342	49.833	54.172999999999995	44.668	46.729	41.31399999999999	51.834	46.173	35.840999999999994	36.728	53.232	43.235	27.63	48.827	40.707	50.202999999999996	27.544999999999998	31.009999999999998	34.789	31.122	45.421	27.916999999999998	42.18	34.643	38.766	37.259	47.391	52.894000000000005	38.147	41.288000000000004	45.426	49.94	27.082	27.061	52.838
21.34062	31.637	40.413000000000004	40.589	35.976	30.955	42.002	38.443	26.691000000000003	47.592	51.918	41.93899999999999	52.534	43.144	41.951	48.185	55.35699999999999	43.991	45.272000000000006	42.104	52.754000000000005	45.402	34.227000000000004	36.317	54.81799999999999	41.167	29.375000000000004	47.225	40.459	50.043	28.062	28.973999999999997	35.394999999999996	31.162999999999997	44.744	28.363000000000003	40.348	34.399	38.023	36.092	47.256	53.062	36.955	42.504	44.207	49.0	27.006999999999998	27.035000000000004	52.888
21.50734	31.42	40.564	41.071	35.054	31.704	43.006	38.424	25.921	47.613	52.656	41.217	53.815000000000005	43.157	41.442	46.644	54.489	43.131	45.501000000000005	42.209999999999994	53.10000000000001	44.922	32.995000000000005	33.575	54.303999999999995	40.538	28.514999999999997	46.965	40.042	49.57	28.358999999999998	28.113999999999997	34.71	31.110999999999997	45.044	28.092000000000002	39.531	34.753	36.279	35.525999999999996	46.567	51.152	35.919	41.215	44.766	50.489999999999995	26.997	26.597	53.342000000000006
21.67405	31.063000000000002	39.715	39.70100000000001	33.941	31.655	43.318000000000005	37.691	28.188000000000002	46.791	53.660000000000004	40.274	54.961000000000006	41.316	42.653	45.584	55.44599999999999	43.869	45.245999999999995	40.510000000000005	51.385000000000005	44.17	32.663	33.433	54.19599999999999	40.92	29.577	46.097	38.01	50.003	28.025000000000002	27.424	34.379	32.032	44.6	28.467000000000002	38.587	35.43900000000001	36.492	34.84	45.272	50.214	34.666	40.816	44.416	49.361999999999995	27.514000000000003	27.351	53.99100000000001
21.84068	30.948999999999998	40.915	39.081999999999994	32.312	31.162999999999997	43.026	36.767	28.076999999999998	46.967	52.93	40.456999999999994	52.694	40.576	42.006	44.487	56.016	41.306	45.33	41.80499999999999	51.905	43.072	30.656000000000002	31.236000000000004	55.145	38.384	28.779	46.532	37.368	51.452999999999996	28.054999999999996	27.147999999999996	34.805	30.994	44.377	27.836000000000002	37.092	35.58	35.025	33.729	46.348	49.583	34.074	39.699	44.193	51.025	26.740000000000002	27.524	54.538000000000004
22.00754	31.07	40.932	36.905	30.142000000000003	31.403	43.371	35.018	27.801000000000002	46.742	53.59499999999999	40.262	55.534	39.46	43.368	44.737	55.07399999999999	41.535000000000004	43.997	39.483000000000004	51.55	42.449	29.526999999999997	30.011000000000003	53.70799999999999	37.86	29.517	47.579	35.688	49.76	28.203999999999997	28.195	34.922	32.014	42.996	28.291999999999998	35.837	35.769000000000005	34.363	33.257999999999996	45.507999999999996	52.165	33.413	38.465	43.522	51.928	25.661	27.437000000000005	56.029
22.1741	31.503	40.847	36.819	28.0	31.954	43.499	33.987	27.948999999999998	46.752	54.764	38.31	54.553000000000004	39.256	43.165	45.314	55.651999999999994	41.993	43.298	39.254999999999995	54.396	40.569	29.298	28.152	55.608	36.852999999999994	29.523999999999997	49.031	36.027	49.699	27.998	27.610999999999997	35.143	31.832	42.722	28.157	34.995	35.399	32.363	31.849	46.439	52.625	31.909	38.143	43.224	50.05	26.093000000000004	28.152	55.427
22.3408	31.076999999999998	41.981	36.89	27.929000000000002	30.985	43.121	33.585	28.516	47.389	54.267999999999994	38.027	55.26200000000001	38.146	44.157000000000004	45.975	54.21099999999999	39.891	43.840999999999994	38.051	52.577	41.089	27.195000000000004	27.656	55.561	34.964	28.389999999999997	48.44	33.051	48.635999999999996	27.666999999999998	29.146	34.765	32.612	41.967	28.770999999999997	34.262	36.06	31.938000000000002	31.163999999999998	46.345	51.184	30.632999999999996	36.608	41.76	49.907999999999994	26.636000000000003	27.774	55.568999999999996
22.50751	31.948	41.936	36.17100000000001	27.485999999999997	31.503999999999998	44.089000000000006	31.459000000000003	27.458999999999996	46.581	53.989	36.669	55.053000000000004	35.16	43.638000000000005	45.289	55.633	38.388	43.464	36.221000000000004	53.117000000000004	40.857	26.305000000000003	27.590000000000003	59.291000000000004	34.036	28.581999999999997	48.899	33.612	49.101	27.577	28.487000000000002	34.19	31.970999999999997	42.299	29.151	32.626	35.414	30.401000000000003	30.078	45.065999999999995	52.065999999999995	29.782999999999994	35.818	40.796	51.004999999999995	26.805	27.519	55.64300000000001
22.67415	31.634	42.823	34.018	27.881	31.732999999999997	44.363	30.721000000000004	26.345	46.854	55.08599999999999	36.024	52.873000000000005	33.714	43.346000000000004	46.458	54.796	38.097	42.041	35.129000000000005	53.176	38.986	25.686000000000003	26.971000000000004	55.365	32.471999999999994	28.505	50.091	32.189	49.138	28.230999999999998	27.891	35.102	32.576	41.158	28.367	31.958	36.372	29.663000000000004	28.584999999999997	44.915	52.385999999999996	28.666999999999994	34.985	40.787	52.597	27.270000000000003	26.805	56.339000000000006
22.84085	31.520000000000003	44.588	33.128	27.784999999999997	32.278999999999996	44.807	29.494999999999997	27.333	47.585	55.639	35.727000000000004	54.13	33.674	44.332	46.078	54.49699999999999	38.298	41.797	35.113	51.867999999999995	37.37	25.965	26.284	56.199999999999996	31.297	29.071	50.80500000000001	31.368000000000002	49.303999999999995	27.641000000000002	27.82	35.89	33.266	39.947	29.665000000000003	30.43	36.5	29.288000000000004	27.807	46.022	52.745999999999995	27.440999999999995	34.12	40.142	51.989999999999995	27.483000000000004	27.346000000000004	57.246
23.00754	32.56	43.356	32.043000000000006	28.095	31.714	44.708000000000006	28.130000000000003	26.795	47.908	55.627	33.462	55.323	32.471	44.374	46.403	55.35999999999999	36.479	41.345	33.602999999999994	53.342	35.93	26.654	26.879000000000005	55.952999999999996	30.662000000000003	29.169	50.489000000000004	30.000999999999998	47.809999999999995	27.596999999999998	28.201	35.582	33.503	39.991	28.794	29.488	36.852999999999994	27.945999999999998	27.008	45.166	54.081	26.643	33.766	40.186	53.184000000000005	27.792	27.326	57.517
23.17428	31.951	43.729	31.433000000000003	27.881999999999998	32.733	45.152	27.279000000000003	28.043999999999997	47.248	57.21999999999999	33.492000000000004	54.388	31.225	45.504000000000005	47.014	55.605	35.261	40.062	32.476	53.782	36.341	26.723000000000003	26.995000000000005	56.317	31.255	29.712999999999997	51.581999999999994	29.909	48.14	27.431	27.493000000000002	36.135	33.06	39.156	29.715999999999998	29.727000000000004	36.745000000000005	27.354999999999997	26.628000000000004	44.809999999999995	54.986999999999995	26.122	32.072	38.524	51.443	28.266	27.727000000000004	58.71
23.34099	32.84	45.005	30.287000000000003	27.512	32.439	45.981	27.311	27.839999999999996	47.984	56.642	33.294	56.784	30.244999999999997	45.245000000000005	47.796	57.48199999999999	33.363	40.105000000000004	31.685999999999996	53.653999999999996	35.578	27.252	27.240000000000002	58.502	31.456999999999997	29.605999999999998	52.111000000000004	29.661	48.096	26.849999999999998	27.455	35.845	33.949	39.412	30.011	29.503999999999998	36.501999999999995	25.945999999999998	26.022000000000002	46.041	55.587999999999994	26.555999999999997	31.211	38.188	52.16	27.733000000000004	28.445999999999998	58.226000000000006
23.5076	31.517000000000003	44.693	29.179	28.084000000000003	32.016	46.211000000000006	27.457	28.671	48.308	57.24399999999999	30.883999999999997	56.088	30.860999999999997	45.145	47.412	56.525	32.82	40.646	30.483	53.807	35.483	27.138	27.953000000000003	56.50599999999999	31.624	29.584999999999997	52.739000000000004	30.136000000000003	47.405	26.947999999999997	28.191000000000003	36.08	34.021	38.89	29.706	30.782000000000004	37.635999999999996	26.282000000000004	25.058000000000003	45.608999999999995	53.709999999999994	26.82	30.764000000000003	37.974	54.135	28.398000000000003	28.236000000000004	59.632
23.67427	31.711	44.689	28.517999999999997	28.082	32.516	46.800000000000004	27.526000000000003	27.488	48.664	57.705999999999996	29.609999999999996	56.547000000000004	29.777	46.727000000000004	48.546	56.559000000000005	32.518	37.373000000000005	29.752	54.17700000000001	34.83	26.898999999999997	27.787	55.948	31.415000000000003	29.303	52.961	30.706000000000003	46.858999999999995	27.017	27.955	36.635	34.808	38.879	30.110000000000003	30.786	37.17400000000001	26.256	25.125000000000004	45.891	55.256	26.89	28.732999999999997	37.607	53.883	27.998000000000005	28.213	60.096
23.84097	31.898000000000003	45.197	27.445000000000004	27.055999999999997	31.659999999999997	47.736000000000004	27.541000000000004	28.167	49.366	58.868	29.983999999999998	56.830000000000005	30.316000000000003	46.644000000000005	48.323	57.83599999999999	30.835	38.251000000000005	29.226000000000003	54.108999999999995	31.112000000000002	27.104000000000003	27.353	57.839999999999996	31.293000000000003	27.923	53.906000000000006	30.015	45.829	26.986	28.659	36.969	34.927	38.410000000000004	30.648999999999997	30.287	37.531000000000006	26.792	25.446	47.016999999999996	56.272000000000006	28.540999999999997	29.461	36.403	52.862	28.087000000000003	28.609	61.092999999999996
24.00771	32.845	45.718	26.261	26.796	32.702	47.949000000000005	28.369999999999997	28.238	48.987	59.317	28.066	56.404	31.335	48.113	49.128	56.818000000000005	30.006	36.995999999999995	28.705000000000002	54.772000000000006	30.307000000000002	26.416999999999998	26.714000000000006	58.455999999999996	31.435	27.568	54.333	30.679000000000002	46.705	26.773	28.801000000000002	37.774	35.851	35.971000000000004	30.034000000000002	30.358000000000004	38.147000000000006	27.313000000000002	25.375000000000004	45.43	55.798	27.641	28.490000000000002	35.336999999999996	54.282999999999994	27.874000000000002	28.301000000000002	61.66100000000001
24.17433	32.462	43.991	26.048	27.461	33.265	48.482	28.256	28.195	49.69	60.071999999999996	27.502	56.65	30.424	47.031	49.495	58.58299999999999	29.472	37.5	27.810999999999996	56.55	30.771	26.632	26.241	58.422000000000004	31.973000000000003	28.355999999999998	55.649	31.927	47.637	26.703999999999997	28.240000000000002	37.474	35.925	35.928	29.782999999999998	31.061999999999998	38.915000000000006	27.247	26.110000000000003	46.363	56.804	28.074999999999996	29.163000000000004	33.915	54.43	27.573999999999998	28.688000000000002	62.538999999999994
24.34104	33.276	46.096000000000004	26.691	28.104999999999997	32.534	47.549	28.711	28.863	50.16	59.836999999999996	27.386	56.103	31.095	48.236000000000004	50.796	57.989	30.688000000000002	35.157	27.599999999999998	57.196	30.705	27.87	26.742000000000004	57.757	32.287000000000006	27.766000000000002	55.959	30.317	45.135	26.801999999999996	27.720999999999997	37.009	36.171	35.082	30.31	30.403	38.664	27.012999999999998	25.968999999999998	45.998999999999995	54.760999999999996	27.318999999999996	30.189	32.924	54.096	28.006	28.810000000000002	63.919999999999995
24.50774	33.418	46.364000000000004	27.733	27.649	32.652	48.102000000000004	27.851	28.979	50.24	60.231	28.048	57.208000000000006	30.403999999999996	50.359	51.588	60.87799999999999	29.711	33.349999999999994	27.691999999999997	56.807	31.463	26.868	27.071000000000005	59.053000000000004	30.313	28.428	56.661	30.03	45.497	26.702	28.098	38.247	36.836999999999996	35.772	30.331	28.572000000000003	39.117999999999995	27.08	26.273	46.077	55.864999999999995	27.363	29.902	30.808	54.534	27.408	28.736000000000004	65.314
24.67437	32.492	47.593	28.022000000000002	28.319000000000003	31.939999999999998	49.806000000000004	27.238	28.958	50.469	61.88	27.458000000000002	57.267	28.933	51.42	51.912	58.773999999999994	31.14	33.28	27.529	55.39	30.561999999999998	27.656000000000002	26.861000000000004	60.68	30.363000000000003	27.98	56.672	29.936999999999998	45.658	27.182	28.956000000000003	38.791	36.67	33.205	30.785	29.643	39.519999999999996	27.084000000000003	26.563	46.213	57.113	27.555999999999997	30.403	31.237000000000002	56.543	27.435000000000002	28.929000000000002	67.199
24.84103	33.076	47.08	27.337999999999997	28.063000000000002	32.403	52.483000000000004	27.480000000000004	27.823	51.316	62.172999999999995	28.676999999999996	58.48	29.796999999999997	53.909	52.165	58.013	30.603	32.318	27.178	57.157	31.238999999999997	27.495	27.127000000000002	60.20799999999999	30.991000000000003	27.724	57.578	30.160000000000004	44.665	26.925	29.155	39.075	36.855	32.458	30.581	30.058	39.661	26.852000000000004	25.733999999999998	45.271	56.328	27.991	29.817999999999998	30.392000000000003	55.234	27.990000000000002	29.674	70.282
25.00769	32.871	47.053000000000004	28.113000000000003	27.958	32.129	53.57000000000001	27.162	28.432000000000002	51.999	62.18	28.737999999999996	56.803999999999995	30.261000000000003	53.948	52.919	58.83299999999999	31.019	31.496	28.285999999999998	56.30800000000001	31.058999999999997	28.056	27.499000000000002	61.763	32.096000000000004	27.904999999999998	58.658	30.767000000000003	43.879999999999995	25.941999999999997	28.716	39.293	38.597	31.183	31.590999999999998	30.283	40.116	27.009	25.988000000000003	47.526999999999994	57.599999999999994	28.028	29.902	30.213	56.151	27.480000000000004	29.448999999999998	72.04199999999999
25.17443	33.028	48.444	26.81	28.844	32.711	56.539	27.880000000000003	29.39	52.468	62.94899999999999	27.840999999999998	59.374	30.557000000000002	56.776	53.269	59.096	31.197000000000003	30.745	28.293000000000003	57.791	32.094	27.563	27.338	60.007	32.179	27.958000000000002	59.733999999999995	31.015	45.169999999999995	27.230999999999998	29.866	39.101	38.166	30.767000000000003	30.293000000000003	30.89	40.663	27.371000000000002	26.111	47.467	59.41	29.296999999999997	28.506999999999998	31.033	56.458999999999996	28.106	28.791000000000004	74.67999999999999
25.34115	34.171	49.094	26.852999999999998	29.055	33.781	57.551	27.994999999999997	29.101	52.406	63.892999999999994	29.123	58.6	30.720999999999997	59.336000000000006	53.826	59.013	30.171	30.290000000000003	27.766000000000002	56.21000000000001	30.686999999999998	27.511	27.977000000000004	60.496	32.607	27.407	59.343999999999994	30.894	44.199	26.249999999999996	29.982999999999997	39.866	38.834	29.359	29.956999999999997	30.603	41.119	26.796	26.343999999999998	47.903	58.494	28.818999999999996	29.289	31.96	57.614	28.032000000000004	29.098	76.916
25.50778	33.845	49.843	26.477999999999998	29.156999999999996	33.646	59.278000000000006	28.121000000000002	28.083999999999996	52.655	64.78800000000001	27.176999999999996	58.255	31.658	59.348000000000006	54.647000000000006	59.478	30.320999999999998	30.059	26.629	57.391000000000005	30.837000000000003	28.328	28.246000000000002	61.032000000000004	32.328	27.508999999999997	59.452	30.901000000000003	43.946	27.185999999999996	29.918999999999997	39.232	38.986	28.652	30.392999999999997	30.872	41.985	27.613	26.349999999999998	47.723	59.959999999999994	28.564	30.201999999999998	32.134	57.198	28.039	28.985	78.003
25.67454	34.298	50.002	26.983	29.445999999999998	33.528	60.67	27.506	27.897	52.313	65.462	26.8	58.648	31.588	61.478	54.208	59.442	29.871000000000002	27.99	27.324	58.161	30.863	28.26	28.249000000000002	61.781	32.614999999999995	28.06	60.485	31.237000000000002	43.561	26.38	29.612000000000002	40.634	39.507	27.679000000000002	30.371	31.421	41.815	27.878	26.569	46.809999999999995	59.446	28.875999999999998	30.728	32.088	56.138	27.399	28.322000000000003	79.28999999999999
25.84121	32.692	50.397	27.750000000000004	29.311	33.374	61.437	29.012999999999998	27.497	52.568	65.95100000000001	27.877999999999997	59.174	30.765	61.293	54.655	60.349	30.905	27.186000000000003	27.590999999999998	58.982	32.328	27.956	28.494	63.88399999999999	32.175	27.900000000000002	60.97	31.081000000000003	43.111	26.599	29.740000000000002	40.563	39.506	27.064999999999998	29.999	31.387	42.769999999999996	27.503	26.836000000000002	48.489999999999995	59.592	28.241	30.548000000000002	33.507	57.472	27.645000000000003	28.782000000000004	80.58399999999999
26.00789	33.725	51.347	27.586000000000002	29.386000000000003	32.808	62.084	28.515	28.573	53.709999999999994	66.268	29.264999999999997	59.604000000000006	31.939999999999998	63.132	54.39	59.23	31.006	26.782999999999998	27.714000000000002	58.033	31.213	28.389	29.547000000000004	63.865	32.491	27.76	61.30800000000001	31.182000000000002	42.455999999999996	26.601000000000003	29.195999999999998	40.838	40.089999999999996	27.235	30.91	32.443	42.736000000000004	28.676000000000002	26.91	47.218999999999994	59.928	28.912999999999997	30.576999999999998	31.772999999999996	57.59199999999999	28.341	28.475	82.77199999999999
26.17456	34.13	53.714999999999996	27.622000000000003	28.898000000000003	33.711999999999996	63.417	28.552	27.607	53.501999999999995	67.705	28.348000000000003	59.117	31.863999999999997	63.751	56.260000000000005	61.13099999999999	32.028	27.63	28.348000000000003	60.087	31.28	28.831999999999997	27.723	64.985	32.559	28.394000000000002	61.976	32.037	42.97	27.09	29.951999999999998	42.163	40.911	27.535000000000004	30.378000000000004	31.152	43.226	27.926000000000002	26.776999999999997	46.524	61.187	28.116	30.570999999999998	31.195	59.660000000000004	27.878999999999998	28.944000000000003	83.205
