time	MG1655-1	BUT3-6_1	BUT5-3_1	BUT7-9_1	MG1655-2	BUT3-6_2	BUT5-3_2	BUT7-9_2	BUT1-2_1	BUT3-7_1	BUT6-1_1	BUT9-10_1	BUT1-2_2	BUT3-7_2	BUT6-1_2	BUT9-10_2	BUT1-3_1	BUT4-4_1	BUT6-3_1	BUT9-7_1	BUT1-3_2	BUT4-4_2	BUT6-3_2	BUT9-7_2	BUT1-5_1	BUT4-7_1	BUT6-8_1	BUT1-2_3	BUT1-5_2	BUT4-7_2	BUT6-8_2	BUT2-9_3	BUT2-9_1	BUT4-9_1	BUT7-6_1	BUT1-3_3	BUT2-9_2	BUT4-9_2	BUT7-6_2	BUT3-3_3	BUT3-3_1	BUT5-2_1	BUT7-7_1	BUT1-5_3	BUT3-3_2	BUT5-2_2	BUT7-7_2	BUT3-6_3
0.0050799999999999994	0.0	0.0	0.0	0.0	0.0	0.0	0.0	0.0	0.0	0.0	0.0	0.0	0.0	0.0	0.0	0.0	0.0	0.0	0.0	0.0	0.0	0.0	0.0	0.0	0.0	0.0	0.0	0.0	0.0	0.0	0.0	0.0	3.042	0.0	0.0	0.0	0.0	0.0	0.0	0.0	0.0	0.0	0.0	0.0	0.0	0.0	0.0	0.0
0.17167000000000002	0.8830000000000009	0.5399999999999991	0.6639999999999997	0.5540000000000003	0.33999999999999986	1.394	0.7900000000000009	2.782	0.0909999999999993	0.5209999999999989	0.5809999999999995	1.1159999999999997	0.904	0.7520000000000007	2.375	1.263	2.017000000000001	1.7569999999999997	1.3089999999999993	0.29900000000000304	1.7390000000000008	1.5	1.9510000000000003	0.9209999999999994	3.0	0.9009999999999998	1.7759999999999998	1.032	2.013	1.886999999999999	0.5190000000000001	1.6329999999999991	0.0	1.2260000000000009	1.3499999999999996	0.7399999999999984	2.036	1.9530000000000007	0.7070000000000007	1.1649999999999991	3.261000000000001	0.6489999999999991	1.3960000000000008	1.5250000000000004	0.5419999999999998	1.7669999999999997	3.5369999999999986	2.616
0.33833	2.426	1.4269999999999996	0.7190000000000012	1.4249999999999992	1.5790000000000006	2.631	1.774000000000001	5.2029999999999985	0.9540000000000006	3.128	1.5949999999999989	3.655	1.0570000000000004	1.6370000000000005	4.222999999999999	1.7359999999999989	2.77	2.499000000000001	7.472999999999999	1.1960000000000015	1.5760000000000003	2.261000000000001	3.391	2.0439999999999987	3.956	2.35	2.3629999999999995	3.1590000000000007	2.212999999999999	6.43	1.2959999999999994	3.033999999999999	1.7010000000000003	6.157	4.473000000000001	4.615	2.522	2.511000000000001	2.5650000000000013	5.992999999999999	3.708	0.436	3.66	3.552	1.4989999999999988	6.455999999999998	4.392999999999999	3.546
0.5050100000000001	2.9730000000000008	3.036	1.252000000000001	1.850999999999999	1.7440000000000015	2.4890000000000008	2.4700000000000006	6.52	0.8439999999999994	3.2059999999999995	2.2779999999999987	4.167999999999998	2.5280000000000005	3.2430000000000003	5.9860000000000015	4.238	4.9910000000000005	6.907	6.127999999999999	5.947000000000003	4.966999999999999	3.0370000000000013	5.879	5.103999999999999	4.099	2.5570000000000004	1.997	2.765000000000001	3.2259999999999986	6.8279999999999985	1.8459999999999999	5.789999999999999	2.407	9.485	5.939	4.261999999999999	3.171000000000001	2.7710000000000012	2.8830000000000013	5.519999999999998	5.482999999999999	0.8709999999999987	4.485000000000001	3.892	3.5540000000000003	5.0920000000000005	4.368	3.552
0.67173	3.831	6.787000000000001	1.901	1.3659999999999997	3.8850000000000016	3.5560000000000014	2.261000000000001	7.850999999999999	1.3659999999999997	2.9810000000000003	2.7009999999999987	5.4350000000000005	2.7780000000000005	6.367999999999999	6.462000000000001	2.494999999999999	4.446000000000001	5.465	6.216999999999999	6.577000000000003	5.689	4.711	6.852000000000002	9.472000000000001	4.6080000000000005	4.338000000000001	2.7379999999999995	5.9540000000000015	3.1850000000000005	6.300000000000002	2.6	8.951	2.897	11.843	3.9739999999999998	5.168999999999999	4.268000000000002	7.186	4.978	4.321000000000001	4.368	2.039999999999999	4.023	4.18	5.645999999999999	5.3389999999999995	6.5280000000000005	4.6339999999999995
0.83841	4.59	7.1919999999999975	1.5760000000000003	2.446999999999999	2.362	4.553000000000001	1.8450000000000009	10.143999999999998	1.2249999999999996	5.758000000000001	5.895	6.363000000000001	4.087	5.058	6.829999999999997	3.59	6.625	7.963000000000001	7.4899999999999975	8.369000000000002	7.094000000000001	5.943000000000001	4.961	8.616999999999999	4.448	7.591000000000001	2.498000000000001	5.494	4.039999999999999	6.539999999999999	2.266	6.727	2.834	11.918	6.164999999999999	4.985999999999999	5.6320000000000014	4.493	4.235000000000001	3.584	5.784000000000002	4.02	3.074	4.356	7.863999999999999	6.458999999999998	4.68	4.16
1.0050700000000001	3.843	8.403999999999998	2.8420000000000005	3.0809999999999995	3.4030000000000005	5.384000000000002	3.381	8.902000000000003	1.6129999999999995	4.024999999999999	4.632999999999999	6.324	3.312999999999999	5.328000000000001	5.725999999999999	3.398	6.1370000000000005	8.881	6.666999999999998	9.915000000000003	9.185	5.042	6.4049999999999985	4.724	5.7310000000000025	6.315000000000001	2.6350000000000016	5.791	3.0580000000000003	6.3660000000000005	1.4829999999999988	8.433	3.86	8.115000000000002	4.902000000000001	5.196000000000001	6.018000000000002	4.694000000000001	3.5950000000000006	3.806999999999999	4.005000000000001	4.379	4.4190000000000005	5.166999999999998	7.362999999999998	5.229999999999999	4.632	5.7139999999999995
1.17169	5.036000000000001	5.941000000000002	2.3390000000000004	2.895	4.4030000000000005	5.354000000000001	4.631	7.162999999999999	0.7219999999999995	3.4469999999999987	3.5759999999999987	7.394	5.754000000000001	7.301	5.898999999999999	3.535	4.705	7.895	6.260999999999999	9.801000000000002	7.272000000000002	7.080000000000003	6.3370000000000015	7.055999999999999	4.977	6.247000000000001	1.9700000000000009	7.814	2.647	5.274000000000001	2.09	7.018000000000002	3.0489999999999995	10.93	5.7330000000000005	5.767999999999999	5.2410000000000005	7.053000000000001	4.782	3.9339999999999993	7.314999999999999	3.962	5.501000000000001	5.003	7.171000000000001	7.575999999999999	7.944000000000001	3.4350000000000005
1.33849	7.1370000000000005	5.391999999999998	2.293000000000001	4.542999999999998	4.4350000000000005	6.035000000000003	5.282	8.994	1.5649999999999995	2.911	4.683999999999998	7.514999999999999	3.716999999999999	8.427999999999999	6.9899999999999975	3.6999999999999993	7.1690000000000005	10.602	5.506999999999998	8.551000000000002	8.491	7.724	4.7810000000000015	4.817	4.718	4.897	1.4589999999999996	5.993000000000002	2.785	7.808	1.91	9.655	4.496	11.163	6.713000000000001	5.065	5.029	7.494	4.979000000000001	3.1949999999999985	5.2189999999999985	3.1529999999999987	5.042000000000002	4.951999999999998	4.891999999999999	6.949	7.016	4.151999999999999
1.50515	7.8679999999999986	4.923	2.522	5.443	5.427000000000001	6.4380000000000015	4.556000000000001	8.419	1.266	4.087	6.093	6.6610000000000005	5.055	7.853	5.350999999999999	2.671	4.6400000000000015	8.517999999999999	8.779	8.735000000000003	7.826	5.905999999999999	5.823000000000002	9.461999999999998	4.8420000000000005	3.8960000000000012	2.568999999999999	5.41	2.831999999999999	5.785	1.725999999999999	10.418	3.4480000000000004	11.472	5.626000000000001	6.0669999999999975	5.567	6.940000000000001	5.263	5.176	6.7470000000000026	4.766	5.053000000000001	5.260999999999999	7.888	6.924999999999999	5.930999999999999	3.08
1.67186	5.908999999999999	7.997999999999998	3.4430000000000014	5.289999999999999	5.551	6.3370000000000015	4.446000000000001	7.425000000000002	1.4499999999999993	3.844	5.162999999999999	7.4369999999999985	5.687999999999999	6.952000000000001	5.4060000000000015	2.9239999999999995	4.834	10.106000000000002	5.553999999999999	8.182000000000002	8.054000000000002	6.679000000000002	5.328999999999999	6.054999999999998	5.2890000000000015	5.4910000000000005	2.1880000000000006	4.4319999999999995	2.74	6.396999999999999	1.4949999999999992	10.448999999999998	3.4529999999999994	9.71	4.416	5.072999999999999	4.7490000000000006	7.304000000000002	3.983000000000001	5.513	3.5630000000000006	3.719	6.7920000000000025	5.181000000000001	4.938999999999998	7.292000000000001	3.78	3.475
1.83854	7.641000000000003	5.485999999999999	3.389000000000001	3.715	4.923	7.907999999999999	4.393000000000002	8.280999999999999	2.039	3.238999999999999	4.212999999999999	9.658	4.994	6.884000000000002	5.7940000000000005	3.26	3.999000000000001	9.099	3.289	10.353000000000002	5.6110000000000015	5.870999999999999	5.58	5.984	6.395	5.327000000000002	1.9309999999999992	5.097000000000001	2.475	6.373999999999999	1.4369999999999994	7.436	2.9369999999999994	10.505999999999998	6.9510000000000005	5.997999999999998	4.767000000000001	6.707000000000002	4.577	4.912999999999999	6.953000000000001	3.529	5.916	6.449999999999998	6.369999999999999	5.889999999999999	4.119999999999999	3.93
2.0051400000000004	5.536000000000001	6.246999999999997	3.744	4.58	5.283000000000001	6.380000000000001	5.215	8.075	1.1639999999999997	2.9499999999999997	5.199999999999998	6.746999999999997	4.988	5.7470000000000026	5.3450000000000015	3.081999999999999	4.128	8.921	5.245999999999999	9.487000000000002	7.809000000000001	5.6339999999999995	3.4640000000000004	8.459999999999999	5.533999999999999	6.062000000000001	2.015000000000001	4.882	2.548	5.536999999999999	1.5099999999999998	6.303000000000001	4.035	12.747	6.7410000000000005	5.790999999999999	5.245000000000001	7.2639999999999985	4.8450000000000015	4.212999999999999	4.8439999999999985	5.258000000000001	5.681000000000001	6.007999999999999	6.694999999999999	5.9369999999999985	3.690999999999999	4.2189999999999985
2.17181	6.333000000000002	7.832999999999999	3.914	4.818999999999999	5.407	7.92	4.271000000000001	6.460000000000001	1.6110000000000009	3.745999999999999	4.071000000000001	5.6880000000000015	4.485999999999999	8.842	5.283	4.549999999999999	6.594999999999999	8.187999999999999	5.114999999999998	10.220000000000002	7.471	5.085000000000001	4.677000000000001	6.452000000000001	5.681999999999999	4.748000000000001	2.440999999999999	4.8900000000000015	2.833	6.1709999999999985	2.0730000000000004	8.006	4.599	11.716	7.91	6.3569999999999975	4.07	6.321999999999999	4.018000000000002	4.011999999999999	5.803999999999999	2.9689999999999994	5.899000000000001	6.527000000000001	6.124999999999997	5.644999999999998	4.673	3.2289999999999988
2.3385700000000003	6.940999999999999	5.491999999999999	3.982000000000001	8.745999999999999	5.036000000000001	7.948000000000002	8.568999999999999	8.018999999999998	1.7240000000000002	2.468	4.071000000000001	7.944000000000001	5.4860000000000015	7.106	5.33	5.665000000000001	4.205	7.751999999999999	4.558999999999998	10.03	8.568000000000001	4.598000000000001	3.9570000000000007	6.918999999999999	4.615	7.5139999999999985	2.745000000000001	4.868	2.6439999999999997	6.475999999999999	1.9539999999999988	5.9910000000000005	4.924999999999999	13.192	7.287999999999999	6.525	4.4639999999999995	7.324999999999998	4.482000000000001	3.5489999999999995	4.645000000000001	5.385	7.434999999999999	6.5779999999999985	7.3130000000000015	7.693	4.812999999999999	3.135
2.50529	8.219000000000001	4.9689999999999985	5.037000000000001	5.035	5.300000000000002	8.248	4.088000000000001	9.343	1.981	2.9159999999999986	4.334999999999999	8.665000000000001	3.8889999999999993	7.287000000000001	5.5950000000000015	6.328999999999999	4.493	7.094999999999999	5.058	8.916	8.568000000000001	5.025	4.383000000000001	7.075000000000001	4.927	5.899999999999999	2.4540000000000006	5.904	2.876999999999999	6.910999999999998	1.8609999999999989	7.661999999999999	5.192	11.181	6.7920000000000025	6.08	6.524000000000001	8.977	3.8830000000000013	3.113999999999999	6.497999999999998	4.465999999999998	5.123000000000001	8.227	7.3809999999999985	5.828999999999999	5.336	3.2310000000000003
2.67193	8.106000000000002	5.461999999999998	4.200000000000001	5.456999999999999	6.515000000000002	9.697	4.837	6.408000000000001	1.914	2.405	5.876999999999999	7.385	4.078999999999999	5.540000000000001	6.25	7.731	3.773	7.237999999999999	5.129999999999999	11.579	6.869	4.795	3.663	8.851	4.9990000000000006	5.273	2.1069999999999998	5.067	2.693	8.009999999999998	2.0730000000000004	6.381999999999998	3.0489999999999995	11.348	7.190999999999999	6.712999999999999	4.871	6.881	3.535	3.77	6.968000000000003	3.046	6.619	5.8279999999999985	7.243999999999998	8.187999999999999	5.058999999999998	2.6739999999999995
2.83855	10.77	4.209	5.981999999999998	4.41	7.953000000000001	8.597000000000001	5.099	7.4479999999999995	1.2810000000000006	2.3599999999999994	3.921999999999999	7.494999999999999	3.85	5.784000000000002	5.487	7.651999999999999	4.667	6.737000000000003	4.389999999999999	9.876	5.971	4.333	3.923	7.863999999999999	4.492000000000001	5.2349999999999985	2.208	4.981999999999998	2.878	6.599999999999998	1.7439999999999998	7.5189999999999975	4.501	14.0	7.9540000000000015	6.028999999999997	4.994	7.739000000000001	4.146000000000001	3.4719999999999995	5.65	5.764000000000001	6.609000000000003	7.172999999999997	7.519	5.237999999999998	4.7860000000000005	3.3059999999999987
3.00535	9.389	7.6019999999999985	4.461	5.837999999999999	7.976000000000001	9.042	3.648	8.033000000000001	1.4209999999999994	2.0789999999999993	4.202	9.367	4.504999999999999	5.4330000000000025	5.767	4.891	5.1110000000000015	7.182000000000002	4.811	10.462000000000003	7.187999999999999	6.556000000000001	4.437000000000001	6.5299999999999985	6.739000000000001	5.655999999999999	1.9499999999999995	4.280000000000001	2.924999999999999	6.412999999999999	2.212	6.442999999999998	3.4010000000000002	12.267999999999999	6.408999999999999	8.533999999999999	4.433	6.452000000000003	3.584	4.712999999999999	4.035	3.283999999999999	6.141000000000003	6.236999999999997	6.139000000000001	5.9639999999999995	4.3180000000000005	3.282
3.1720200000000003	7.620000000000001	7.587999999999999	4.375	4.581	6.955	10.152000000000001	5.364000000000001	7.713999999999999	2.154	2.2269999999999985	4.4209999999999985	8.956000000000003	4.887999999999998	5.651999999999999	4.908999999999999	6.42	5.120000000000001	7.728999999999999	7.16	9.914	8.555	5.675000000000002	3.1340000000000003	7.709999999999999	4.851000000000001	5.594000000000001	2.004999999999999	4.966999999999999	2.462999999999999	5.837000000000001	2.055	7.178000000000001	3.83	10.313	5.154	6.670999999999998	4.44	6.7650000000000015	2.959	3.549999999999999	3.879	3.360999999999999	5.705000000000003	6.082000000000002	7.458999999999998	7.612	4.020999999999999	3.4529999999999994
3.3387	8.216000000000001	7.034000000000002	4.518000000000002	5.943	9.259000000000002	9.109	4.57	6.126999999999999	1.5909999999999993	2.555	7.989000000000001	6.691000000000002	5.454999999999997	5.5630000000000015	4.1370000000000005	5.769	4.725	7.0100000000000025	5.5729999999999995	9.281000000000002	7.839000000000002	4.976000000000001	3.955	6.17	5.112	6.068000000000001	2.103	5.8850000000000025	2.603	5.161999999999999	3.2739999999999987	8.218	4.276999999999999	10.771999999999998	6.2600000000000025	9.917	4.865	7.123999999999999	3.1460000000000012	3.8349999999999986	4.5150000000000015	3.176	6.155999999999999	9.7	8.031	5.558999999999998	4.071000000000001	3.3840000000000003
3.5054	6.642	6.1869999999999985	6.837000000000001	5.141	8.930000000000003	9.861	6.396000000000001	6.591999999999999	1.6999999999999993	2.7609999999999992	4.959	8.121	5.428000000000001	5.700000000000001	3.7319999999999993	5.154	4.791	5.856999999999998	4.372	9.336000000000002	7.908000000000001	5.488	4.1370000000000005	6.237	5.460000000000001	5.312999999999999	2.145	6.681000000000001	2.6889999999999996	6.895	3.8080000000000003	11.294999999999998	6.033000000000001	10.752	8.299	9.191999999999998	4.109	7.311	3.093	3.078999999999999	3.994	2.818	4.932000000000002	7.8939999999999975	7.490999999999998	4.7349999999999985	5.051	3.1899999999999995
3.6720900000000003	8.225999999999999	5.749999999999997	6.4460000000000015	6.088000000000001	9.715000000000002	8.532000000000002	4.3130000000000015	6.483999999999997	1.872	2.157	6.352999999999998	6.862	6.6110000000000015	5.308999999999998	4.725	7.276999999999999	4.800000000000002	5.325000000000001	3.815999999999999	10.266000000000002	11.372	4.110000000000001	4.2620000000000005	6.3389999999999995	4.7170000000000005	6.6370000000000005	1.9179999999999997	7.3240000000000025	2.5540000000000003	8.149999999999999	4.6610000000000005	8.863	3.504	8.296	6.923000000000003	8.075999999999999	3.905000000000001	5.84	3.3110000000000004	3.2269999999999985	4.754	3.3419999999999987	4.823	7.669	5.199	4.4380000000000015	4.237	2.844999999999999
3.83872	8.408000000000001	5.572999999999999	8.600000000000001	5.6979999999999995	7.2139999999999995	7.983000000000002	6.225999999999999	8.142000000000001	1.5930000000000002	2.327	5.306000000000001	6.098000000000001	4.6	5.625000000000003	3.673	7.171999999999999	5.280000000000001	7.618000000000002	5.282999999999999	10.982999999999999	7.603999999999999	4.6819999999999995	4.5760000000000005	5.362	4.819000000000001	5.754999999999999	1.974	7.5740000000000025	2.5809999999999995	6.517	3.4930000000000003	7.492000000000001	4.122999999999998	9.043	8.113	7.481999999999997	3.8169999999999997	8.277000000000001	3.104000000000001	3.965	4.504	3.3029999999999986	5.350999999999999	5.635999999999999	6.715999999999998	4.755000000000001	3.6329999999999987	3.155999999999999
4.00542	8.835999999999997	8.426	8.391000000000002	6.238	7.945000000000002	7.136000000000001	5.942	7.483999999999997	1.753	2.417	5.681999999999999	10.034999999999998	6.059999999999999	4.681000000000001	3.3139999999999996	6.017000000000001	4.1	7.100999999999999	5.068999999999999	12.083000000000002	8.29	5.316000000000002	4.196000000000001	6.539	4.841000000000001	4.551	1.689	6.727	2.481	7.7429999999999986	4.504	7.518000000000002	3.2010000000000005	10.462	7.3839999999999995	7.014999999999999	4.309000000000001	6.535	2.4160000000000004	2.9959999999999987	3.701000000000001	3.629999999999999	6.5520000000000005	7.097000000000001	6.717999999999997	4.283	3.3469999999999995	2.9629999999999987
4.1721699999999995	7.605	7.4060000000000015	11.812	5.9910000000000005	7.134000000000002	7.5310000000000015	5.718	8.137999999999998	1.6880000000000006	2.5669999999999997	5.8610000000000015	9.35	6.1690000000000005	5.613999999999999	3.013	5.700000000000001	5.670000000000003	6.526	4.183999999999998	10.424000000000003	8.475000000000001	4.950000000000001	3.497	6.955999999999998	5.0889999999999995	4.3260000000000005	2.2910000000000004	5.537999999999999	2.414999999999999	6.84	3.8059999999999987	8.623999999999999	4.318999999999999	8.196000000000002	7.141000000000003	7.885	4.65	8.064	2.398	3.077	5.7440000000000015	3.924	5.7890000000000015	7.445	5.885	5.028999999999998	4.395	2.520999999999999
4.33879	8.857000000000001	6.886999999999999	10.205000000000002	5.1400000000000015	5.8820000000000014	7.602000000000002	4.962	7.027000000000001	1.806000000000001	2.071	5.506999999999998	8.097999999999999	6.122000000000001	6.747999999999998	3.084	7.589999999999997	4.394	6.975000000000001	4.751	8.723000000000003	7.6720000000000015	4.0760000000000005	4.064	8.161	5.136000000000001	4.09	1.6769999999999996	6.625	2.414999999999999	6.864000000000001	4.6099999999999985	7.655000000000001	2.8539999999999988	10.44	7.9910000000000005	7.6019999999999985	5.146000000000001	6.622000000000001	2.6820000000000004	3.3839999999999986	3.6880000000000006	3.735	5.529	5.412999999999999	6.972	5.525	3.732999999999999	2.3089999999999997
4.50545	7.881	5.787999999999999	8.757000000000001	4.224	9.158999999999999	8.468000000000002	4.5440000000000005	6.471	2.1180000000000003	2.241999999999999	5.114999999999998	6.928999999999999	6.820999999999998	6.215999999999998	2.638	6.845999999999997	4.048	7.864000000000001	4.215	9.558	9.297	4.248000000000001	3.5980000000000008	5.926999999999998	4.885	4.191000000000002	1.4009999999999998	5.786000000000001	2.513	6.166	4.003	9.611999999999998	3.996	11.906	6.420000000000003	6.507000000000001	4.445	6.943999999999999	2.2830000000000013	3.4159999999999986	4.428999999999999	3.3169999999999997	5.682000000000002	7.696999999999999	6.678999999999999	5.206999999999999	3.2899999999999987	2.3360000000000003
4.672219999999999	7.094000000000001	5.991999999999999	8.8	4.683999999999998	6.948000000000002	7.230000000000002	5.407	8.573	1.745000000000001	2.3439999999999994	5.506999999999998	7.586999999999998	5.960000000000001	5.448000000000002	2.7379999999999995	5.674000000000001	5.1979999999999995	7.786999999999999	3.940999999999999	10.213	8.109000000000002	4.353	3.9389999999999996	6.225	5.774999999999999	4.676	1.8619999999999999	7.4849999999999985	2.6839999999999997	5.398	3.4439999999999986	7.855999999999997	5.026	8.019000000000002	6.529	6.502000000000002	4.550000000000002	5.988	2.3120000000000007	3.5219999999999985	3.872	3.3029999999999986	5.957000000000002	6.172999999999997	6.031999999999997	5.767999999999999	3.18	1.939
4.83893	6.257999999999999	5.558999999999998	8.535	4.58	8.035000000000002	7.130000000000001	4.141	5.884999999999998	1.7590000000000003	2.382999999999999	6.997000000000001	7.415999999999999	5.597000000000001	5.631000000000002	2.536999999999999	6.569999999999999	3.5280000000000005	7.212000000000001	4.312999999999999	7.961000000000002	8.414000000000001	4.82	4.453000000000001	5.8389999999999995	5.7920000000000025	4.526	1.8309999999999995	7.029	2.151	7.006	4.908000000000001	8.256	4.0920000000000005	8.657	6.048000000000003	5.831999999999999	5.017000000000001	5.815999999999999	2.017000000000001	4.178999999999999	3.674000000000001	2.9149999999999987	5.048000000000002	6.286000000000001	6.406999999999997	3.388	3.052	1.881
5.00553	8.155000000000001	6.668000000000001	7.911999999999999	4.542	5.5280000000000005	7.051	5.506	5.8020000000000005	1.5269999999999992	2.1999999999999997	5.846999999999998	7.981	5.896999999999999	6.24	3.017999999999999	5.299	5.609000000000003	7.347999999999999	3.4189999999999987	9.542000000000002	8.911000000000003	4.522	4.487	5.970999999999997	6.425000000000002	4.513	1.866	5.879999999999999	2.2270000000000003	5.166	2.9450000000000003	7.752999999999999	3.484	8.155000000000001	5.562000000000001	5.063999999999998	4.91	5.1160000000000005	1.4030000000000005	3.1439999999999984	3.327	2.9949999999999988	6.155999999999999	4.969000000000001	5.232999999999999	4.066000000000002	3.346	1.8379999999999992
5.17226	8.838999999999997	5.920999999999998	8.309000000000001	4.34	7.996	6.852000000000002	4.924000000000001	6.6979999999999995	1.5139999999999991	1.879	4.622999999999998	9.903999999999998	5.887999999999997	7.136999999999999	2.7430000000000003	6.336999999999998	4.027000000000001	6.744	3.574	9.708000000000002	7.022000000000002	5.488	3.261000000000001	5.461	5.510999999999999	5.003	1.1649999999999991	5.6320000000000014	2.4529999999999994	6.2040000000000015	3.671999999999999	6.506999999999998	3.4960000000000004	10.221	5.862000000000003	5.031999999999998	6.568000000000001	4.344000000000001	1.556000000000001	3.3709999999999987	3.793000000000001	2.9599999999999986	4.7650000000000015	5.555	5.534000000000002	4.127999999999998	3.3579999999999988	1.7780000000000005
5.33894	6.818000000000001	6.807999999999998	8.289000000000001	4.253	5.74	5.8100000000000005	5.146000000000001	6.466000000000001	1.3819999999999997	2.103	5.986999999999997	8.168000000000001	6.751000000000001	6.831999999999999	2.635	5.2959999999999985	3.9389999999999996	6.7970000000000015	3.7259999999999986	9.537000000000004	7.527000000000001	4.543000000000001	3.6750000000000007	5.183	5.327000000000002	3.9389999999999996	1.768000000000001	6.710000000000001	2.177	6.233999999999997	3.228	7.987999999999999	4.481	9.413	5.226000000000001	6.560999999999997	4.622	5.113	1.5430000000000008	4.211999999999998	4.301	3.2779999999999987	4.606	5.3939999999999975	5.705999999999998	3.7769999999999992	3.437999999999999	1.8360000000000003
5.505730000000001	9.343	5.923999999999998	6.096	4.0089999999999995	8.381000000000002	6.020999999999999	4.426	7.224999999999998	1.6119999999999999	2.263	5.960000000000001	7.476000000000001	4.5569999999999995	6.4010000000000025	2.173	5.41	3.5760000000000005	6.3889999999999985	4.077	8.688000000000002	8.145	4.7040000000000015	3.788	4.892	4.274000000000001	4.171000000000001	1.6679999999999993	6.9220000000000015	2.382999999999999	4.6339999999999995	2.8169999999999997	9.441	5.620000000000001	9.367	5.650000000000002	6.345999999999997	4.783000000000001	4.7040000000000015	1.439	3.0879999999999987	4.463000000000001	3.129	7.080000000000003	5.414999999999999	4.773999999999999	4.321000000000001	3.789	1.923
5.67226	6.527999999999999	6.302999999999999	6.355	4.006	8.282000000000002	5.422000000000002	3.8990000000000014	7.006999999999998	1.4670000000000003	2.212999999999999	3.883999999999999	7.664	4.292	6.9940000000000015	2.2189999999999994	4.215999999999998	4.027000000000001	7.339000000000002	3.2879999999999985	7.707000000000002	8.189	4.416	3.5950000000000006	6.057	4.700000000000001	4.1690000000000005	1.6649999999999991	6.2040000000000015	2.167	5.346999999999999	2.8859999999999992	7.125999999999998	4.02	9.03	4.456000000000001	7.415000000000001	4.852	3.701000000000001	1.6989999999999998	3.2760000000000002	4.245000000000001	3.4130000000000003	4.8130000000000015	5.268999999999998	4.389999999999999	3.6510000000000002	2.9529999999999994	1.8729999999999996
5.83901	7.995000000000001	6.674999999999999	7.298999999999999	4.260999999999999	8.273000000000001	5.723000000000001	3.5820000000000007	6.783999999999999	1.4600000000000009	1.895999999999999	4.615	7.296999999999999	3.9499999999999993	5.889000000000001	2.522	5.2799999999999985	3.995000000000001	5.734000000000003	3.3279999999999994	9.861	8.536999999999999	3.955	3.468	5.619999999999999	4.335000000000001	4.065	1.3469999999999995	7.291	2.16	3.3139999999999996	3.378	6.472999999999999	4.0600000000000005	7.1370000000000005	5.591000000000001	8.046999999999999	5.416	3.621	1.3350000000000009	4.316000000000002	3.3800000000000012	3.857999999999999	5.114000000000001	4.331	4.763	3.1899999999999995	2.8739999999999988	1.8430000000000002
6.00568	7.551000000000003	5.461999999999998	6.945	4.135999999999999	6.773999999999999	5.175000000000002	3.551	6.285	1.3550000000000004	2.055	3.968	8.783999999999999	4.067	6.321000000000001	2.2010000000000005	4.776999999999999	3.9920000000000013	5.853999999999999	2.869	9.345000000000002	7.949999999999998	3.879	4.1080000000000005	5.118	4.117000000000001	4.133000000000001	1.1769999999999996	6.27	1.9819999999999995	4.286999999999999	3.062999999999999	6.192	4.199999999999998	7.192	5.353	5.790999999999999	4.365	4.024000000000001	1.6580000000000013	3.241	3.6860000000000004	3.33	5.091000000000001	4.472999999999999	5.002000000000002	3.5939999999999994	4.347999999999999	1.975999999999999
6.1723	8.07	5.676999999999998	6.492000000000001	3.6439999999999997	7.1560000000000015	5.297999999999999	3.2990000000000013	7.620999999999999	1.4619999999999995	2.208	3.426	8.92	4.548	6.7730000000000015	2.523999999999999	5.283	3.926	6.094000000000001	3.26	7.555000000000002	10.517000000000001	3.5050000000000012	3.6140000000000008	5.479999999999999	4.338000000000001	3.949	1.5169999999999997	6.865000000000002	2.115	4.388	3.0	7.858	3.847999999999999	6.402000000000001	4.4030000000000005	6.144999999999998	4.561	3.2669999999999995	1.3369999999999995	4.246999999999998	4.1690000000000005	3.4789999999999988	4.879000000000001	4.763	4.526999999999999	3.145	4.376999999999999	2.154
6.33906	7.995000000000001	5.246	6.370000000000001	3.141	6.415000000000001	4.461	3.273	6.332000000000002	1.436	2.253	3.805	7.177999999999999	3.545	6.246	2.141	5.017999999999999	3.638	5.52	3.4479999999999986	8.241000000000003	9.656	2.812000000000001	3.1590000000000007	5.190999999999999	3.9060000000000006	3.946	1.3469999999999995	5.4810000000000025	1.9699999999999989	4.241999999999999	2.8550000000000004	7.782999999999998	4.440999999999999	6.256	4.686	6.332999999999999	4.106	3.0020000000000007	1.0730000000000004	3.267999999999999	4.023	3.286	4.8290000000000015	4.5459999999999985	3.2619999999999987	3.0	4.350999999999999	2.3899999999999992
6.50565	8.948	4.578999999999999	5.227	3.141	8.296000000000001	4.485000000000001	3.654	6.783999999999999	1.508000000000001	2.2769999999999992	3.732999999999999	6.962999999999999	3.687999999999999	6.032000000000003	1.9979999999999996	6.638	3.495000000000001	5.757999999999999	2.780999999999999	8.241000000000003	8.561	2.455	3.8489999999999998	4.857999999999999	4.192	3.8030000000000013	0.9429999999999996	4.909000000000002	1.802999999999999	4.122999999999998	2.2349999999999994	7.855	4.488999999999999	6.184999999999999	4.091000000000001	6.141999999999998	4.606	2.764000000000001	0.9779999999999998	3.5779999999999994	3.4510000000000005	2.952	4.257	4.212	3.4759999999999986	2.713999999999998	4.16	2.6050000000000004
6.67242	7.943999999999999	4.452	4.766	3.131	6.456000000000001	4.3100000000000005	2.7620000000000005	6.0150000000000015	1.6639999999999997	2.625	3.0809999999999995	6.863000000000001	3.847	5.3100000000000005	2.129999999999999	5.392	3.2239999999999998	4.941000000000002	2.937999999999999	6.8850000000000025	7.1979999999999995	2.2780000000000005	3.4120000000000013	5.183999999999998	4.208	3.652000000000001	1.2200000000000006	5.355	2.03	3.805	2.0109999999999992	7.588999999999999	4.2189999999999985	5.273	4.106	5.112	4.7650000000000015	2.7780000000000005	1.157	2.712	3.824	3.039	4.011000000000001	3.9419999999999997	4.112	2.324	3.818	2.7620000000000005
6.83909	9.173000000000002	4.658	4.496	2.7430000000000003	6.1610000000000005	4.231	2.946	6.006999999999998	1.6099999999999994	2.904	3.145	7.401999999999999	3.744	5.349000000000002	1.8610000000000009	5.622000000000001	3.5020000000000007	4.4319999999999995	3.001999999999999	4.275000000000002	7.8560000000000025	2.5810000000000013	3.5470000000000006	6.295	4.224	3.5009999999999994	1.0220000000000002	4.965	2.119	3.6069999999999993	2.052	7.77	5.283000000000001	5.3839999999999995	3.979000000000001	4.865	4.280000000000001	3.4150000000000014	1.2220000000000013	2.8469999999999995	4.007	2.388	4.336	3.887000000000001	4.103999999999999	1.8159999999999992	3.953999999999999	3.0410000000000004
7.00582	7.181000000000001	4.427999999999999	3.908000000000001	2.7739999999999987	6.741999999999999	4.191000000000002	2.1660000000000004	5.586	1.7599999999999998	3.0779999999999994	3.4629999999999987	7.339999999999997	3.2270000000000003	5.238999999999999	1.7720000000000002	4.7010000000000005	3.3670000000000013	5.465	2.4369999999999994	5.5740000000000025	7.532	2.349	3.0540000000000003	5.183999999999998	4.065	3.0080000000000013	1.173	4.972999999999999	2.173	3.257	2.081999999999999	6.349	3.860999999999999	5.488	3.343	4.612	4.336	2.087	1.3480000000000008	3.617999999999999	3.610000000000001	2.801	3.152000000000001	3.0120000000000005	3.3729999999999998	1.8229999999999984	3.889999999999999	3.3579999999999988
7.1724	7.126000000000001	4.382	3.7230000000000008	2.4510000000000005	6.764000000000001	4.575000000000001	2.154	5.087999999999999	1.9339999999999995	3.2009999999999987	2.802	7.142999999999999	3.5649999999999995	5.025	1.8089999999999995	4.323	3.205	4.847000000000001	2.587999999999999	4.674000000000003	5.742000000000001	2.1210000000000004	2.68	5.8740000000000006	3.807	2.777000000000001	1.0329999999999997	4.7360000000000015	2.208	2.6919999999999997	1.6150000000000002	8.46	4.317	5.4860000000000015	3.2780000000000005	3.7769999999999992	4.006	1.834	1.2650000000000006	4.142999999999999	2.995000000000001	2.353999999999999	3.1810000000000014	2.8989999999999987	3.732999999999999	1.6869999999999994	2.847999999999999	3.6009999999999986
7.339160000000001	8.264	4.421999999999999	3.2140000000000004	2.4399999999999995	4.996	4.3290000000000015	3.071	5.3889999999999985	2.0909999999999997	3.501999999999999	2.5309999999999993	6.328999999999999	3.3419999999999987	4.446000000000001	1.8929999999999991	4.315	2.649000000000001	4.078000000000001	2.459	4.459000000000003	5.902000000000001	1.991	2.7900000000000014	5.225	3.846	2.2200000000000006	1.144	4.443000000000001	2.3870000000000005	2.349	1.6760000000000002	7.1720000000000015	3.2620000000000005	5.170000000000002	3.221	3.650999999999998	3.7360000000000007	1.895	1.6340000000000003	3.6359999999999992	3.296000000000001	2.4159999999999986	3.744	3.08	2.963999999999998	1.7009999999999987	2.862	4.020999999999999
7.50586	7.318000000000001	4.880000000000001	3.2430000000000003	2.2780000000000005	6.215999999999998	4.453000000000001	2.5989999999999998	4.347	2.1910000000000007	4.007	2.4159999999999986	6.072999999999999	3.228	4.618	1.991999999999999	4.558	2.844000000000001	4.916	2.4159999999999986	4.014000000000003	5.3599999999999985	2.115	2.889000000000001	4.802	3.8510000000000013	2.2010000000000005	1.125	4.020000000000001	2.6060000000000003	1.8059999999999992	1.6809999999999992	7.487999999999999	3.91	4.795000000000002	3.107000000000001	3.6569999999999983	3.908000000000001	1.6850000000000005	1.8290000000000008	3.0699999999999985	3.1820000000000004	1.9930000000000003	3.2010000000000005	2.395	3.1830000000000003	1.8010000000000002	2.796	4.3119999999999985
7.6725	7.651	4.2799999999999985	2.5200000000000014	2.173	4.972000000000001	4.996	2.2330000000000005	3.84	2.4700000000000006	4.264999999999999	2.193999999999999	5.712999999999999	2.888	4.995000000000001	1.9830000000000003	3.7419999999999987	2.8139999999999996	4.601000000000001	2.337	3.6830000000000003	4.904	1.6300000000000008	2.715	4.606	4.0120000000000005	2.0020000000000007	1.3580000000000003	4.062000000000001	2.9789999999999988	1.8699999999999992	1.577	5.698999999999997	3.5700000000000003	4.004	3.1950000000000003	3.0329999999999995	3.9730000000000008	1.439	2.083	3.302	3.2710000000000012	2.0809999999999995	2.9330000000000003	2.6739999999999995	2.8669999999999987	2.0809999999999995	2.764999999999999	4.831
7.839169999999999	6.2650000000000015	4.469999999999999	2.333	1.9160000000000004	5.8050000000000015	5.2570000000000014	2.024000000000001	4.674999999999999	2.615	4.668000000000001	2.1739999999999995	5.449	2.8419999999999987	5.421999999999999	2.131	3.577	2.792	4.221	2.055	3.3169999999999997	4.474	1.6110000000000009	2.266	4.629999999999999	3.703	1.8629999999999995	1.3580000000000003	3.6810000000000014	3.077	2.016	1.2720000000000002	5.744	3.286	3.4570000000000007	3.221	3.199	3.1889999999999996	1.609	2.324	2.5649999999999995	2.891	2.0119999999999987	2.911	2.866	2.273999999999999	2.462999999999999	2.7430000000000003	5.211
8.00587	5.747000000000001	4.619999999999999	2.106	2.1180000000000003	6.978	5.430999999999999	1.9869999999999999	4.327	2.885	5.15	1.8039999999999985	4.362	3.042	5.571000000000001	2.189	3.1820000000000004	2.825000000000001	3.6110000000000007	1.946	3.3670000000000013	4.173	1.455	2.1340000000000003	3.7579999999999987	3.949	1.9690000000000007	1.4849999999999994	3.737	3.372	2.264	1.4009999999999998	6.605999999999997	2.5809999999999995	3.0850000000000013	3.4920000000000013	3.2779999999999987	3.388	1.620000000000001	2.6910000000000007	2.2649999999999992	3.375	2.2589999999999986	2.991	2.8279999999999994	2.164	2.8989999999999987	2.799999999999999	5.7170000000000005
8.17251	5.239000000000001	4.657	1.8790000000000011	2.1519999999999992	5.0889999999999995	5.445000000000002	1.926	3.5540000000000003	3.0639999999999996	5.807	1.7429999999999986	4.1850000000000005	2.9349999999999987	6.0619999999999985	2.270999999999999	2.7899999999999987	3.1460000000000012	3.9330000000000003	1.7189999999999994	3.575000000000003	3.7810000000000006	1.561	1.978	3.676	3.629	2.004	1.8309999999999995	4.2970000000000015	3.717000000000001	2.584999999999999	1.6029999999999998	6.122000000000001	2.427	2.8830000000000013	3.5040000000000013	3.5529999999999986	3.4480000000000004	1.5359999999999996	3.131	2.1099999999999994	3.2219999999999995	2.5089999999999986	3.4080000000000013	2.911	2.0329999999999995	3.6019999999999985	3.1210000000000004	6.206999999999999
8.3393	4.992000000000001	5.171999999999999	2.015000000000001	2.3119999999999994	5.8900000000000015	5.769	1.9440000000000008	3.167	3.318	6.107000000000001	1.7839999999999991	3.9149999999999987	3.283999999999999	6.456999999999999	2.3599999999999994	2.924999999999999	3.0440000000000005	3.9730000000000008	1.7369999999999999	3.3740000000000023	3.5600000000000005	1.768000000000001	2.043000000000001	3.3349999999999986	3.8830000000000013	2.2590000000000003	1.7759999999999998	4.242000000000001	4.161999999999999	2.9819999999999998	1.9049999999999996	5.209	2.347999999999999	2.519	3.782	3.545	2.584	1.7430000000000003	3.552	1.959999999999999	3.2140000000000004	2.763	3.6620000000000013	3.3560000000000003	2.049999999999999	4.188999999999998	3.257	6.982999999999999
8.50588	4.771999999999999	5.380000000000001	2.130000000000001	2.427	5.718	6.073000000000002	2.011000000000001	2.7579999999999987	3.6940000000000013	6.837999999999999	2.0169999999999995	3.8859999999999992	3.3509999999999986	6.950000000000001	2.5700000000000003	2.8260000000000005	3.324	3.4920000000000013	1.827	2.7010000000000005	3.578000000000001	1.5259999999999998	1.9910000000000012	3.520999999999999	4.1869999999999985	2.540000000000001	2.27	4.4510000000000005	4.609	3.5719999999999987	2.115	5.012999999999998	2.296	2.3710000000000004	4.205	3.8249999999999975	2.7940000000000005	1.9760000000000009	4.118	2.097999999999999	2.995000000000001	3.115	3.9419999999999997	3.921	2.3069999999999986	4.801	3.632	7.832999999999999
8.67263	4.693000000000001	5.656999999999997	2.337	2.6579999999999995	5.3290000000000015	6.491000000000001	1.981	2.7509999999999994	4.042	7.612	2.0109999999999992	3.879	3.485999999999999	7.107000000000001	2.7769999999999992	2.5809999999999995	3.887000000000001	3.152000000000001	1.939	2.1680000000000033	3.8320000000000007	1.9480000000000004	2.341000000000001	3.655999999999999	4.441000000000002	3.103	2.6179999999999986	4.276	5.0280000000000005	3.8489999999999998	2.321	4.552999999999999	1.8379999999999992	2.2219999999999995	4.507	4.124999999999998	2.8580000000000005	2.1830000000000003	4.6560000000000015	2.02	2.7740000000000014	3.677	4.148	4.246	2.3709999999999987	5.647	4.123999999999999	8.441
8.8394	4.3439999999999985	5.781999999999997	2.7750000000000004	2.882	4.767000000000001	7.375999999999999	2.253	2.975	4.596	7.947999999999999	2.1399999999999992	3.530999999999999	3.969	7.943	3.1199999999999988	2.6630000000000003	4.085000000000001	3.1620000000000013	2.0919999999999987	1.9570000000000007	3.7689999999999997	2.101000000000001	2.5410000000000004	3.4979999999999998	5.018000000000002	3.397	3.0040000000000013	4.474	5.487	4.5459999999999985	2.83	4.084999999999999	2.2039999999999993	2.16	5.297999999999999	4.392999999999999	2.583	2.5730000000000004	5.305	1.9339999999999995	2.498000000000001	4.206999999999999	4.7490000000000006	4.349	2.522	6.507000000000001	4.748999999999999	9.275
9.00596	3.859	6.6560000000000015	2.8550000000000004	2.914	6.255000000000001	7.515000000000002	2.3550000000000004	3.030999999999999	5.0150000000000015	9.066999999999998	2.552	3.78	3.958	8.655	3.389	3.0749999999999997	5.001999999999999	3.1	2.456999999999999	2.362000000000002	4.091000000000001	2.394	2.8110000000000004	3.104999999999998	5.556000000000001	4.050000000000002	3.2830000000000013	4.726000000000001	6.025	5.439999999999998	3.0540000000000003	3.9330000000000003	2.0700000000000003	2.241	6.193000000000001	5.122999999999998	2.6630000000000003	3.059000000000001	5.963000000000001	2.0629999999999993	2.6510000000000002	4.722	5.240000000000002	4.838000000000001	2.9849999999999994	7.909000000000002	5.287000000000001	10.133
9.17271	3.8640000000000008	7.625999999999999	3.245000000000001	3.4239999999999995	6.233000000000002	8.508000000000001	2.628	3.398	5.492000000000001	9.626	3.013	3.8110000000000004	4.366999999999999	9.431000000000001	3.8509999999999986	2.801	5.312999999999999	3.2040000000000006	2.5619999999999994	2.2120000000000037	4.333	2.9739999999999998	3.2010000000000005	3.138	6.080000000000003	4.673	3.8290000000000006	5.3229999999999995	6.882000000000001	6.392	3.7259999999999986	3.1069999999999998	2.1999999999999997	2.298	6.93	5.714999999999997	2.151	3.375	6.2959999999999985	2.356	2.8489999999999998	5.792000000000001	5.882999999999999	5.530000000000001	3.016	9.111	6.191000000000002	11.048
9.33934	3.51	8.342	3.6270000000000007	3.7579999999999987	5.9990000000000006	8.962000000000002	2.7260000000000013	3.565999999999999	6.206	10.508	3.087	3.7419999999999987	4.963000000000001	10.36	4.161999999999999	2.898	5.530000000000001	3.2310000000000003	2.9919999999999987	2.2390000000000008	4.621	3.0950000000000006	3.772	3.424999999999999	6.795000000000003	5.411999999999999	4.5440000000000005	5.752999999999999	7.502000000000002	7.771000000000001	4.251	3.1099999999999994	1.561	2.5610000000000004	7.786999999999999	6.502000000000002	2.2010000000000005	4.279	7.4140000000000015	2.8809999999999985	3.112	6.4350000000000005	6.905999999999999	6.338999999999999	3.5639999999999996	10.585999999999999	6.928999999999999	12.024000000000001
9.50606	3.3439999999999994	8.673999999999998	4.149000000000001	4.256	5.168000000000001	9.556000000000001	3.2239999999999998	3.993	6.705000000000003	11.409999999999998	3.68	4.003	5.887999999999997	10.835	4.731	3.2300000000000004	6.2650000000000015	3.658000000000001	3.4659999999999997	2.785	4.977	3.5700000000000003	4.366000000000001	3.5669999999999997	7.626000000000001	6.312999999999999	5.517	6.488	8.095	8.791	4.963000000000001	2.539999999999999	1.4659999999999993	2.917	9.187	7.545999999999998	2.1530000000000005	4.801000000000002	8.126000000000001	3.2129999999999987	3.658000000000001	7.693	7.7600000000000025	6.695	4.0619999999999985	12.508	8.092	13.353
9.67278	3.2360000000000007	9.638	4.681000000000001	4.622999999999998	5.202000000000001	10.662	3.684000000000001	4.478	7.548999999999999	12.447	4.0459999999999985	4.677999999999999	6.422999999999997	11.585999999999999	5.359	3.3580000000000005	6.942	3.953000000000001	3.950999999999999	2.6560000000000024	5.533999999999999	4.4110000000000005	4.899000000000001	3.9330000000000003	8.779	7.061	5.838999999999999	7.142	8.963	10.04	5.8290000000000015	3.0249999999999986	1.616999999999999	3.212	9.842	8.51	2.162000000000001	5.6670000000000025	9.066	3.697999999999999	4.405000000000001	8.466000000000001	8.818000000000003	7.5859999999999985	4.976000000000001	14.281999999999998	9.458999999999998	14.534
9.83943	3.015000000000001	9.839999999999998	5.053000000000001	5.09	4.838000000000001	11.055	4.223000000000001	4.9689999999999985	8.251000000000001	13.240999999999998	4.7029999999999985	5.287000000000001	6.626999999999999	13.022	5.849	3.6830000000000003	7.431000000000001	4.1819999999999995	4.798	3.168000000000003	5.929000000000002	4.949	5.389000000000001	4.163	9.836	8.190999999999999	7.0150000000000015	8.224	10.021	12.403	6.579999999999997	2.5429999999999997	1.4689999999999994	3.8450000000000006	12.181	9.258	2.013	6.559999999999999	9.839000000000002	4.379	4.848000000000001	9.643	9.663	8.857999999999999	5.4419999999999975	16.214999999999996	10.800999999999998	15.374999999999998
10.00607	2.777000000000001	11.075	5.504000000000001	5.73	4.601000000000001	12.075	4.864000000000001	5.657	9.034	14.665	5.4860000000000015	5.193	7.789999999999999	13.472999999999999	6.608999999999997	4.205	8.475999999999999	5.464000000000002	5.129999999999999	3.761000000000003	6.7600000000000025	5.780000000000001	6.5280000000000005	4.542999999999998	10.762	9.758	8.082999999999998	8.936	11.017	13.874	7.362999999999999	2.353	1.491999999999999	4.2959999999999985	15.219	9.993999999999998	2.1560000000000006	7.9849999999999985	11.547	5.303999999999999	5.892000000000001	11.185999999999998	11.395	9.214	6.2490000000000006	17.924	11.964	16.964999999999996
10.172839999999999	2.991	11.833999999999998	6.7620000000000005	6.181000000000001	4.316000000000002	13.096000000000002	5.3389999999999995	6.463999999999999	9.864999999999998	15.210999999999999	6.151	5.619999999999999	8.099	14.85	7.416	4.869999999999999	9.164	5.844000000000001	6.056000000000001	4.117000000000001	7.234000000000003	6.6110000000000015	7.359	4.969999999999999	12.02	10.969	8.937999999999997	9.838	12.085999999999999	15.416999999999998	8.573	2.234	1.4689999999999994	4.841999999999999	16.192	11.466	1.9660000000000009	8.792000000000002	12.616	6.087999999999999	6.343000000000003	12.562000000000001	13.579	10.52	7.553999999999999	20.914	14.1	18.602999999999998
10.33948	2.9350000000000005	12.832	7.516999999999999	7.006	3.714	13.501	6.234000000000003	7.193999999999999	11.027	17.116	7.143000000000002	5.946000000000001	8.95	15.708	8.218	5.551	10.895999999999999	6.5740000000000025	6.9529999999999985	5.09	7.942	7.6979999999999995	8.590000000000002	5.984	12.994000000000002	13.058	10.576999999999998	11.262	13.416	18.391	10.091	2.1529999999999987	1.7189999999999994	5.833000000000002	19.76	13.344000000000001	2.145	10.618000000000002	14.208000000000002	6.961999999999998	7.644	14.464	15.838	11.683	8.072999999999999	23.515	16.194000000000006	20.035
10.50615	2.8360000000000003	13.592999999999998	8.738999999999999	7.5189999999999975	3.640000000000001	15.304	6.818999999999999	8.11	12.384	18.318	8.175999999999998	6.482999999999999	10.288	16.630000000000006	9.322000000000001	5.877000000000002	12.087	7.679000000000002	7.843	5.450000000000002	9.139	8.754000000000001	10.165	6.19	14.775	14.91	12.072000000000001	12.286	14.816999999999998	20.896	12.28	2.126999999999999	1.814	6.773	20.746	15.167999999999996	2.144	11.786	16.153	7.874	8.959999999999997	16.714999999999996	16.830000000000002	13.323	9.862	27.17	18.798	21.589000000000002
10.67286	2.978	14.589	9.973	8.468	3.4739999999999998	16.372	7.862999999999999	9.224	13.309	19.599	9.195	6.862	10.738	17.721000000000004	10.389000000000001	6.113999999999999	12.988	8.604	9.550999999999998	6.684000000000001	10.064	10.603000000000002	11.185	7.019999999999998	15.439	16.689	13.211	14.349	15.812999999999999	22.698	13.442	2.411999999999999	1.9559999999999995	7.792999999999998	23.307	16.188000000000002	2.548	13.517000000000001	18.002	9.013	9.766	19.015	19.817999999999998	14.343	10.62	30.253	21.193	23.083000000000002
10.83951	3.0610000000000004	15.822	11.068	9.4	3.154	16.798000000000002	9.032	10.345	15.206	21.041	10.575999999999999	8.363000000000001	12.52	19.450000000000006	11.627	7.212999999999999	14.697000000000001	9.843	10.836	7.468	10.496000000000002	11.13	12.635	7.7860000000000005	17.312	18.324	14.988	15.489	17.804000000000006	26.911	15.457999999999998	2.4239999999999995	2.1579999999999995	8.841999999999997	26.381999999999998	19.054	2.4890000000000008	16.102	19.849	10.274000000000001	11.004000000000001	20.884	22.943	16.69	12.283	32.515	23.819000000000006	24.594
11.006160000000001	3.0370000000000013	17.552	12.537	10.678999999999998	3.154	18.67	10.074000000000002	10.866	16.154	22.842	12.020999999999999	9.097999999999999	14.297	19.947000000000006	13.166999999999998	7.970999999999997	16.569000000000003	10.91	12.092	9.222	12.273	13.760000000000002	14.934000000000001	8.970999999999998	17.833000000000006	21.427000000000003	16.765	17.171	19.416	33.071	17.804000000000002	2.519	2.513	10.382	30.339	21.660000000000004	2.9150000000000014	18.756	22.195000000000004	11.483	13.61	23.965	25.407000000000004	18.515	14.321	36.045	25.596000000000004	27.153000000000002
11.17287	3.1869999999999994	19.037	14.422	11.662	3.256	19.397000000000002	11.247	13.058	17.472	24.187	13.503	10.530999999999999	14.95	21.243	14.364	8.999999999999998	18.456	12.343	13.479000000000001	10.302000000000003	13.542000000000002	15.148	16.843000000000004	9.691999999999998	20.976999999999997	23.53	18.630000000000006	19.912	20.806	33.995000000000005	19.785999999999998	2.6439999999999997	2.8759999999999994	11.982000000000001	32.611999999999995	22.579	3.136000000000001	20.621	24.180000000000003	13.272999999999998	14.002	26.733	26.73	20.971999999999998	16.799999999999994	35.525	28.980999999999998	27.742000000000004
11.33958	3.43	19.590999999999998	16.67	13.068	3.0530000000000013	20.827	12.772000000000002	14.695999999999998	19.26	25.340999999999998	15.846999999999998	12.197	16.651	23.14	15.976	10.033999999999999	20.195	13.793	15.823	11.950999999999999	14.915999999999999	17.819000000000003	18.753	11.362	22.166	27.265	20.385	22.379	22.870999999999995	35.64400000000001	23.058000000000003	2.984	3.405	13.549000000000001	36.417	26.028000000000002	3.357000000000001	23.795	26.991999999999997	15.047	16.462000000000003	29.275	30.313	22.301	18.471	34.046	32.039	29.928000000000004
11.506310000000001	3.4770000000000003	20.515	18.701	15.329	3.003	21.657000000000004	14.204	17.529	21.131	27.931999999999995	18.375	13.251	18.66	25.301	17.531	11.912999999999998	21.806	15.843	17.617	13.394000000000002	17.348	20.278	21.759	12.793	24.774	30.474	22.853	24.255000000000006	25.361999999999995	36.663000000000004	25.219	3.196	3.8539999999999988	15.932	40.61	29.072000000000006	3.9	25.862	29.323000000000004	16.674999999999994	18.352000000000004	34.216	34.427	24.816000000000006	20.956999999999997	31.324	36.368	31.910000000000004
11.6729	3.5980000000000008	21.654000000000003	20.458	16.737000000000002	3.0080000000000013	23.03100000000001	16.322	19.24	23.025	29.532	20.273	15.204	19.872	25.18	19.692	13.703	25.284000000000002	17.887999999999998	20.178	15.953000000000005	18.893	22.387	25.142000000000003	14.675999999999998	27.823	31.906	25.025	26.971999999999998	28.032	33.287000000000006	27.225	3.4119999999999986	4.2589999999999995	17.691	37.017	31.401999999999997	4.164	28.081000000000003	31.987	19.379	21.077	36.376	37.13	28.006	22.732	32.067	38.005	33.175000000000004
11.83957	3.8320000000000007	23.380000000000006	23.153	19.212	3.1450000000000014	24.33300000000001	18.158	21.956999999999997	24.659000000000002	31.483999999999995	22.731	16.991999999999994	23.182	26.863000000000003	21.107	15.133	26.660000000000004	19.798	22.423000000000002	17.585	20.875999999999998	25.7	26.991	16.439999999999998	28.374000000000002	37.577	27.068	29.581999999999997	29.931999999999995	29.489	32.085	3.977	4.99	19.081	32.678000000000004	34.849000000000004	5.1080000000000005	31.545	35.290000000000006	21.695	25.1	39.354	41.672	31.446	25.006	31.181000000000004	33.503	34.821999999999996
12.00634	4.061	24.83	25.573000000000004	21.493000000000002	3.517000000000001	24.977000000000004	19.777	24.709	27.362	32.620999999999995	25.576999999999998	19.463	25.744	27.53	23.102	16.682000000000002	29.764000000000006	22.693	25.459	19.342	23.840999999999998	27.788	29.291000000000004	18.887	31.288	39.871	29.839000000000002	32.259	32.419000000000004	30.438000000000002	35.376	4.206	5.8580000000000005	22.733	32.443000000000005	37.238	5.667999999999998	36.137	36.568000000000005	23.831	26.62	38.381	40.177	33.506	27.873999999999995	32.271	32.51	36.12300000000001
12.173	4.285	26.489000000000004	28.913	23.599	3.668000000000001	27.109	23.230999999999998	25.68	29.425	34.049	29.368000000000002	21.592	29.156	30.138000000000005	25.446	18.121	33.416000000000004	24.137000000000004	29.131	21.854	24.86	31.012	34.33900000000001	21.394000000000002	32.43000000000001	39.196	31.574	35.036	35.172	31.769	37.421	4.998000000000001	6.579999999999997	24.699	33.491	39.57	6.650000000000002	38.088	32.31400000000001	27.764	29.346	34.437	36.992	36.332	31.382	32.728	32.161	36.772
12.33968	4.582000000000002	26.699	32.105000000000004	26.889000000000006	3.753	29.686	25.22	30.294	32.332	35.839	31.375	24.149	29.507	30.725	27.93	21.249	35.681	28.799000000000003	30.429000000000002	25.282000000000004	26.941000000000006	34.81700000000001	37.858	22.672999999999995	37.086	32.985	34.832	37.513000000000005	38.052	31.881999999999998	38.902	5.341999999999999	7.68	28.815	33.816	39.391999999999996	7.584	37.297	30.58	28.517	31.116	34.619	36.509	39.446	32.915	32.39	33.22	39.058
12.50634	4.763000000000002	27.697000000000006	34.093	28.502	3.9590000000000014	30.090999999999998	28.395000000000003	32.946	35.005	36.808	35.824	25.668000000000003	32.442	30.916000000000004	29.093	22.392	39.251999999999995	30.481	33.435	27.294000000000004	29.594	36.614	39.441	25.495	38.788000000000004	33.955	37.859	40.019	40.983000000000004	32.52200000000001	34.713	6.492000000000001	8.593	32.177	34.479	37.78	9.042000000000002	33.014	29.731	31.193	34.973	34.571	35.135999999999996	39.538000000000004	37.551	32.887	33.481	39.103
12.67302	5.244	29.35	38.589	30.983	3.9430000000000014	31.769000000000005	30.71	35.713	36.994	38.466	37.173	29.521	36.748000000000005	32.666000000000004	31.385	25.248999999999995	41.1	32.727000000000004	38.262	31.033	32.716	39.26600000000001	36.012	27.833000000000002	39.642	34.215	40.441	38.412	41.27	32.19	32.631	7.282	10.07	32.933	32.254000000000005	35.818000000000005	9.738	32.162	30.154	33.605	36.961	34.406	36.225	38.381	39.707	34.425000000000004	33.291000000000004	40.549
12.8398	5.587000000000001	29.283	39.215	35.724000000000004	4.094000000000001	32.722	33.793	38.066	39.656	39.14	39.43299999999999	30.283	40.001999999999995	33.075	33.995	27.76	40.094	35.50400000000001	38.438	31.066000000000006	34.735	35.22700000000001	33.534	30.275	40.861	34.245999999999995	41.355	37.333	38.512	32.977000000000004	31.879	8.099999999999998	10.794999999999998	37.013000000000005	34.343999999999994	37.699	11.386	32.286	30.964	35.271	40.523	35.219	36.779	36.946999999999996	40.145	34.055	32.966	41.721
13.00643	5.9780000000000015	30.935	35.34699999999999	37.016999999999996	4.392000000000001	33.378	35.467	39.429	41.183	39.886	37.315	33.236000000000004	41.126999999999995	34.228	36.071	30.076	38.118	39.04600000000001	37.244	33.991	36.549	33.894000000000005	31.800000000000004	32.518	37.109	34.120999999999995	40.441	36.329	37.223	34.107	31.021	9.767000000000001	11.963	39.299	34.596999999999994	37.073	12.744000000000002	33.510999999999996	31.076999999999998	38.906	43.446000000000005	35.305	36.272	36.867	42.05	33.597	33.882	41.614
13.17315	6.362000000000003	31.932	33.336999999999996	37.914	4.708	34.08900000000001	36.885	34.766999999999996	41.435	41.109	34.239000000000004	38.463	36.533	34.488	38.387	31.098000000000003	36.46	39.75100000000001	33.908	36.775	40.637	31.011	32.843	34.672	36.28	35.37399999999999	38.99	35.098	36.37	33.28	33.2	10.809	13.570999999999998	39.908	35.37699999999999	36.17	14.351	32.637	30.916	41.762	46.037	35.138000000000005	38.091	38.046	45.706	34.258	33.434000000000005	41.913999999999994
13.3398	6.754000000000001	32.713	32.417	34.96	4.961	33.924	35.160000000000004	33.114000000000004	39.611999999999995	41.696000000000005	33.53100000000001	39.17	35.753	35.835	40.725	35.708	37.049	37.43300000000001	34.074	39.984	40.091	32.667	31.875	37.083	37.673	35.209	37.285	35.004	35.992	34.179	34.146	12.096999999999998	15.378	37.211999999999996	35.779	37.563	15.59	32.827	31.320000000000004	44.12	46.621	35.232	36.766	36.58	47.283	35.156	34.38	42.099
13.50658	7.2600000000000025	32.381	33.455	33.966	5.181000000000001	33.475	32.961	31.954	38.977	42.268	32.679	39.976	36.699	35.079	39.995	35.708	37.287	34.857	34.120999999999995	43.347	38.013000000000005	32.524	32.678000000000004	40.086	36.492	35.28	37.879	36.493	36.678000000000004	33.468999999999994	33.058	13.622	16.668	34.897	35.92100000000001	37.518	17.235	33.748000000000005	31.956	45.213	46.462	36.036	37.358000000000004	36.888000000000005	45.138000000000005	35.321999999999996	36.247	43.096
13.673179999999999	7.709	32.239000000000004	33.928000000000004	32.099000000000004	5.370000000000001	34.609	32.654	32.852	38.385999999999996	42.244	33.034000000000006	43.99500000000001	36.77	35.056000000000004	38.529	39.775	38.162	35.708	33.31699999999999	43.276	37.115	31.791	34.191	42.639	37.414	35.98900000000001	37.524	36.801	37.434	33.989000000000004	34.193000000000005	14.71	18.346	34.424	36.70099999999999	37.092	18.771	34.173	32.027	43.582	46.32	36.178000000000004	38.162	37.101	46.462	35.771	35.491	43.522
13.83983	8.341000000000001	33.494	34.355000000000004	32.694	5.818000000000001	34.303000000000004	33.555	31.818	38.804	43.931000000000004	34.617999999999995	44.358	36.813	35.716	38.265	41.869	37.519	35.49500000000001	34.617999999999995	46.699	35.647	32.527	33.318000000000005	43.643	37.104	36.69500000000001	38.838	36.443000000000005	37.785	33.188	33.957	16.322	20.449	34.848	37.43000000000001	38.431999999999995	20.874000000000002	34.811	32.81100000000001	42.505	46.656000000000006	36.553000000000004	38.935	38.749	47.293	35.485	35.41900000000001	43.555
14.006470000000002	8.988999999999999	33.871	34.306999999999995	33.141999999999996	6.228	36.64100000000001	33.153	35.453	39.657	44.219	34.5	46.86600000000001	36.649	37.228	38.101	43.809	38.56	35.42400000000001	35.161	46.94500000000001	37.207	32.644000000000005	34.357	45.938	39.018	35.657	39.007	36.373000000000005	38.329	34.367999999999995	33.792	18.272000000000002	21.953000000000007	35.416	36.44	38.246	22.26	34.622	33.069	42.367	46.733000000000004	36.129	40.0	39.105	45.599	35.67500000000001	36.529	44.032
14.17325	9.855	34.516	34.52800000000001	33.245	6.671000000000001	35.326	33.586	33.667	39.143	44.767	34.035	47.861999999999995	37.247	36.031	38.461999999999996	47.26	38.755	36.353	33.846999999999994	49.283	38.606	34.282	34.412	48.917	37.702	37.341	39.413000000000004	38.364000000000004	38.147	35.792	34.13	19.655	22.91	35.211	36.872	37.945	24.869000000000003	34.843	33.102000000000004	42.93899999999999	46.878	37.151	38.259	41.26	47.019	36.225	36.324	44.792
14.3398	10.18	33.753	34.093999999999994	33.613	7.134000000000002	35.838	32.348	33.586	40.108000000000004	44.626000000000005	36.106	52.591	36.863	36.213	39.047	47.972	40.263000000000005	36.321999999999996	35.681	50.568999999999996	37.586	34.461999999999996	35.34900000000001	47.692	38.075	37.312	40.025999999999996	38.123000000000005	39.276	33.965999999999994	34.806999999999995	21.855999999999998	25.68	35.912	36.818000000000005	39.808	26.483	35.213	34.014	43.388000000000005	47.047	37.618	39.2	39.556999999999995	45.818000000000005	36.975	36.27	45.786
14.50653	10.716	35.013000000000005	34.976	34.802	7.766	37.499	34.766	34.729	40.61	45.623000000000005	35.61799999999999	49.49800000000001	39.279	36.575	39.031	48.32899999999999	39.56	36.613	35.381	49.05800000000001	38.632	35.628	34.742000000000004	51.9	39.31	36.44500000000001	40.622	39.169	39.212	34.163000000000004	35.524	23.498	26.824	36.841	38.290000000000006	38.491	28.053	35.646	34.14	43.085	48.16	38.263000000000005	39.395	40.295	47.215	37.1	36.395	45.388000000000005
14.67327	11.539	35.194	36.505	34.699	8.467	37.541	34.734	35.075	40.773	45.648999999999994	37.762	48.226000000000006	39.678000000000004	38.578	39.404	49.68	40.313	37.93000000000001	35.61100000000001	50.345	39.573	35.64400000000001	36.673	50.89	39.093	36.864	41.473	39.07	40.106	34.415000000000006	34.76	25.537	27.992	35.677	38.946999999999996	39.622	29.504	36.869	35.006	44.148999999999994	47.408	37.739000000000004	40.739000000000004	41.61600000000001	46.817	37.001	36.436	45.62600000000001
14.84	12.558	35.578	35.991	35.558	8.738999999999999	37.898	35.027	35.602	41.571000000000005	45.209	36.207	49.718999999999994	40.148	38.036	40.135999999999996	51.124	40.145	37.107	36.466	49.036	38.935	35.58	36.229	50.254	40.107	37.387	41.156000000000006	39.565	40.293	34.848	36.986	27.143	28.555	36.366	37.886	39.523	30.631999999999998	36.707	34.943000000000005	45.152	47.533	38.636	40.192	40.265	47.225	36.459	37.479	46.415
15.006739999999999	13.527	35.296	35.87399999999999	36.196	9.396	38.42	36.254	36.004	41.673	46.048	36.539	50.467	38.405	38.512	40.046	51.896	40.907	37.086	37.389	48.113	38.986	36.26600000000001	36.608	52.396	39.90000000000001	38.216	42.13399999999999	39.900999999999996	40.889	36.596	36.658	28.694000000000006	28.525	37.266	37.15600000000001	40.805	32.092	37.394	35.699	43.888000000000005	49.79	38.641	42.111000000000004	42.775	47.9	36.226	36.986	46.12000000000001
15.173279999999998	14.057	35.201	37.55	36.314	10.047000000000002	38.608	35.215	35.484	42.897	47.269	38.78100000000001	50.364	40.103	38.014	40.516	51.085	41.092	37.793000000000006	37.01000000000001	49.803000000000004	40.283	37.25700000000001	36.159	49.932	40.063	37.412000000000006	42.53	39.095	41.24	34.777	37.27	30.303	28.599	38.681	37.43900000000001	41.038	31.857000000000006	37.534	35.958	45.607	48.177	38.993	41.588	41.496	49.073	38.16	37.575	45.831
15.340029999999999	15.53	35.85500000000001	37.566	37.086	10.503000000000002	39.971	36.412	35.925	42.821000000000005	46.557	37.334	50.928	40.357	39.33000000000001	40.486	51.767	41.96	39.746	37.145	48.905	40.23	37.344	36.19900000000001	53.117	40.246	38.987	42.62	40.152	41.683	36.234	37.216	31.380000000000006	28.613000000000003	38.58	38.211	41.269	31.73	38.211999999999996	36.234	45.697	49.732	39.577	41.038999999999994	41.585	49.0	37.54	37.167	46.323
15.50671	16.135	36.494	39.17400000000001	37.11	11.86	38.555	36.389	37.06	42.99100000000001	46.422	37.524	52.425	40.384	38.718	40.654	51.067	41.633	39.654	38.28	50.002	40.043	37.652	36.578	50.457	41.17	37.832	43.192	40.415	42.584	36.234	37.123000000000005	31.496	29.72	38.228	38.354	40.942	32.91	37.694	36.258	47.074	48.701	40.076	41.492	42.203	48.535	38.866	37.688	46.37600000000001
15.6734	17.983	36.505	38.71	37.665	12.448000000000002	39.035	35.954	37.708	42.94	47.188	38.99500000000001	52.071000000000005	40.245	38.205999999999996	41.696000000000005	52.745	41.821999999999996	39.518	39.443000000000005	49.05	40.211999999999996	36.836999999999996	38.782	52.065	41.36	38.289	43.56	41.785	42.23	36.38800000000001	37.274	32.178000000000004	29.700000000000006	39.766999999999996	38.316	41.813	32.176	38.150999999999996	36.295	45.551	49.415	40.031	42.364	42.885	48.542	38.798	39.63	46.036
15.84005	19.250999999999998	37.043	38.872	37.635999999999996	13.093000000000002	38.678	37.434	38.483000000000004	43.983000000000004	47.74100000000001	39.937	48.946999999999996	42.063	39.07700000000001	41.791000000000004	50.778	43.17	40.461	39.253	50.865	40.731	37.162000000000006	38.00100000000001	51.56100000000001	42.40000000000001	39.489	43.781000000000006	41.858000000000004	43.389	34.777	38.687	32.663000000000004	30.134	40.381	37.69800000000001	42.549	33.84	40.556	36.926	46.763000000000005	51.576	40.267	43.31100000000001	43.692	48.861000000000004	38.891999999999996	38.826	46.964
16.006829999999997	20.203	37.372	38.846	37.493	14.095	39.927	37.103	37.726	44.096	47.286	39.345	52.48	42.36600000000001	38.696999999999996	42.118	54.427	42.81100000000001	40.19800000000001	39.793000000000006	52.434	41.625	37.821999999999996	38.329	53.346000000000004	41.31100000000001	38.236	44.27	40.674	42.93600000000001	35.273	37.835	32.381	30.584000000000003	40.425	39.372	41.576	33.18000000000001	40.246	37.114	45.317	49.255	40.146	42.623000000000005	43.05	48.122	39.455999999999996	39.367	46.699
16.17345	20.691000000000006	37.113	40.12300000000001	37.4	14.651000000000002	39.41	37.293	38.010999999999996	44.03	46.821000000000005	40.457	53.103	41.945	39.95	41.98	54.29600000000001	43.24100000000001	40.649	40.292	51.668000000000006	43.138999999999996	37.705	38.544	53.095	41.999	38.923	44.654	42.424	43.389	34.989999999999995	38.687	32.475	31.102	39.885	39.79900000000001	42.478	33.745999999999995	39.635	38.154	46.386	49.853	40.551	43.595	44.801	51.505	39.152	39.346	46.87000000000001
16.34007	22.398000000000003	35.961	39.344	38.583	15.994000000000002	39.08000000000001	39.583	38.202	44.349	47.228	40.806999999999995	53.194	43.305	38.346	42.423	52.924	43.42	41.801	38.687	50.523999999999994	42.565	37.614	39.628	52.645	43.17100000000001	40.172	44.873999999999995	42.606	43.475	35.068000000000005	38.097	32.674	30.386000000000006	40.118	39.846	41.785	33.614999999999995	39.821999999999996	37.92	46.158	50.538000000000004	42.738	42.784	44.106	49.147	40.162	39.439	46.571999999999996
16.506729999999997	23.624	37.762	41.806999999999995	39.135	16.814	38.1	39.028	37.126999999999995	44.93	47.74	40.89	52.955	42.516999999999996	39.251999999999995	43.001999999999995	53.487	43.763999999999996	39.975	40.253	51.89100000000001	43.027	37.458	39.097	54.69299999999999	43.208	38.651	44.867	42.879	44.786	34.510000000000005	39.31	33.53	31.026999999999997	40.814	39.975	43.873999999999995	34.069	40.564	38.779	46.268	52.184	41.38399999999999	44.708	44.05	51.005	40.01	39.615	46.659
16.67355	24.153000000000002	37.853	41.306000000000004	39.225	18.058	38.78	40.131	39.269	44.919	47.538000000000004	40.271	55.857000000000006	41.236999999999995	39.05900000000001	42.876999999999995	54.07999999999999	44.696999999999996	41.68900000000001	40.342	52.38500000000001	42.83	38.963	38.95200000000001	54.13099999999999	43.553000000000004	39.94200000000001	45.725	42.446000000000005	44.611000000000004	35.946999999999996	38.575	33.507	31.125	42.431999999999995	39.051	42.496	34.376999999999995	39.875	38.963	47.622	54.074	41.659	44.744	45.193999999999996	49.951	40.215	39.704	46.552
16.84011	24.515	36.844	40.678000000000004	39.75	18.692	40.131	38.676	39.204	46.021	46.898	41.553999999999995	55.04	43.961000000000006	39.703	42.888000000000005	53.449	44.193999999999996	44.12900000000001	40.634	52.25700000000001	44.801	39.74800000000001	39.666	54.82099999999999	43.496	39.242	45.676	42.812	45.144	35.099999999999994	39.171	33.742	32.205	42.986999999999995	39.62300000000001	43.266000000000005	35.93300000000001	40.874	39.583	47.219	52.288000000000004	42.213	45.161	44.431999999999995	51.037	40.861999999999995	40.255	46.925
17.00692	25.583000000000002	37.135999999999996	42.07899999999999	39.334	19.805	39.384	38.613	38.576	45.677	47.593	41.586999999999996	55.099	43.522	37.847	44.478	54.569	45.077	42.581	41.51600000000001	52.08	43.63	40.205	40.359	53.794	42.93900000000001	39.935	45.521	42.821000000000005	45.72	35.485	39.841	34.292	31.505000000000006	43.373999999999995	40.57599999999999	43.606	36.224	41.497	39.238	48.055	52.417	42.293	44.556999999999995	45.976000000000006	49.632	41.343999999999994	41.49100000000001	47.218
17.173560000000002	27.622	36.34	40.457	39.741	21.022	40.64100000000001	41.05	39.361	45.586000000000006	47.289	42.3	53.047	43.715	38.75	43.775	56.457	45.222	43.76600000000001	41.639	55.428999999999995	44.555	39.032	41.756	56.602	44.619	39.729	46.302	43.298	46.597	34.974000000000004	39.823	34.914	31.844	42.907	39.071999999999996	45.497	35.901	41.997	40.588	48.411	53.05499999999999	42.299	45.34	45.06	52.135	40.971	41.661	47.174
17.34026	27.266	37.899	42.456	39.412	22.093	39.861	39.823	39.573	46.208	47.013000000000005	40.833	54.88100000000001	44.2	38.82100000000001	44.191	55.695	44.974	43.381	42.246	53.855	45.745	39.762	41.115	55.18	44.396	38.48	46.707	43.078	46.702	35.38200000000001	40.551	35.109	32.375	43.393	42.062	46.729	35.76600000000001	43.027	39.92700000000001	49.992	52.086000000000006	43.868	45.869	45.424	50.578	41.43600000000001	42.056	47.088
17.50686	28.882	36.466	42.232	40.078	22.803	38.855	41.103	40.287	46.746	47.481	42.588	54.935	45.016999999999996	38.427	44.321999999999996	56.293	45.25	44.455	41.904	52.10300000000001	44.63	40.17	41.479	55.424	45.023999999999994	39.57000000000001	47.483999999999995	43.138000000000005	47.097	31.586	41.645	35.204	32.654	43.195	41.437	46.562	36.52200000000001	42.521	40.972	49.57	53.01000000000001	43.365	45.981	46.29	52.962	41.68400000000001	41.45399999999999	47.43700000000001
17.67364	29.155	37.119	42.556000000000004	40.402	24.654	40.688	40.578	40.233000000000004	47.19	47.619	42.488	54.935	44.681999999999995	38.609	44.931000000000004	54.334	46.638000000000005	43.082	43.00700000000001	54.50899999999999	43.163	40.588	40.813	54.597	45.468	39.8	47.883	44.288999999999994	47.093	29.406999999999996	40.908	35.196999999999996	32.669000000000004	44.794	40.605	45.708999999999996	35.854	43.553999999999995	41.083999999999996	49.449	53.857	43.313	47.015	46.216	51.569	40.216	41.943999999999996	47.056
17.8402	28.505000000000006	38.8	43.411	40.95	25.515	40.034	41.739	40.098	47.147	47.104	43.53100000000001	55.07700000000001	44.946000000000005	38.898	45.949	55.255	46.618	44.172	42.776	53.589	44.3	41.01900000000001	42.351000000000006	55.777	44.835	39.217	48.333	45.732	47.497	30.241999999999997	40.82	35.204	31.593	43.879	41.154	45.713	35.62600000000001	43.606	42.339	50.135	53.928999999999995	44.096000000000004	47.207	46.125	52.396	38.972	42.162	46.47
18.00693	29.25	36.529	43.288000000000004	41.086000000000006	27.296	39.674	43.526	39.219	48.275	47.148	43.22	55.31200000000001	44.895	39.056999999999995	45.521	54.45199999999999	45.906000000000006	44.191	43.904	52.52800000000001	44.413999999999994	41.32000000000001	42.511	54.715	45.609	39.352	49.015	45.208999999999996	48.249	27.756	41.404	36.022	32.74	44.464	40.747	45.708999999999996	36.279	42.281000000000006	42.782	50.369	51.499	43.737	47.321999999999996	46.168	54.56399999999999	38.542	43.006	47.174
18.17365	29.846999999999998	36.986	44.31100000000001	40.694	27.892	38.88	42.803999999999995	40.124	48.073	48.007	43.111	54.804	45.541000000000004	40.175	46.001999999999995	56.893	46.435	45.002	43.158	52.398999999999994	47.325	42.249	41.27	56.70799999999999	45.50100000000001	37.756	49.073	43.826	47.834	27.055	42.781000000000006	36.501999999999995	31.851	45.04	41.44	46.498000000000005	36.145	44.555	41.706	50.663000000000004	55.261	45.493	47.45	47.783	52.146	37.984	42.236	47.137
18.340339999999998	30.007	37.542	43.99100000000001	42.638999999999996	27.489	39.57700000000001	42.65	40.538000000000004	49.895	47.683	45.667	56.24400000000001	45.243	38.93700000000001	46.506	56.21099999999999	47.07899999999999	46.261	44.7	52.28	46.059	42.401	42.81399999999999	54.894	46.571000000000005	35.577	49.336000000000006	44.472	49.138000000000005	28.16	42.931999999999995	35.786	31.020000000000003	44.788999999999994	38.268	46.669	36.372	43.856	42.684	50.408	54.39	44.157	48.73	47.318000000000005	52.88	37.760999999999996	41.28	47.922
18.50701	30.765	36.479	44.335	41.736999999999995	29.806	39.736999999999995	41.63	42.04	49.243	47.928000000000004	45.63200000000001	55.045	44.714	40.063	47.107	55.623999999999995	46.948	46.273	44.973	54.375	48.449	42.252	42.428999999999995	54.355	46.158	36.684	50.119	45.428000000000004	49.029	27.484	42.735	35.996	31.424	45.131	38.077	47.857	36.277	45.518	43.665000000000006	52.20399999999999	53.42699999999999	44.547	49.42100000000001	46.409	54.83899999999999	37.49800000000001	41.015	48.638999999999996
18.6737	30.052	38.605	45.57600000000001	43.256	28.499	39.861999999999995	43.692	40.823	50.021	48.162	45.909000000000006	55.59500000000001	47.088	38.986	46.983000000000004	57.566	46.567	45.842	44.446000000000005	53.967	45.994	43.56100000000001	42.417	55.682	46.31700000000001	35.271	50.147	45.964	48.98	26.741999999999997	43.196000000000005	35.928000000000004	31.985	45.313	36.336	46.7	36.349	45.606	43.49	52.681	52.89	43.879	47.391999999999996	47.324	52.88999999999999	37.032	39.444	48.778
18.84038	30.203000000000007	37.527	44.51900000000001	43.191	28.769000000000002	40.741	43.696999999999996	42.173	49.81100000000001	48.754	46.26600000000001	55.431	47.138999999999996	40.926	47.95399999999999	55.49099999999999	47.82	45.469	44.852	52.45700000000001	47.648	44.696999999999996	45.086999999999996	55.04600000000001	47.854	33.534000000000006	50.526	45.425	50.445	27.719	43.437	36.218	31.169	46.614	35.40000000000001	48.92	35.979	44.667	43.094	51.07899999999999	54.18899999999999	42.752	46.948	49.615	52.44299999999999	35.6	39.049	48.68700000000001
19.00712	29.773000000000003	38.389	44.88200000000001	42.611999999999995	29.401999999999997	40.63500000000001	43.141000000000005	42.208	50.452	48.831	45.99100000000001	55.385	48.96	39.713	47.961000000000006	56.6	47.873999999999995	46.37300000000001	45.614	54.693999999999996	47.608000000000004	43.26900000000001	44.483	56.60399999999999	46.706	32.655	50.859	46.163999999999994	50.332	26.915000000000006	42.527	36.044000000000004	31.14	46.598	35.062	48.453	35.85299999999999	44.817	42.65600000000001	52.44899999999999	53.36600000000001	43.61	47.945	48.818999999999996	53.483000000000004	34.743	37.295	48.998999999999995
19.17376	30.507	38.071	46.765	44.162	29.166	39.965	43.276	40.62	50.574	48.644	46.083999999999996	54.474	47.948	40.175	48.479	54.511	49.667	47.244	46.107	52.28100000000001	48.00899999999999	44.82000000000001	45.422	55.222	47.601000000000006	31.787000000000006	51.291000000000004	47.035	50.68899999999999	26.394	41.342	36.078	30.719	46.456	34.221000000000004	45.318000000000005	35.62600000000001	44.483999999999995	43.26300000000001	51.394	53.137	43.912	48.016000000000005	47.57	52.429	34.28	38.391	48.528999999999996
19.34042	30.266	39.098	44.863	44.431000000000004	30.081999999999997	40.82700000000001	42.721	40.42	50.602	49.333	48.213	55.938	47.836000000000006	40.493	48.58	53.806	47.621	48.17	47.64700000000001	53.011	47.968	43.32000000000001	43.851000000000006	53.29	48.339	29.235000000000007	51.505	45.321000000000005	51.66	26.133000000000003	40.716	35.691	32.223	45.567	32.516000000000005	46.198	36.301	43.455	42.825	52.647	52.361999999999995	43.449	48.233999999999995	49.18	52.196000000000005	33.681999999999995	38.758	48.535
19.507170000000002	29.307	37.702	45.036	44.488	30.02	39.19300000000001	45.086999999999996	38.788000000000004	51.18899999999999	49.38	45.50899999999999	57.01200000000001	49.228	40.602	49.38399999999999	55.213	47.36600000000001	46.290000000000006	45.627	53.325	48.418	43.30800000000001	43.483999999999995	57.028999999999996	47.89400000000001	27.691	51.687	46.317	52.318000000000005	27.606	39.718	35.265	30.414	49.716	31.201999999999998	44.765	36.252	42.31100000000001	42.36600000000001	52.17100000000001	52.358000000000004	43.506	47.177	47.698	52.427	32.364000000000004	36.609	49.526
19.67375	31.019000000000002	39.714	44.703	43.115	30.976	39.01300000000001	44.045	37.662	50.233000000000004	49.035	46.568999999999996	53.778999999999996	48.622	40.354	48.823	55.207	48.336000000000006	49.14400000000001	47.23	53.684	50.193000000000005	42.098	40.247	53.394	46.95399999999999	27.841	51.208999999999996	44.1	51.386	26.765	38.384	36.588	30.9	47.672	29.849	45.851000000000006	34.934	42.681999999999995	41.909000000000006	54.733000000000004	53.574	42.133	48.123999999999995	48.74	51.451	31.064	37.415	49.226000000000006
19.84047	30.299	38.161	44.066	42.786	30.752	41.468999999999994	42.773	36.561	50.722	49.407	46.59	54.736999999999995	46.708	40.405	49.148999999999994	56.23499999999999	47.79	45.88800000000001	46.331	52.986	47.406000000000006	41.086000000000006	40.721	54.611999999999995	46.645	28.915000000000006	51.907	44.406000000000006	50.885	26.309	38.059	35.556999999999995	30.723000000000003	47.126000000000005	28.165000000000006	46.908	35.366	41.433	42.006	52.036	50.997	42.252	46.022	47.51	52.504	29.283	35.818000000000005	50.093999999999994
20.0072	30.243	38.216	44.085	41.195	30.671	41.742	42.505	36.894	51.961000000000006	48.636	43.946000000000005	56.903	46.025	40.558	49.65	54.105	46.25899999999999	47.492	44.915000000000006	52.117	47.244	39.021	40.733	55.47899999999999	45.205	28.596	51.00400000000001	45.159	50.586000000000006	27.495	37.452	36.196999999999996	31.116	49.231	27.583	44.669	34.611000000000004	42.273999999999994	41.288000000000004	53.16	51.598	40.923	46.282	48.458	51.881	27.857	34.64	49.724
20.17388	30.83	39.336	45.646	40.685	31.283	41.08900000000001	43.031000000000006	36.010999999999996	52.167	50.474	45.931999999999995	54.88700000000001	45.532	40.52	49.035	55.278	47.77	47.586999999999996	46.663000000000004	51.184	47.07899999999999	40.40000000000001	40.412	53.93700000000001	43.911	29.750999999999998	50.973	44.879	51.905	27.544	37.747	35.574	31.325000000000006	48.05	28.269	42.736999999999995	36.137	42.422	40.37600000000001	51.832	51.876000000000005	41.331	44.727	47.631	50.248000000000005	26.653000000000002	33.759	50.547
20.34056	30.831999999999997	38.296	44.06100000000001	39.551	31.497	40.143	42.626000000000005	34.219	52.158	50.017	45.313	53.108999999999995	44.93600000000001	41.50700000000001	49.146	54.136	46.089	46.237	43.97	53.435	47.638000000000005	38.393	39.914	55.412	45.58	29.070000000000004	51.175	44.048	50.859	27.311999999999998	37.416	35.031	30.36	47.5	28.697	45.255	35.759	40.909	39.336	50.502	50.712	40.385	44.626999999999995	47.247	51.182	25.549	31.709000000000003	50.515
20.507279999999998	30.796	40.088	43.476000000000006	41.106	30.822	40.756	41.353	32.864000000000004	52.151	51.731	42.723	56.38400000000001	45.155	41.27200000000001	49.605	54.957	45.836999999999996	47.63800000000001	44.14	51.809	48.568999999999996	38.461	39.20500000000001	54.10999999999999	43.699	27.78	51.265	44.053000000000004	50.802	26.798000000000002	35.358000000000004	34.977	30.252	46.188	28.561999999999998	42.383	34.52500000000001	39.564	39.216	48.51	51.624	39.654	44.09	47.327	51.977	25.577	30.846999999999998	51.096
20.67397	30.888	39.264	42.724	38.464	30.749	41.231	40.412	32.437	50.507	50.748000000000005	44.381	52.994	46.271	40.874	49.117	53.526	45.631	46.487	43.271	52.412000000000006	46.994	37.943000000000005	39.25400000000001	55.37199999999999	44.790000000000006	26.619000000000003	51.62900000000001	42.876999999999995	50.621	27.360000000000007	33.918	34.765	31.029	45.391999999999996	28.464	41.372	34.548	39.874	39.006	48.967	51.207	37.979	43.765	47.641000000000005	52.695	25.833000000000002	29.664	51.104
20.84064	30.441999999999997	39.521	42.484	39.241	31.484	42.431999999999995	42.463	31.07	49.885	51.188	44.02200000000001	55.133	44.187	41.485	49.841	55.807	46.239	45.678000000000004	43.03	51.243	46.751000000000005	37.115	37.24500000000001	53.709	42.542	27.213	51.45399999999999	41.669	50.707	27.081	32.832	34.977	31.432	45.622	28.561999999999998	42.1	35.25700000000001	40.249	37.586999999999996	47.661	50.538000000000004	38.025	43.028	46.997	50.986000000000004	26.427	28.108000000000004	51.781000000000006
21.007189999999998	30.948	39.195	41.542	37.76	31.706999999999997	41.82	39.045	27.543000000000003	49.573	50.992	43.408	52.717	43.266999999999996	42.643	48.894	55.278	43.052	46.833	42.252	52.81100000000001	46.843	36.979	36.63800000000001	54.338	43.699	27.345	49.982	41.528999999999996	50.159	27.095	30.883000000000006	35.338	30.712	46.233000000000004	28.033	41.369	34.415000000000006	39.285	37.82899999999999	48.128	51.451	37.439	42.769	44.895	48.644	26.866	26.776999999999997	51.678999999999995
21.17409	31.17	41.016000000000005	42.09	37.756	31.456	41.37600000000001	39.658	28.016	48.388999999999996	52.01	43.393	53.263000000000005	42.591	42.342	49.833	54.173	44.668	46.729	41.31399999999999	51.833999999999996	46.173	35.840999999999994	36.728	53.232	43.235	27.63	48.827	40.707	50.203	27.545	31.01	34.789	31.122	45.42100000000001	27.917	42.18	34.643	38.766	37.259	47.391000000000005	52.89400000000001	38.147	41.288	45.426	49.94	27.081999999999997	27.061	52.838
21.34062	31.636999999999997	40.413	40.589	35.976	30.955	42.001999999999995	38.443000000000005	26.691000000000006	47.592	51.918	41.93899999999999	52.534	43.144	41.951	48.185	55.35699999999999	43.99100000000001	45.27200000000001	42.104	52.75400000000001	45.402	34.227000000000004	36.317	54.81799999999999	41.167	29.375000000000004	47.225	40.459	50.043	28.061999999999998	28.974	35.395	31.163	44.744	28.363000000000003	40.348	34.399	38.023	36.092	47.256	53.062	36.955	42.504	44.207	49.0	27.007	27.035000000000004	52.888000000000005
21.50734	31.42	40.564	41.071000000000005	35.054	31.704	43.006	38.424	25.921	47.613	52.656000000000006	41.217	53.81500000000001	43.157	41.442	46.644	54.489	43.131	45.50100000000001	42.21	53.10000000000001	44.922	32.995000000000005	33.575	54.304	40.538000000000004	28.515	46.965	40.042	49.57	28.359	28.114	34.71	31.111	45.044	28.092	39.531	34.753	36.279	35.526	46.567	51.152	35.919000000000004	41.215	44.766000000000005	50.49	26.997	26.596999999999998	53.34200000000001
21.67405	31.063	39.715	39.70100000000001	33.941	31.655	43.31800000000001	37.691	28.188	46.791000000000004	53.66	40.274	54.96100000000001	41.316	42.653	45.583999999999996	55.44599999999999	43.869	45.246	40.51000000000001	51.38500000000001	44.17	32.663000000000004	33.433	54.19599999999999	40.92	29.576999999999998	46.097	38.01	50.003	28.025	27.424	34.379	32.032	44.6	28.467	38.586999999999996	35.43900000000001	36.492	34.84	45.272	50.214	34.666	40.816	44.416000000000004	49.362	27.514000000000006	27.351	53.99100000000001
21.84068	30.949	40.915	39.082	32.312	31.163	43.026	36.766999999999996	28.077	46.967	52.93	40.457	52.693999999999996	40.576	42.006	44.486999999999995	56.016000000000005	41.306000000000004	45.33	41.80499999999999	51.905	43.071999999999996	30.656	31.236000000000004	55.145	38.384	28.779	46.532	37.368	51.453	28.055	27.148	34.805	30.994	44.376999999999995	27.836	37.092	35.58	35.025	33.729	46.348	49.583	34.074	39.699	44.193000000000005	51.025	26.74	27.524	54.538
22.00754	31.07	40.931999999999995	36.905	30.142000000000003	31.403000000000002	43.371	35.018	27.801	46.742	53.59499999999999	40.262	55.534	39.46	43.368	44.736999999999995	55.07399999999999	41.535	43.997	39.483	51.55	42.449	29.527	30.011000000000006	53.70799999999999	37.86	29.517	47.57899999999999	35.688	49.76	28.204	28.195	34.922	32.014	42.996	28.292	35.836999999999996	35.76900000000001	34.363	33.258	45.508	52.165	33.413000000000004	38.465	43.522	51.928000000000004	25.660999999999998	27.437000000000005	56.028999999999996
22.1741	31.503	40.847	36.819	28.0	31.954	43.498999999999995	33.986999999999995	27.949	46.751999999999995	54.763999999999996	38.31	54.553	39.256	43.165	45.31399999999999	55.652	41.993	43.298	39.255	54.396	40.569	29.298000000000002	28.151999999999997	55.608000000000004	36.853	29.524	49.031000000000006	36.027	49.699	27.998	27.611	35.143	31.831999999999997	42.722	28.156999999999996	34.995	35.399	32.363	31.849	46.43899999999999	52.625	31.909000000000002	38.143	43.224	50.05	26.093000000000004	28.151999999999997	55.427
22.3408	31.077	41.981	36.89	27.929	30.985	43.121	33.585	28.516	47.388999999999996	54.268	38.027	55.26200000000001	38.146	44.157	45.975	54.21099999999999	39.891	43.841	38.051	52.577	41.089	27.195000000000004	27.656	55.56100000000001	34.964	28.39	48.44	33.051	48.636	27.667	29.146	34.765	32.611999999999995	41.967	28.771	34.262	36.06	31.938	31.164	46.345	51.184	30.633	36.608000000000004	41.76	49.908	26.636000000000006	27.774	55.569
22.50751	31.948	41.93600000000001	36.17100000000001	27.486	31.504	44.08900000000001	31.459000000000003	27.459	46.581	53.989	36.669000000000004	55.053	35.16	43.63800000000001	45.288999999999994	55.633	38.388000000000005	43.464	36.221	53.117	40.857	26.305000000000003	27.590000000000003	59.291	34.036	28.582	48.898999999999994	33.611999999999995	49.101000000000006	27.576999999999998	28.487	34.19	31.971	42.299	29.151	32.626	35.414	30.401000000000003	30.078000000000003	45.066	52.066	29.782999999999994	35.818000000000005	40.796	51.005	26.805	27.519000000000002	55.64300000000001
22.67415	31.634	42.823	34.018	27.881	31.733	44.363	30.721000000000004	26.345	46.854	55.08599999999999	36.024	52.87300000000001	33.714	43.346	46.458	54.79600000000001	38.097	42.041000000000004	35.129000000000005	53.176	38.986	25.686000000000003	26.971000000000004	55.365	32.471999999999994	28.505	50.091	32.189	49.138000000000005	28.231	27.891	35.102	32.576	41.158	28.366999999999997	31.958000000000002	36.372	29.663000000000004	28.585	44.915	52.386	28.666999999999994	34.985	40.787	52.597	27.270000000000003	26.805	56.33900000000001
22.84085	31.520000000000003	44.588	33.128	27.785	32.279	44.806999999999995	29.495	27.333000000000002	47.585	55.638999999999996	35.72700000000001	54.13	33.674	44.332	46.078	54.49699999999999	38.298	41.797	35.113	51.868	37.37	25.965	26.284000000000002	56.2	31.296999999999997	29.070999999999998	50.80500000000001	31.368	49.304	27.641	27.82	35.89	33.266	39.946999999999996	29.665000000000006	30.43	36.5	29.288000000000004	27.807	46.022	52.746	27.440999999999995	34.12	40.141999999999996	51.99	27.483000000000004	27.346000000000004	57.246
23.00754	32.56	43.356	32.043000000000006	28.095	31.714000000000002	44.70800000000001	28.130000000000006	26.795	47.908	55.626999999999995	33.461999999999996	55.323	32.471	44.373999999999995	46.403	55.35999999999999	36.479	41.345	33.602999999999994	53.342	35.93	26.654	26.879000000000005	55.953	30.662000000000006	29.169	50.489	30.001	47.81	27.597	28.201	35.582	33.503	39.991	28.794	29.488000000000003	36.853	27.946	27.008000000000003	45.166000000000004	54.081	26.643	33.766	40.186	53.18400000000001	27.791999999999998	27.326	57.516999999999996
23.17428	31.951	43.729	31.433000000000003	27.882	32.733000000000004	45.152	27.279000000000003	28.044	47.248000000000005	57.21999999999999	33.492000000000004	54.388000000000005	31.225	45.50400000000001	47.013999999999996	55.605	35.260999999999996	40.062	32.476	53.782	36.341	26.723000000000006	26.995000000000005	56.317	31.255	29.713	51.582	29.909000000000002	48.14	27.430999999999997	27.493	36.135	33.06	39.156	29.716	29.727000000000004	36.74500000000001	27.355	26.628000000000004	44.81	54.987	26.122	32.071999999999996	38.524	51.443000000000005	28.266	27.727000000000004	58.71
23.340989999999998	32.84	45.005	30.287000000000006	27.511999999999997	32.439	45.981	27.311	27.84	47.983999999999995	56.641999999999996	33.294000000000004	56.784	30.245	45.24500000000001	47.79600000000001	57.48199999999999	33.363	40.105	31.686	53.654	35.578	27.252	27.24	58.501999999999995	31.457	29.606	52.111	29.660999999999998	48.096000000000004	26.85	27.455	35.845	33.949	39.412	30.011	29.504	36.502	25.946	26.022	46.041000000000004	55.588	26.556	31.211	38.188	52.16	27.733000000000004	28.446	58.226000000000006
23.5076	31.517000000000003	44.693000000000005	29.179000000000002	28.084000000000003	32.016	46.21100000000001	27.456999999999997	28.671	48.308	57.24399999999999	30.884	56.088	30.861	45.145	47.412	56.525	32.82	40.646	30.483	53.806999999999995	35.483000000000004	27.138	27.953000000000007	56.50599999999999	31.624000000000002	29.585	52.739	30.136000000000006	47.405	26.948	28.191000000000006	36.08	34.021	38.89	29.706	30.782000000000004	37.636	26.282000000000004	25.058000000000003	45.609	53.71	26.82	30.764000000000006	37.974000000000004	54.135	28.398000000000003	28.236000000000004	59.632
23.67427	31.711	44.68899999999999	28.518	28.081999999999997	32.516	46.8	27.526000000000003	27.488000000000003	48.663999999999994	57.706	29.61	56.547	29.776999999999997	46.727	48.54600000000001	56.55900000000001	32.518	37.37300000000001	29.752	54.17700000000001	34.83	26.899	27.787	55.948	31.415000000000006	29.303	52.961000000000006	30.706000000000003	46.859	27.017	27.955	36.635	34.808	38.879	30.110000000000007	30.785999999999998	37.17400000000001	26.256	25.125000000000004	45.891000000000005	55.256	26.89	28.733	37.607	53.883	27.998000000000005	28.213	60.096000000000004
23.840970000000002	31.898000000000003	45.196999999999996	27.445000000000004	27.056	31.66	47.736	27.541000000000004	28.166999999999998	49.36600000000001	58.868	29.984	56.83000000000001	30.316000000000006	46.64400000000001	48.323	57.83599999999999	30.835	38.25100000000001	29.226000000000006	54.109	31.112	27.104000000000006	27.353	57.84	31.293000000000006	27.923000000000002	53.90600000000001	30.015	45.82899999999999	26.986	28.659000000000002	36.969	34.927	38.41	30.649	30.287	37.53100000000001	26.791999999999998	25.445999999999998	47.017	56.27200000000001	28.541	29.461	36.403	52.861999999999995	28.087000000000003	28.609	61.093
24.00771	32.845	45.718	26.261	26.796	32.702	47.94900000000001	28.37	28.238000000000003	48.986999999999995	59.317	28.066	56.403999999999996	31.335	48.113	49.128	56.81800000000001	30.006	36.996	28.705	54.77200000000001	30.307	26.417	26.71400000000001	58.456	31.435	27.568	54.333	30.679	46.705	26.773000000000003	28.801	37.774	35.851	35.97100000000001	30.034	30.358000000000004	38.14700000000001	27.313	25.375000000000004	45.43	55.798	27.641	28.49	35.337	54.283	27.874	28.301	61.66100000000001
24.174329999999998	32.461999999999996	43.99100000000001	26.048000000000002	27.461	33.265	48.482	28.256	28.195	49.69	60.072	27.502	56.65	30.424	47.031000000000006	49.495	58.58299999999999	29.471999999999998	37.5	27.811	56.55	30.771	26.631999999999998	26.241	58.422	31.973000000000006	28.356	55.648999999999994	31.927	47.637	26.704	28.24	37.474000000000004	35.925	35.928000000000004	29.783	31.062	38.915000000000006	27.247	26.110000000000007	46.363	56.803999999999995	28.075	29.163000000000004	33.915	54.43	27.574	28.688	62.539
24.34104	33.275999999999996	46.096	26.691	28.105	32.534	47.549	28.711	28.863000000000003	50.16	59.837	27.386	56.103	31.095	48.236	50.79600000000001	57.989	30.688	35.157	27.6	57.196000000000005	30.705	27.87	26.742000000000004	57.757	32.287000000000006	27.766	55.958999999999996	30.316999999999997	45.135	26.802	27.721	37.009	36.171	35.082	30.31	30.403000000000002	38.664	27.013	25.969	45.999	54.761	27.319	30.189	32.924	54.096000000000004	28.006	28.81	63.92
24.50774	33.418	46.364	27.733	27.649	32.652	48.102	27.851	28.979	50.24	60.231	28.048000000000002	57.20800000000001	30.404	50.358999999999995	51.588	60.87799999999999	29.711	33.349999999999994	27.692	56.806999999999995	31.463	26.868000000000002	27.071000000000005	59.053	30.313000000000002	28.428	56.661	30.03	45.497	26.701999999999998	28.098000000000003	38.247	36.837	35.772	30.331	28.572000000000006	39.118	27.08	26.273000000000003	46.077	55.865	27.363000000000003	29.901999999999997	30.808000000000003	54.534	27.408	28.736000000000004	65.314
24.67437	32.492	47.593	28.022	28.319000000000006	31.94	49.806	27.238000000000003	28.958000000000002	50.468999999999994	61.88	27.458	57.266999999999996	28.933000000000003	51.42	51.912	58.774	31.14	33.28	27.529	55.39	30.562	27.656	26.861000000000004	60.68	30.363000000000003	27.98	56.672	29.937	45.658	27.182	28.956000000000003	38.791	36.67	33.205	30.785	29.643	39.52	27.084000000000003	26.563000000000002	46.213	57.113	27.556	30.403000000000002	31.237	56.543	27.435	28.929	67.199
24.84103	33.076	47.08	27.338	28.063	32.403	52.483	27.480000000000004	27.823	51.316	62.173	28.677	58.48	29.797	53.909	52.165	58.013000000000005	30.603	32.318000000000005	27.178	57.157	31.239	27.495	27.127	60.20799999999999	30.991000000000003	27.724	57.578	30.160000000000004	44.665	26.925	29.155	39.075	36.855	32.458	30.581	30.058000000000003	39.661	26.852000000000004	25.734	45.271	56.328	27.991	29.818	30.392000000000003	55.233999999999995	27.99	29.674	70.282
25.00769	32.871	47.053	28.113000000000003	27.958000000000002	32.129	53.57000000000001	27.162	28.432	51.998999999999995	62.18	28.738	56.804	30.261000000000006	53.948	52.919	58.83299999999999	31.019000000000002	31.496	28.286	56.30800000000001	31.059	28.055999999999997	27.499	61.763000000000005	32.096000000000004	27.905	58.658	30.767000000000003	43.88	25.942	28.715999999999998	39.293	38.597	31.183000000000003	31.591	30.283	40.116	27.009	25.988000000000003	47.527	57.6	28.028000000000002	29.901999999999997	30.213	56.151	27.480000000000004	29.449	72.04199999999999
25.174429999999997	33.028	48.443999999999996	26.81	28.844	32.711	56.538999999999994	27.880000000000006	29.39	52.468	62.94899999999999	27.841	59.373999999999995	30.557	56.776	53.269	59.096000000000004	31.197000000000006	30.745	28.293000000000006	57.791000000000004	32.094	27.563000000000002	27.338	60.007	32.179	27.958	59.734	31.015	45.17	27.231	29.866	39.101	38.166	30.767000000000003	30.293000000000006	30.89	40.663000000000004	27.371	26.111	47.467	59.41	29.297	28.507	31.033	56.459	28.105999999999998	28.791000000000004	74.67999999999998
25.34115	34.171	49.093999999999994	26.853	29.055	33.781	57.551	27.995	29.101	52.406000000000006	63.893	29.123	58.6	30.721	59.33600000000001	53.826	59.013000000000005	30.171	30.290000000000006	27.766	56.21000000000001	30.687	27.511	27.977000000000004	60.496	32.607	27.406999999999996	59.344	30.894000000000002	44.199	26.25	29.983	39.866	38.834	29.359	29.957	30.603	41.119	26.796	26.344	47.903	58.494	28.819	29.289	31.96	57.614	28.032000000000004	29.098000000000003	76.916
25.50778	33.845	49.843	26.478	29.157	33.646	59.27800000000001	28.121	28.084	52.655	64.78800000000001	27.177	58.255	31.658	59.348000000000006	54.64700000000001	59.478	30.321	30.059	26.629	57.39100000000001	30.837000000000003	28.328000000000003	28.246	61.032	32.328	27.509	59.452	30.901000000000003	43.946000000000005	27.186	29.919	39.232	38.986	28.651999999999997	30.393	30.872	41.985	27.613000000000003	26.35	47.723	59.96	28.564	30.202	32.134	57.198	28.039	28.985	78.003
25.67454	34.298	50.001999999999995	26.983	29.446	33.528	60.67	27.506	27.897	52.313	65.462	26.8	58.648	31.588	61.478	54.208	59.442	29.871	27.99	27.324	58.161	30.863000000000003	28.26	28.249	61.781000000000006	32.614999999999995	28.06	60.485	31.237	43.56100000000001	26.38	29.612	40.634	39.507	27.679	30.371	31.421	41.815	27.878	26.569000000000003	46.81	59.446000000000005	28.876	30.728	32.088	56.138000000000005	27.399	28.322000000000006	79.28999999999998
25.84121	32.692	50.397	27.750000000000004	29.311	33.374	61.437	29.013	27.497	52.568000000000005	65.95100000000001	27.878	59.174	30.765	61.293	54.655	60.349	30.905	27.186000000000003	27.591	58.982	32.328	27.956	28.494	63.88399999999999	32.175	27.9	60.97	31.081000000000003	43.111000000000004	26.599	29.74	40.563	39.506	27.065	29.999000000000002	31.386999999999997	42.77	27.503	26.836	48.49	59.592	28.241	30.548	33.507	57.472	27.645000000000003	28.782000000000004	80.58399999999997
26.00789	33.725	51.347	27.586	29.386000000000006	32.808	62.083999999999996	28.515	28.573	53.71	66.268	29.265	59.604000000000006	31.94	63.132	54.39	59.23	31.006	26.783	27.714	58.033	31.213	28.389	29.547000000000004	63.865	32.491	27.76	61.30800000000001	31.182	42.456	26.601000000000006	29.196	40.838	40.09	27.235	30.91	32.443000000000005	42.736	28.676	26.91	47.219	59.928000000000004	28.913	30.577	31.773	57.59199999999999	28.340999999999998	28.475	82.77199999999998
26.17456	34.13	53.715	27.622000000000003	28.898000000000003	33.712	63.417	28.552	27.607	53.502	67.705	28.348000000000006	59.117	31.864	63.751000000000005	56.26000000000001	61.13099999999999	32.028	27.63	28.348000000000006	60.086999999999996	31.28	28.832	27.723000000000003	64.985	32.559	28.394	61.976000000000006	32.037	42.97	27.09	29.952	42.163000000000004	40.911	27.535000000000004	30.378000000000004	31.151999999999997	43.226000000000006	27.926	26.777	46.523999999999994	61.187	28.116	30.571	31.195	59.66	27.879	28.944000000000006	83.205
