	MG1655-1	COUM2-4_1	COUM4-2_1	COUM7-6_1	COUM8-6_1	nadR-1	mprA-1	yhjK-1	MG1655-2	COUM2-4_2	COUM4-2_2	COUM7-6_2	COUM8-6_2	nadR-2	mprA-2	yhjK-2	MG1655-3	COUM2-4_3	COUM4-2_3	COUM7-6_3	COUM8-6_3	nadR-3	mprA-3	yhjK-3	ypjA-1	nadR_mprA-1	nadR_yhjK-1	mprA_yhjK-1	ypjA_mprA-1	nadR_mprA_yhjK-1	ypjA_mprA_nadR-1	ypjA_mprA_yhjK-1	ypjA-2	nadR_mprA-2	nadR_yhjK-2	mprA_yhjK-2	ypjA_mprA-2	nadR_mprA_yhjK-2	ypjA_mprA_nadR-2	ypjA_mprA_yhjK-2	ypjA-3	nadR_mprA-3	nadR_yhjK-3	mprA_yhjK-3	ypjA_mprA-3	nadR_mprA_yhjK-3	ypjA_mprA_nadR-3	ypjA_mprA_yhjK-3
0.00483	0.0	0.0	0.0	0.0	0.0	0.0	0.0	0.0	0.0	0.054000000000000006	0.0	0.053	0.053	0.062	0.0	0.0	0.0	0.0	0.0	0.209	0.0	0.026000000000000002	0.0	0.0	0.0	0.0	0.0	0.0	0.0	0.0	0.025	0.0	0.0	0.0	0.0	0.0	0.0	0.0	0.0	0.0	0.0	0.003	0.0	0.0	0.057	0.0	0.0	0.0
0.17142	0.7959999999999999	0.34600000000000003	0.10400000000000001	0.185	0.239	0.212	0.264	0.188	0.106	0.0	0.024	0.0	0.0	0.037000000000000005	0.106	0.29	0.214	0.027000000000000003	0.027999999999999997	0.0	0.026000000000000002	0.0	0.614	0.37200000000000005	0.163	0.188	0.161	0.054000000000000006	0.18600000000000003	0.213	0.0	0.26899999999999996	2.015	0.083	0.08199999999999999	0.24100000000000002	0.055	0.084	0.239	0.191	0.027999999999999997	0.006	0.239	0.161	1.199	0.134	0.18899999999999997	0.322
0.33811	0.284	0.311	0.326	0.32899999999999996	0.305	0.597	0.247	0.33899999999999997	0.121	0.145	0.085	0.092	0.223	0.0	0.27699999999999997	0.382	0.125	0.068	0.363	0.044000000000000004	0.25	0.147	0.6779999999999999	0.361	0.079	0.502	0.153	0.17300000000000001	0.22899999999999998	0.20199999999999999	0.201	0.344	0.047	0.183	0.33799999999999997	0.39399999999999996	0.045	0.18600000000000003	0.309	0.299	0.018000000000000002	0.0	0.256	0.179	0.0	0.17800000000000002	0.317	0.39899999999999997
0.50468	0.27	0.377	0.223	0.5760000000000001	0.501	0.47200000000000003	0.253	0.326	0.158	0.23199999999999998	0.142	0.313	0.28300000000000003	0.225	0.33899999999999997	0.603	0.11	0.239	0.24100000000000002	0.297	0.285	0.371	0.946	0.5329999999999999	0.095	0.491	0.38	0.316	0.4	0.48100000000000004	0.265	0.414	0.06	0.386	0.325	0.302	0.19	0.149	0.401	0.268	0.16399999999999998	0.015	0.375	0.21899999999999997	0.22899999999999998	0.191	0.413	0.285
0.67151	0.424	0.344	0.292	0.701	0.41200000000000003	0.46299999999999997	0.618	0.213	0.312	0.35600000000000004	0.264	0.519	0.461	0.433	0.384	0.568	0.39799999999999996	0.419	0.287	0.48	0.35600000000000004	0.41700000000000004	2.226	0.473	0.307	0.8909999999999999	0.429	0.361	0.528	0.528	0.392	0.519	0.295	0.544	0.373	0.45799999999999996	0.292	0.281	0.449	0.43	0.077	0.14400000000000002	0.449	0.294	0.14400000000000002	0.48	0.46399999999999997	0.41700000000000004
0.83808	0.521	0.46799999999999997	0.303	0.795	0.452	0.396	0.496	0.22899999999999998	0.192	0.369	0.221	0.56	0.501	0.341	0.424	0.5	0.36	0.299	0.275	0.524	0.47600000000000003	0.27	2.048	0.569	0.272	1.072	0.419	0.348	0.544	0.32799999999999996	0.461	0.40299999999999997	0.662	0.48200000000000004	0.49700000000000005	0.47600000000000003	0.28	0.569	0.41100000000000003	0.317	0.065	0.027000000000000003	0.41100000000000003	0.256	0.26899999999999996	0.41600000000000004	0.429	0.302
1.00488	0.502	0.611	0.252	0.909	0.40399999999999997	0.59	0.5539999999999999	0.37200000000000005	0.306	0.34700000000000003	0.17	0.485	0.39799999999999996	0.348	0.51	0.5589999999999999	0.287	0.33299999999999996	0.282	0.6409999999999999	0.48200000000000004	0.384	2.311	0.441	0.228	0.975	0.34700000000000003	0.354	0.578	0.551	0.387	0.386	0.158	0.465	0.424	0.539	0.315	0.31	0.526	0.276	0.153	0.306	0.526	0.345	0.11599999999999999	0.37	0.52	0.475
1.17163	0.784	0.541	0.231	0.7829999999999999	0.467	0.5720000000000001	0.534	0.221	0.316	0.301	0.311	0.629	0.514	0.304	0.49200000000000005	0.54	0.35200000000000004	0.37	0.4	0.626	0.46299999999999997	0.366	2.4459999999999997	0.64	0.187	0.664	0.386	0.41700000000000004	0.643	0.426	0.505	0.589	0.27699999999999997	0.478	0.462	0.47	0.488	0.35100000000000003	0.537	0.48200000000000004	0.136	0.237	0.401	0.32899999999999996	0.317	0.489	0.588	0.354
1.33823	0.32799999999999996	0.6829999999999999	0.364	0.7020000000000001	0.5770000000000001	0.41	0.589	0.19899999999999998	0.455	0.41	0.281	0.604	0.461	0.309	0.466	0.7040000000000001	0.384	0.428	0.377	0.688	0.601	0.505	2.4930000000000003	0.564	0.332	0.51	0.392	0.365	0.675	0.5660000000000001	0.48200000000000004	0.462	0.12	0.623	0.604	0.532	0.5479999999999999	0.496	0.623	0.387	0.168	0.327	0.515	0.281	0.21600000000000003	0.46799999999999997	0.57	0.419
1.5048	0.5920000000000001	0.539	0.381	0.72	0.622	0.618	0.606	0.245	0.31	0.42700000000000005	0.298	0.7859999999999999	0.505	0.409	0.484	0.667	0.267	0.446	0.47700000000000004	0.708	0.591	0.524	2.234	0.718	0.243	0.612	0.41100000000000003	0.465	0.721	0.503	0.528	0.428	0.575	0.589	0.569	0.633	0.649	0.408	0.6970000000000001	0.545	0.268	0.23800000000000002	0.534	0.327	0.48100000000000004	0.48700000000000004	0.59	0.521
1.67152	0.649	0.597	0.38	0.885	0.6509999999999999	0.483	0.551	0.35700000000000004	0.33899999999999997	0.455	0.406	0.706	0.588	0.439	0.594	0.5589999999999999	0.35100000000000003	0.557	0.452	0.7120000000000001	0.401	0.36200000000000004	2.544	0.584	0.302	0.78	0.496	0.35700000000000004	0.588	0.588	0.5579999999999999	0.43200000000000005	0.251	0.621	0.436	0.665	0.462	0.44	0.591	0.579	0.134	0.29600000000000004	0.563	0.33	0.267	0.354	0.595	0.499
1.83823	0.447	0.695	0.42200000000000004	0.845	0.6940000000000001	0.5529999999999999	0.648	0.34600000000000003	0.355	0.498	0.39299999999999996	0.831	0.603	0.373	0.609	0.49200000000000005	0.449	0.49200000000000005	0.46799999999999997	0.8109999999999999	0.498	0.542	2.47	0.682	0.292	0.715	0.623	0.45399999999999996	0.6859999999999999	0.631	0.738	0.6409999999999999	0.267	0.638	0.589	0.627	0.56	0.376	0.662	0.516	0.15	0.149	0.607	0.428	0.44799999999999995	0.562	0.6940000000000001	0.49
2.00498	0.442	0.662	0.335	0.758	0.6609999999999999	0.602	0.67	0.368	0.35	0.465	0.41600000000000004	0.743	0.461	0.313	0.5770000000000001	0.6779999999999999	0.36200000000000004	0.40399999999999997	0.518	0.723	0.575	0.4	2.458	0.622	0.28600000000000003	0.71	0.426	0.42200000000000004	0.735	0.434	0.705	0.444	0.262	0.632	0.583	0.621	0.5539999999999999	0.452	0.82	0.51	0.22699999999999998	0.307	0.465	0.423	0.633	0.447	0.852	0.511
2.17148	1.071	0.636	0.496	0.784	0.66	0.491	0.723	0.231	0.40299999999999997	0.573	0.41200000000000003	0.934	0.65	0.449	0.684	0.594	0.307	0.45799999999999996	0.736	0.7509999999999999	0.574	0.426	2.544	0.7040000000000001	0.315	0.903	0.48100000000000004	0.475	0.708	0.5710000000000001	0.595	0.555	0.344	0.6609999999999999	0.611	0.623	0.637	0.48100000000000004	0.684	0.48700000000000004	0.19899999999999998	0.254	0.547	0.396	0.47	0.584	0.718	0.541
2.33822	0.7559999999999999	0.7040000000000001	0.511	0.853	0.674	0.56	0.71	0.272	0.39	0.505	0.34600000000000003	0.8109999999999999	0.556	0.518	0.617	0.5	0.375	0.418	0.47700000000000004	0.764	0.506	0.385	2.569	0.609	0.32799999999999996	0.642	0.522	0.462	0.7490000000000001	0.612	0.5820000000000001	0.623	0.9590000000000001	0.7020000000000001	0.597	0.636	0.623	0.467	0.67	0.5529999999999999	0.268	0.185	0.5329999999999999	0.382	1.194	0.488	0.703	0.444
2.50489	0.41200000000000003	0.797	0.575	0.863	0.794	0.598	0.6659999999999999	0.39299999999999996	0.319	0.406	0.41	0.767	0.5660000000000001	0.364	0.7090000000000001	0.619	0.413	0.456	0.48700000000000004	0.831	0.5710000000000001	0.588	2.62	0.619	0.258	0.599	0.615	0.445	0.8420000000000001	0.568	0.565	0.49700000000000005	0.259	0.659	0.47100000000000003	0.565	0.49700000000000005	0.396	0.708	0.5660000000000001	0.087	0.251	0.599	0.366	0.385	0.499	0.715	0.374
2.67162	0.349	0.7070000000000001	0.428	0.9359999999999999	0.785	0.698	0.6829999999999999	0.33	0.255	0.506	0.509	0.922	0.638	0.38299999999999995	0.563	0.637	0.433	0.474	0.506	0.768	0.507	0.414	2.47	0.72	0.415	1.195	0.498	0.573	0.861	0.642	0.612	0.655	0.525	0.597	0.655	0.64	0.599	0.499	0.728	0.588	0.133	0.326	0.508	0.385	0.405	0.491	0.763	0.614
2.83825	0.374	0.758	0.511	0.99	0.7559999999999999	0.506	0.792	0.436	0.39	0.505	0.51	0.838	0.6920000000000001	0.381	0.589	0.5820000000000001	0.321	0.5	0.47700000000000004	0.8190000000000001	0.506	0.467	2.597	0.691	0.38299999999999995	0.642	0.467	0.517	0.7490000000000001	0.557	0.7190000000000001	0.568	0.795	0.537	0.542	0.69	0.568	0.631	0.6970000000000001	0.526	0.076	0.24	0.5329999999999999	0.355	0.401	0.406	0.731	0.526
3.00492	0.428	0.649	0.508	0.961	0.81	0.805	0.6809999999999999	0.382	0.335	0.531	0.506	0.865	0.6629999999999999	0.46299999999999997	0.643	0.634	0.348	0.444	0.586	0.7659999999999999	0.586	0.5760000000000001	2.71	0.581	0.193	0.616	0.46799999999999997	0.461	0.8029999999999999	0.557	0.609	0.597	0.275	0.649	0.652	0.555	0.486	0.441	0.78	0.502	0.13	0.35	0.423	0.382	0.348	0.598	0.6779999999999999	0.529
3.17162	0.595	0.7070000000000001	0.51	0.8809999999999999	0.785	0.534	0.601	0.467	0.502	0.451	0.509	0.84	0.748	0.35600000000000004	0.7	0.6920000000000001	0.433	0.474	0.6709999999999999	0.7140000000000001	0.589	0.442	2.552	0.638	0.278	0.537	0.662	0.491	0.779	0.505	0.612	0.573	0.44299999999999995	0.652	0.545	0.64	0.599	0.526	0.81	0.506	0.106	0.271	0.508	0.385	0.488	0.573	0.763	0.532
3.33841	1.107	0.616	0.53	0.846	0.695	0.636	0.6759999999999999	0.376	0.247	0.526	0.584	0.8320000000000001	0.631	0.348	0.61	0.629	0.397	0.439	0.7170000000000001	0.76	0.527	0.35200000000000004	2.48	0.5479999999999999	0.26899999999999996	0.611	0.489	0.456	0.7709999999999999	0.634	0.6579999999999999	0.564	0.489	0.643	0.564	0.631	0.508	0.435	0.774	0.551	0.18	0.317	0.61	0.40399999999999997	1.081	0.674	0.672	0.55
3.50495	0.494	0.88	0.517	1.054	0.738	0.6509999999999999	0.8	0.256	0.4	0.514	0.5429999999999999	0.7659999999999999	0.6459999999999999	0.474	0.626	0.617	0.276	0.48200000000000004	0.679	0.777	0.514	0.505	2.2680000000000002	0.6459999999999999	0.342	0.546	0.479	0.47100000000000003	0.897	0.568	0.675	0.444	0.396	0.523	0.499	0.594	0.58	1.358	0.7909999999999999	0.515	0.141	0.28	0.489	0.39299999999999996	0.688	0.609	0.69	0.486
3.6717	0.513	0.7070000000000001	0.675	1.046	0.703	0.534	0.738	0.5489999999999999	0.392	0.5329999999999999	0.591	0.785	0.721	0.35600000000000004	0.618	0.61	0.35	0.447	0.753	0.7959999999999999	0.589	0.524	2.552	0.72	0.251	0.701	0.58	0.546	0.861	0.669	0.6659999999999999	0.6	0.306	0.597	0.655	0.7490000000000001	0.763	0.444	0.782	0.478	0.215	0.326	0.645	0.467	0.35100000000000003	0.601	0.6809999999999999	0.47700000000000004
3.83834	0.57	0.764	0.598	0.94	0.598	0.62	0.797	0.305	0.478	0.593	0.6509999999999999	0.9259999999999999	0.698	0.441	0.677	0.696	0.545	0.5870000000000001	0.81	0.825	0.593	0.418	2.5810000000000004	0.6409999999999999	0.389	0.593	0.637	0.467	0.7809999999999999	0.563	0.642	0.574	0.335	0.653	0.63	0.7240000000000001	1.0390000000000001	0.336	0.9490000000000001	0.395	0.109	0.245	0.593	0.36	0.462	0.5760000000000001	0.818	0.614
4.00509	0.54	0.7879999999999999	0.841	0.856	0.677	0.59	0.6579999999999999	0.384	0.365	0.508	0.758	0.8959999999999999	0.531	0.384	0.674	0.53	0.37799999999999995	0.502	0.807	0.767	0.563	0.49700000000000005	2.274	0.557	0.304	0.645	0.607	0.38299999999999995	0.833	0.5329999999999999	0.557	0.489	0.33299999999999996	0.7040000000000001	0.545	0.611	0.5710000000000001	0.415	0.7	0.529	0.106	0.243	0.618	0.303	0.377	0.627	0.733	0.502
4.17172	0.494	0.633	0.7120000000000001	0.863	0.767	0.68	0.72	0.475	0.401	0.516	0.765	0.904	0.703	0.474	0.682	0.865	0.386	0.5920000000000001	0.898	0.748	0.516	0.56	2.347	0.565	0.312	0.654	0.5329999999999999	0.445	0.8690000000000001	0.705	0.647	0.634	0.5870000000000001	0.5760000000000001	0.526	0.62	0.579	0.8340000000000001	0.872	0.5660000000000001	0.16899999999999998	0.196	0.599	0.311	0.7959999999999999	0.499	0.715	0.5379999999999999
4.33827	0.486	0.706	0.705	0.91	0.759	0.508	0.685	0.302	0.44799999999999995	0.508	0.895	0.9229999999999999	0.64	0.43799999999999994	0.674	0.612	0.48700000000000004	0.53	0.971	0.767	0.509	0.47	2.739	0.693	0.222	0.727	0.47	0.43700000000000006	0.915	0.5329999999999999	0.721	0.653	1.126	0.622	0.518	0.639	0.489	0.49700000000000005	0.755	0.556	0.188	0.297	0.45399999999999996	0.385	0.486	0.545	0.706	0.502
4.50504	0.56	0.7809999999999999	0.695	0.8740000000000001	0.6679999999999999	0.69	0.73	0.40399999999999997	0.494	0.581	0.9940000000000001	0.997	0.713	0.485	0.637	0.629	0.26	0.603	1.128	0.8690000000000001	0.609	0.406	2.206	0.657	0.26899999999999996	0.611	0.40700000000000003	0.5379999999999999	0.853	0.579	0.74	0.591	0.434	0.67	0.701	0.5760000000000001	0.6729999999999999	0.654	0.8009999999999999	0.551	0.207	0.20800000000000002	0.61	0.45899999999999996	0.424	0.5920000000000001	0.754	0.55
4.67166	0.573	0.795	0.789	1.024	0.7909999999999999	0.539	0.716	0.418	0.562	0.621	1.034	1.092	0.561	0.306	0.787	0.642	0.41100000000000003	0.6990000000000001	1.1420000000000001	0.856	0.622	0.529	2.6460000000000004	0.561	0.33899999999999997	0.872	0.586	0.496	0.894	0.51	0.6990000000000001	0.606	0.44799999999999995	0.685	0.578	0.755	0.604	2.013	0.87	0.5670000000000001	0.193	0.27699999999999997	0.623	0.473	0.41100000000000003	0.524	0.769	0.5379999999999999
4.83842	2.7680000000000002	0.5529999999999999	0.879	0.948	0.715	0.573	0.613	0.313	0.40299999999999997	0.655	1.014	1.207	0.65	0.36700000000000005	0.63	0.7040000000000001	0.389	0.622	1.119	0.915	0.43700000000000006	0.426	2.4619999999999997	0.622	0.261	0.7659999999999999	0.645	0.475	0.708	0.625	0.677	0.555	0.289	0.634	0.556	0.568	0.5820000000000001	0.48100000000000004	0.875	0.48700000000000004	0.172	0.309	0.684	0.368	0.38799999999999996	0.557	0.745	0.514
5.00511	0.6609999999999999	0.772	0.851	0.9209999999999999	0.77	0.71	0.805	0.368	0.376	0.682	1.2329999999999999	1.344	0.623	0.449	0.794	0.594	0.33399999999999996	0.54	1.311	0.915	0.574	0.39899999999999997	2.517	0.622	0.34299999999999997	0.7390000000000001	0.727	0.44799999999999995	0.872	0.625	0.677	0.5820000000000001	0.426	0.579	0.638	0.705	0.637	0.591	0.7929999999999999	0.541	0.19899999999999998	0.254	0.602	0.396	0.47	0.474	0.882	0.541
5.17165	1.025	0.8079999999999999	0.941	0.9279999999999999	0.723	0.608	0.703	0.568	0.41100000000000003	0.745	1.268	1.517	0.5760000000000001	0.402	0.637	0.794	0.397	0.5479999999999999	1.4569999999999999	0.924	0.581	0.489	2.616	0.657	0.26899999999999996	0.528	0.462	0.483	0.7979999999999999	0.579	0.6579999999999999	0.564	0.599	0.643	0.647	0.631	0.6729999999999999	0.435	0.8009999999999999	0.578	0.125	0.317	0.555	0.40399999999999997	0.972	0.7290000000000001	0.727	0.632
5.33843	0.557	0.805	1.048	1.117	0.693	0.633	0.618	0.456	0.546	0.77	1.32	1.76	0.546	0.4	0.7170000000000001	0.818	0.312	0.628	1.399	1.003	0.49700000000000005	0.513	2.309	0.627	0.349	0.8540000000000001	0.541	0.48	0.795	0.5489999999999999	0.6559999999999999	0.588	0.377	0.722	0.48	0.7929999999999999	0.588	0.43200000000000005	0.8809999999999999	0.466	0.177	0.424	0.552	0.374	0.805	0.562	0.8059999999999999	0.465
5.50503	0.5760000000000001	0.825	1.203	1.136	0.711	0.541	0.828	0.42	0.5920000000000001	0.925	1.4480000000000002	1.945	0.591	0.419	0.708	0.727	0.441	0.784	1.6380000000000001	1.1059999999999999	0.597	0.532	2.6519999999999997	0.838	0.424	0.71	0.588	0.499	0.787	0.568	0.62	0.609	0.396	0.606	0.581	0.6759999999999999	0.607	0.59	0.873	0.488	0.114	0.28	0.5710000000000001	0.42100000000000004	0.524	0.664	0.8270000000000001	0.568
5.67177	1.88	0.8959999999999999	1.3840000000000001	1.18	0.618	0.696	0.818	0.382	0.41700000000000004	1.079	1.6840000000000002	2.0980000000000003	0.636	0.38	0.615	0.607	0.485	0.882	1.8459999999999999	1.204	0.614	0.494	2.327	0.718	0.439	0.753	0.495	0.5429999999999999	0.858	0.557	0.773	0.597	0.5770000000000001	0.649	0.57	0.8290000000000001	0.6509999999999999	0.523	0.9440000000000001	0.585	0.212	0.268	0.56	0.547	0.485	0.68	0.815	0.611
5.83843	3.2030000000000003	0.879	1.4509999999999998	1.192	0.6579999999999999	0.7070000000000001	0.802	0.39299999999999996	0.565	1.172	1.751	2.436	0.621	0.392	0.682	0.674	0.413	0.948	1.965	1.268	0.598	0.478	2.511	0.7290000000000001	0.34	0.763	0.5329999999999999	0.445	0.8420000000000001	0.541	0.647	0.58	0.368	0.795	0.526	0.7290000000000001	0.6609999999999999	0.506	0.845	0.484	0.196	0.33299999999999996	0.599	0.39299999999999996	0.878	0.5539999999999999	0.797	0.62
6.00514	0.642	0.945	1.571	1.449	0.805	0.444	0.703	0.568	0.466	1.238	1.953	2.694	0.713	0.485	0.774	0.7120000000000001	0.397	0.9590000000000001	2.305	1.527	0.581	0.598	2.452	0.8220000000000001	0.406	0.665	0.626	0.5379999999999999	0.88	0.551	0.6859999999999999	0.564	0.379	0.588	0.619	0.7959999999999999	0.755	1.722	0.8009999999999999	0.578	0.289	0.20800000000000002	0.555	0.377	0.561	0.51	0.809	0.523
6.17177	0.852	0.8540000000000001	1.7819999999999998	1.55	0.852	0.601	0.723	0.395	0.376	1.5030000000000001	2.273	3.0410000000000004	0.705	0.531	0.684	0.622	0.58	0.978	2.488	1.6	0.491	0.508	2.298	0.731	0.397	1.012	0.618	0.475	0.872	0.708	0.76	0.5820000000000001	0.289	0.716	0.72	0.8140000000000001	0.637	1.412	1.012	0.541	0.172	0.254	0.684	0.396	0.47	0.721	0.882	0.45899999999999996
6.33849	0.639	1.052	2.0340000000000003	1.72	0.802	0.606	0.728	0.483	0.46399999999999997	1.536	2.525	3.321	0.738	0.4	0.7170000000000001	0.736	0.312	1.23	2.713	1.825	0.6609999999999999	0.596	2.528	0.627	0.321	0.909	0.623	0.48	0.932	0.631	0.765	0.588	0.377	0.585	0.644	0.7929999999999999	0.642	0.597	0.963	0.5479999999999999	0.204	0.397	0.607	0.456	0.64	0.644	0.833	0.52
6.50525	0.9129999999999999	0.805	2.253	1.692	0.775	0.606	0.701	0.483	0.409	1.7	2.635	3.8689999999999998	0.6559999999999999	0.4	0.635	0.736	0.5589999999999999	1.3940000000000001	2.9589999999999996	1.9340000000000002	0.524	0.513	2.611	0.737	0.266	0.772	0.541	0.48	0.85	0.713	0.738	0.725	0.267	0.7490000000000001	0.644	0.6559999999999999	0.9159999999999999	0.43200000000000005	0.9359999999999999	0.466	0.122	0.342	0.607	0.401	0.504	0.507	0.7509999999999999	0.602
6.67178	0.907	1.046	2.4930000000000003	2.043	0.77	0.6829999999999999	0.723	0.532	0.40299999999999997	2.16	3.258	4.218	0.705	0.5589999999999999	0.602	0.622	0.58	1.608	3.281	2.256	0.519	0.563	2.517	0.731	0.315	0.684	0.536	0.612	0.927	0.735	0.732	0.665	0.426	0.7979999999999999	0.611	0.65	0.8009999999999999	0.509	0.9570000000000001	0.541	0.254	0.391	0.629	0.451	1.072	0.584	0.8	0.596
6.83838	0.584	0.997	2.5810000000000004	2.048	0.72	0.688	0.728	0.401	0.381	2.412	3.511	4.7989999999999995	0.738	0.455	0.7170000000000001	0.682	0.47600000000000003	1.778	3.7260000000000004	2.537	0.606	0.65	2.693	0.8190000000000001	0.431	0.909	0.541	0.562	0.877	0.6579999999999999	0.847	0.753	0.568	0.8320000000000001	0.835	0.711	0.642	0.898	1.182	0.5479999999999999	0.204	0.424	0.607	0.5379999999999999	0.504	0.562	0.8059999999999999	0.465
7.00517	0.795	1.099	3.122	2.6439999999999997	0.7929999999999999	1.227	0.883	0.42	0.647	2.57	3.888	5.343999999999999	0.8109999999999999	0.501	0.735	0.8370000000000001	0.441	1.8259999999999998	4.078	2.7239999999999998	0.898	0.5870000000000001	2.57	0.7290000000000001	0.342	0.847	0.6709999999999999	0.5529999999999999	0.9790000000000001	0.732	0.8390000000000001	0.664	0.506	0.743	0.718	0.813	0.6890000000000001	0.508	1.147	0.57	0.196	0.41700000000000004	0.7909999999999999	0.503	0.524	0.746	0.8540000000000001	0.65
7.17188	0.65	1.445	3.385	2.6060000000000003	0.677	0.618	0.877	0.466	0.557	2.86	4.2860000000000005	5.872999999999999	0.777	0.52	0.8109999999999999	0.6940000000000001	0.542	2.17	4.553999999999999	3.0639999999999996	0.591	0.552	2.411	0.611	0.222	0.809	0.716	0.519	0.915	0.615	0.8029999999999999	0.7070000000000001	0.49700000000000005	0.622	0.682	0.639	0.708	0.552	1.165	0.556	0.106	0.489	0.7	0.467	0.40399999999999997	0.573	0.733	0.529
7.33858	0.7759999999999999	1.545	3.676	2.815	0.857	0.715	0.7829999999999999	0.483	0.8190000000000001	3.343	4.962	6.524	0.875	0.455	0.799	0.736	0.504	2.4619999999999997	5.0680000000000005	3.248	0.606	0.65	2.4459999999999997	0.929	0.321	0.8270000000000001	0.623	0.535	0.9590000000000001	0.74	0.847	0.643	0.76	0.667	0.835	0.7929999999999999	0.752	0.6509999999999999	1.127	0.493	0.204	0.479	0.607	0.483	0.586	0.562	0.8059999999999999	0.711
7.5052	0.7020000000000001	1.4709999999999999	4.206	3.262	0.7829999999999999	0.723	0.79	0.546	0.5539999999999999	3.736	5.3	7.275	0.8	0.46299999999999997	0.725	0.799	0.485	2.8819999999999997	5.928	3.889	0.614	0.6579999999999999	2.628	0.6629999999999999	0.41200000000000003	0.835	0.632	0.5429999999999999	1.023	0.7490000000000001	0.828	0.679	0.44	0.758	0.7070000000000001	0.7190000000000001	0.6779999999999999	0.496	1.1909999999999998	0.667	0.10300000000000001	0.433	0.6970000000000001	0.49200000000000005	0.649	0.8170000000000001	0.733	0.693
7.67194	0.6659999999999999	1.49	4.47	3.554	0.72	0.715	0.7829999999999999	0.647	0.546	4.3839999999999995	5.646	7.8660000000000005	0.792	0.37200000000000005	0.69	0.736	0.39399999999999996	3.147	6.081	4.207	0.524	0.568	2.528	0.792	0.349	0.991	0.6509999999999999	0.645	1.014	0.795	0.82	0.588	0.377	0.7490000000000001	0.7809999999999999	0.7929999999999999	0.807	0.7340000000000001	1.3459999999999999	0.575	0.177	0.424	0.7709999999999999	0.5379999999999999	0.64	0.507	0.888	0.547
7.83862	0.893	1.743	5.077	3.833	0.838	0.56	0.792	0.6	0.445	4.798	6.36	8.603	0.884	0.46299999999999997	0.753	0.691	0.457	3.589	6.847	4.729	0.67	0.55	2.405	0.718	0.301	1.08	0.713	0.517	1.077	0.8029999999999999	0.91	0.568	0.631	0.7020000000000001	0.624	0.718	0.705	0.631	1.271	0.5529999999999999	0.24	0.45799999999999996	0.752	0.519	0.7020000000000001	0.625	0.867	0.608
8.00525	0.633	1.84	5.723	4.369	0.797	0.628	0.86	0.56	0.486	5.444	7.417999999999999	9.691	1.006	0.531	0.7120000000000001	0.7859999999999999	0.47100000000000003	4.043	7.468999999999999	5.267	0.6559999999999999	0.672	2.5989999999999998	0.7859999999999999	0.34299999999999997	1.094	0.645	0.557	1.091	0.708	0.8959999999999999	0.637	0.563	0.826	0.72	0.8690000000000001	0.828	0.591	1.5319999999999998	0.541	0.172	0.5820000000000001	0.684	0.6970000000000001	0.7170000000000001	0.721	0.8	0.623
8.17182	0.92	2.0709999999999997	6.608	4.845	0.866	0.615	0.8740000000000001	0.655	0.5539999999999999	6.11	7.837000000000001	9.997	1.048	0.6	0.753	0.855	0.40299999999999997	4.601	8.214	5.74	0.643	0.55	2.515	0.8	0.547	1.162	0.713	0.599	1.022	0.7759999999999999	0.883	0.732	0.5760000000000001	0.784	0.816	0.8	0.951	1.396	1.6540000000000001	0.608	0.18600000000000003	0.486	0.779	0.628	0.647	0.652	0.895	0.608
8.33856	0.7340000000000001	2.483	6.852	5.417999999999999	0.8170000000000001	0.6759999999999999	0.909	0.687	0.5329999999999999	6.736000000000001	8.433	10.644	1.218	0.605	0.733	0.78	0.46299999999999997	5.064	8.808	6.392	0.677	0.61	2.522	0.7509999999999999	0.387	1.11	0.8270000000000001	0.578	1.136	0.754	0.943	0.845	0.772	0.8690000000000001	0.902	0.831	0.8740000000000001	0.634	1.74	0.664	0.13699999999999998	0.599	0.757	0.606	0.706	0.5479999999999999	0.789	0.584
8.50526	0.885	2.745	7.881	5.928	0.858	1.263	0.9209999999999999	0.647	0.519	7.382999999999999	9.41	11.842	1.2309999999999999	0.509	0.691	0.711	0.531	5.437	9.786	7.068	0.58	0.624	2.661	0.8740000000000001	0.319	1.207	0.705	0.536	1.26	0.6859999999999999	0.8740000000000001	0.723	0.45799999999999996	0.9390000000000001	0.889	0.846	1.1059999999999999	1.031	1.891	0.462	0.177	0.6409999999999999	0.7440000000000001	0.7020000000000001	1.131	0.616	0.858	0.517
8.67195	0.715	2.952	8.707	6.403	1.235	0.74	0.9179999999999999	0.613	0.514	8.154	9.85	12.738	1.199	0.504	0.823	0.735	0.444	6.456	10.058	7.782	0.74	0.537	2.89	0.841	0.33899999999999997	1.3619999999999999	0.752	0.5870000000000001	1.198	0.8440000000000001	1.005	0.688	0.452	0.903	0.8009999999999999	0.838	0.9359999999999999	0.695	1.965	0.506	0.145	0.688	0.738	0.722	0.768	0.747	0.85	0.645
8.83863	1.217	3.21	9.132	7.263	0.8909999999999999	0.669	0.9279999999999999	0.57	0.49700000000000005	8.689	10.522	13.686	1.374	0.57	0.752	0.8540000000000001	0.509	6.854	11.414000000000001	8.208	0.7240000000000001	0.684	2.505	0.797	0.433	1.429	0.764	0.597	1.21	0.828	1.016	0.6990000000000001	0.518	0.86	0.976	0.986	1.002	0.5429999999999999	2.14	0.682	0.156	0.836	0.831	0.9520000000000001	1.3519999999999999	0.621	0.9159999999999999	0.575
9.00526	0.7859999999999999	3.79	9.604	7.625	1.088	0.81	0.9329999999999999	0.63	0.503	9.761000000000001	11.159	14.433	1.379	0.52	0.8390000000000001	0.777	0.515	8.035	11.751	9.199	0.7559999999999999	0.47100000000000003	2.6260000000000003	1.021	0.43799999999999994	1.544	0.769	0.657	1.379	0.915	1.103	0.705	0.687	0.866	0.9540000000000001	0.938	1.7169999999999999	0.9309999999999999	2.31	0.743	0.161	0.8420000000000001	0.754	0.821	0.922	0.6809999999999999	1.004	0.499
9.17194	0.889	4.301	10.687000000000001	8.463	1.082	0.6409999999999999	0.983	0.624	0.44299999999999995	10.544	11.559000000000001	14.968	1.865	0.733	0.752	0.8270000000000001	0.536	8.463	11.985999999999999	10.008	0.669	0.629	2.859	0.797	0.433	1.511	0.764	0.652	1.319	0.991	1.0979999999999999	0.836	0.46299999999999997	0.9420000000000001	0.894	0.932	1.411	0.625	2.358	0.682	0.21100000000000002	0.863	0.831	0.843	1.107	0.6759999999999999	0.998	0.575
9.33871	0.7959999999999999	4.6419999999999995	11.105	9.156	1.208	0.631	1.082	0.858	0.596	10.853	12.467	15.764000000000001	1.69	0.504	0.769	0.898	0.41600000000000004	8.855	13.057	10.915999999999999	0.795	0.5920000000000001	2.7539999999999996	1.004	0.42100000000000004	1.771	0.807	0.669	1.444	0.98	1.25	0.769	0.452	1.094	0.9640000000000001	1.056	1.345	0.6679999999999999	2.6189999999999998	0.67	0.22699999999999998	0.9059999999999999	0.82	0.8859999999999999	0.9309999999999999	0.665	0.986	0.645
9.50537	1.9809999999999999	5.256	11.587	9.827	1.082	0.723	1.1740000000000002	0.679	0.6609999999999999	11.362	12.786	15.895	1.756	0.597	0.779	0.909	0.536	10.017999999999999	13.078	12.054	0.915	0.7929999999999999	2.614	0.961	0.433	2.1109999999999998	0.982	0.7340000000000001	1.401	0.91	1.262	0.6990000000000001	0.518	1.1059999999999999	0.976	1.014	1.329	0.7070000000000001	2.9589999999999996	0.682	0.23800000000000002	1.0270000000000001	0.9129999999999999	0.9520000000000001	1.079	0.758	1.026	0.575
9.67206	0.772	6.172000000000001	12.637	10.387	1.156	0.634	1.139	0.861	0.599	11.593	13.372	15.742	2.0469999999999997	0.643	0.7170000000000001	0.9279999999999999	0.61	10.277000000000001	13.389000000000001	12.665999999999999	0.743	0.54	2.76	1.0070000000000001	0.451	2.1830000000000003	0.8909999999999999	0.726	1.61	0.847	1.526	0.8270000000000001	0.619	0.988	1.022	1.3869999999999998	1.702	0.8340000000000001	3.085	0.6729999999999999	0.284	1.073	1.041	1.189	1.07	0.7490000000000001	1.0170000000000001	0.5660000000000001
9.83863	0.845	6.433	12.704	11.6	1.121	0.653	1.213	0.7709999999999999	0.563	11.687999999999999	14.365	16.27	2.202	0.47100000000000003	0.818	0.8109999999999999	0.52	11.135	14.354000000000001	12.977	0.872	0.504	2.5789999999999997	0.9440000000000001	0.49700000000000005	2.146	0.992	0.718	1.765	0.893	1.435	0.845	1.7269999999999999	1.006	1.04	1.214	1.557	0.825	3.403	0.6629999999999999	0.19399999999999998	1.173	0.95	1.207	1.089	0.823	1.307	0.612
10.00539	0.778	7.271	14.392000000000001	12.440999999999999	1.325	0.748	1.28	0.867	0.6859999999999999	12.203	14.390999999999998	15.862	2.38	0.649	0.995	1.07	0.615	11.432	14.818	13.958	0.912	0.7090000000000001	2.69	1.013	0.457	2.162	1.006	0.813	1.725	0.852	1.504	0.9420000000000001	0.9520000000000001	1.0759999999999998	1.109	1.393	1.653	1.031	3.5010000000000003	0.897	0.37200000000000005	1.242	0.9640000000000001	1.304	2.44	0.782	1.159	0.7090000000000001
10.17207	0.701	7.892	14.540999999999999	13.955	1.412	0.782	1.205	0.98	0.501	12.573	15.220999999999998	16.008	2.6839999999999997	0.627	0.892	0.912	0.512	11.475	15.591	14.895	0.945	0.66	2.697	1.018	0.434	2.654	0.983	0.8190000000000001	1.7830000000000001	0.9940000000000001	1.645	0.836	1.391	1.215	1.195	1.396	1.766	0.762	3.883	0.872	0.214	1.381	1.051	1.335	1.679	0.76	1.325	0.63
10.33872	0.693	8.342	14.716	13.612	1.703	0.6920000000000001	1.3330000000000002	0.972	0.547	12.694	15.259	16.480999999999998	3.2460000000000004	0.537	0.884	0.9590000000000001	0.585	11.379000000000001	15.9	15.232000000000001	0.883	0.679	2.544	1.064	0.425	2.6439999999999997	1.0290000000000001	0.784	1.8559999999999999	1.121	1.7990000000000002	1.073	0.648	1.2329999999999999	1.159	1.5230000000000001	2.274	1.1340000000000001	4.145	0.8079999999999999	0.314	1.3719999999999999	1.015	1.435	1.67	0.887	1.126	0.8390000000000001
10.50539	0.701	9.689	15.357999999999999	14.472000000000001	1.875	0.945	1.396	1.008	0.664	13.498	16.119	16.553	3.283	0.654	0.919	0.9670000000000001	0.593	11.693	17.305999999999997	15.739	1.0270000000000001	0.851	2.888	0.991	0.488	2.872	0.983	0.9	2.083	1.048	1.835	1.0	0.575	1.297	1.25	1.695	2.0380000000000003	0.898	4.455	0.953	0.18600000000000003	1.7080000000000002	1.024	1.689	1.5430000000000001	0.6779999999999999	1.298	0.7659999999999999
10.672	0.843	9.861	15.587	14.890999999999998	1.8259999999999998	0.787	1.564	1.286	0.588	13.89	17.137999999999998	16.673	3.698	0.632	0.925	1.054	0.5720000000000001	12.738	17.754	15.505999999999998	1.114	0.856	2.7910000000000004	1.078	0.494	3.1239999999999997	1.043	0.9059999999999999	2.28	1.163	1.923	1.169	0.607	1.33	1.419	1.7009999999999998	2.262	1.067	4.789	0.905	0.13699999999999998	1.7690000000000001	1.111	1.749	1.685	0.82	1.331	0.636
10.8387	0.845	10.82	16.137	15.578	2.074	0.735	1.73	1.1520000000000001	0.754	14.658	17.907	16.924	4.3	0.58	0.982	1.22	0.738	13.07	18.768	16.302	1.198	0.831	3.1510000000000002	1.19	0.524	3.154	1.074	1.045	2.419	1.193	2.062	1.091	0.6920000000000001	1.3880000000000001	1.422	1.95	2.592	1.0979999999999999	5.2010000000000005	0.9079999999999999	0.19399999999999998	2.044	1.2770000000000001	1.943	1.77	0.986	1.389	0.748
11.00557	0.9159999999999999	10.855	17.395	16.073	2.1719999999999997	1.3780000000000001	1.72	1.25	0.7979999999999999	14.827	18.101	17.473	4.777	0.57	0.998	1.155	0.509	13.512	19.206	15.788	1.297	0.848	2.909	1.178	0.512	3.6039999999999996	1.1159999999999999	0.9520000000000001	2.488	1.345	2.214	1.16	0.653	1.5930000000000002	1.328	2.019	2.661	1.14	5.35	1.222	0.184	2.168	1.266	2.148	1.8659999999999999	0.975	1.4040000000000001	0.818
11.17217	0.82	12.055	17.665	15.392000000000001	2.4019999999999997	0.7120000000000001	1.733	1.344	0.73	15.317	19.459	17.824	5.277	0.6920000000000001	1.067	1.1420000000000001	0.631	14.003	19.528	15.595999999999998	1.501	0.807	2.7439999999999998	1.328	0.389	3.8310000000000004	1.1840000000000002	1.048	2.636	1.4669999999999999	2.307	1.199	2.543	1.578	1.26	2.112	2.727	1.1520000000000001	5.821000000000001	1.097	0.17	2.1790000000000003	1.2790000000000001	2.296	2.15	0.825	1.443	0.83
11.3388	1.015	12.11	18.055999999999997	15.752	2.707	0.795	2.008	1.294	0.596	15.759	20.262999999999998	18.053	5.67	0.722	1.178	1.089	0.58	14.634	20.417	16.067999999999998	1.476	0.8640000000000001	2.59	1.5219999999999998	0.503	4.197	1.4609999999999999	1.159	2.861	1.607	2.531	1.396	0.534	1.8030000000000002	1.455	2.283	2.844	1.349	6.353	1.133	0.282	2.378	1.31	2.412	2.43	0.91	1.5859999999999999	0.863
11.5054	0.861	11.917	18.593	15.991	3.1519999999999997	0.97	2.101	1.604	0.743	15.835	20.225	18.235	6.465	0.706	1.2429999999999999	1.237	0.509	14.683	21.03	16.06	1.5959999999999999	0.875	2.855	1.4240000000000002	0.485	4.856	1.307	1.224	2.978	1.671	2.7310000000000003	1.242	1.0070000000000001	1.838	1.601	2.373	3.097	1.494	6.602	1.141	0.21100000000000002	2.685	1.429	2.611	3.1460000000000004	0.975	1.6219999999999999	0.981
11.67203	0.758	12.366	18.98	15.593	3.073	0.677	2.215	1.661	0.7759999999999999	16.47	21.451999999999998	18.512999999999998	6.843	0.847	1.222	1.351	0.48700000000000004	15.318	21.574	16.176	1.819	0.9079999999999999	3.188	1.537	0.5429999999999999	4.527	1.365	1.338	3.17	1.893	2.951	1.462	0.6579999999999999	2.003	1.8219999999999998	2.511	3.207	1.469	6.952000000000001	1.4140000000000001	0.19	2.8489999999999998	1.515	2.83	2.8739999999999997	1.034	1.76	0.902
11.83878	0.902	12.735	20.412	15.882	3.5989999999999998	0.929	2.386	1.8330000000000002	0.7020000000000001	16.46	21.771	18.912	7.6160000000000005	0.937	1.284	1.359	0.74	15.552999999999999	22.275	17.01	1.936	0.8340000000000001	3.2060000000000004	1.409	0.498	5.517	1.455	1.347	3.425	1.983	3.15	1.716	1.156	1.986	1.885	2.819	3.57	2.022	7.371	1.288	0.252	3.185	1.4969999999999999	2.949	2.667	0.988	1.7690000000000001	1.047
12.00559	0.818	13.138	20.27	16.067	4.004	0.872	2.41	2.021	0.7	16.862000000000002	23.613000000000003	19.232	8.619	0.7709999999999999	1.554	1.3840000000000001	0.737	15.819	22.404	16.759	2.205	1.0759999999999998	2.955	1.624	0.5760000000000001	5.405	1.67	1.453	3.721	2.035	3.392	1.713	0.5820000000000001	2.336	2.045	3.197	3.648	1.801	7.857	1.3659999999999999	0.249	3.2910000000000004	1.7380000000000002	3.353	2.99	1.0659999999999998	2.065	1.071
12.1722	0.818	13.274000000000001	21.358	16.203	4.4110000000000005	0.872	2.655	2.184	0.8079999999999999	16.862000000000002	23.885	19.558	9.244	0.88	1.472	1.493	0.737	16.090999999999998	24.144000000000002	17.439	2.504	0.94	3.173	1.624	0.5489999999999999	5.513999999999999	1.588	1.67	4.074	2.225	3.718	1.713	0.664	2.472	2.154	3.36	4.274	1.965	8.455	1.5290000000000001	0.331	3.699	1.6019999999999999	3.5980000000000003	3.153	1.202	2.065	1.044
12.33882	1.171	13.709000000000001	21.521	16.475	4.8469999999999995	0.845	2.9	2.102	0.7	17.379	23.804000000000002	19.694000000000003	9.951	0.7709999999999999	1.581	1.493	0.574	16.553	24.498	17.521	2.45	0.995	2.928	1.733	0.5760000000000001	6.058	1.6159999999999999	1.67	4.074	2.388	3.718	1.876	0.637	2.5810000000000004	2.154	3.36	4.22	2.101	8.455	1.611	0.304	3.78	1.766	3.5980000000000003	3.425	1.284	2.174	1.071
12.50549	0.774	14.356	22.146	17.069000000000003	5.2139999999999995	0.937	3.102	2.305	0.738	17.429000000000002	24.893	20.182000000000002	10.731	0.972	1.673	1.5030000000000001	0.8029999999999999	16.658	25.643	17.709	2.87	1.115	3.142	1.8259999999999998	0.643	6.672000000000001	1.791	1.8719999999999999	4.387	2.455	4.194	1.9980000000000002	0.675	2.648	2.33	3.6460000000000004	4.533	2.6310000000000002	9.097999999999999	1.787	0.20600000000000002	4.039	1.859	4.074	3.602	1.35	2.35	1.084
12.67217	1.084	14.649000000000001	22.704	16.898	5.9270000000000005	0.867	3.112	2.504	0.857	17.53	24.795	19.98	11.300999999999998	0.792	1.7380000000000002	1.868	0.868	16.732	25.135	17.807000000000002	3.178	1.0170000000000001	3.4330000000000003	1.8359999999999999	0.38	6.892	1.909	1.964	4.53	2.763	4.337	2.06	0.74	2.955	2.229	4.114	4.865	2.502	9.425	1.849	0.298	4.6160000000000005	1.896	4.189	3.69	1.496	2.548	1.147
12.83887	0.9329999999999999	15.163	22.963	17.36	6.441	1.2309999999999999	3.3710000000000004	2.7119999999999997	0.841	17.722	25.142	20.398	12.375	0.722	1.778	1.743	0.743	17.195999999999998	25.541	18.494	3.4389999999999996	1.137	3.572	1.9580000000000002	0.748	7.604	2.061	2.14	5.151	3.052	4.9030000000000005	2.241	0.779	3.193	2.573	4.3	5.215	2.739	9.732999999999999	2.2230000000000003	0.363	4.8580000000000005	2.1830000000000003	4.566	4.393	1.537	2.84	1.4080000000000001
13.00553	1.4809999999999999	15.305	23.651	17.557000000000002	7.127000000000001	0.797	3.565	2.988	0.898	17.864	26.131	21.004	12.489	1.079	2.026	1.855	0.746	17.393	26.83	18.773	3.906	1.194	3.687	2.125	0.669	7.69	2.146	2.307	5.236000000000001	3.1639999999999997	4.988	2.408	0.755	3.36	2.903	4.413	5.655	2.9610000000000003	10.31	2.227	0.203	5.1080000000000005	2.322	4.651	4.697	1.649	2.952	1.357
13.17218	1.028	15.435	24.018	18.012	7.675	0.8909999999999999	4.037	3.077	0.882	17.937	26.358	20.583000000000002	13.549000000000001	1.117	2.09	1.975	0.675	17.439	26.456	18.953	4.431	1.123	3.623	2.2430000000000003	0.57	8.073	2.508	2.5340000000000003	5.459	3.608	5.321000000000001	2.552	0.9009999999999999	3.747	3.074	4.609	5.877999999999999	3.267	10.5	2.614	0.18600000000000003	5.33	2.331	5.065	4.756	1.686	3.068	1.501
13.33891	3.15	15.917	24.674	18.142	8.58	0.912	4.335	3.403	0.986	18.367	26.746	21.180999999999997	13.59	0.894	2.168	2.188	0.67	17.487000000000002	27.500999999999998	19.25	4.867	1.2	3.6719999999999997	2.295	0.784	8.326	2.6430000000000002	2.64	6.007000000000001	3.661	5.922999999999999	2.7689999999999997	0.7609999999999999	3.9939999999999998	3.264	5.129	6.29	4.303999999999999	10.81	2.5610000000000004	0.344	5.5520000000000005	2.41	5.1770000000000005	5.031000000000001	1.8730000000000002	3.205	1.6909999999999998
13.50559	3.1710000000000003	16.396	25.069000000000003	18.43	9.607999999999999	0.9059999999999999	4.492	3.424	0.8440000000000001	18.3	27.549	21.386	14.097999999999999	1.052	2.271	2.1	0.774	17.938	27.648000000000003	19.564	5.487	1.3030000000000002	3.523	2.5069999999999997	0.669	9.081	2.6910000000000003	2.88	6.654	3.873	6.1610000000000005	3.008	0.8370000000000001	4.013999999999999	3.4210000000000003	5.231	6.855	3.7239999999999998	10.692	2.718	0.33899999999999997	6.362	2.6489999999999996	5.332999999999999	5.324	2.0580000000000003	3.525	1.6569999999999998
13.67226	1.015	16.69	25.116	18.56	9.821	0.904	4.871	3.8569999999999998	0.759	18.703	28.141	21.488000000000003	14.229000000000001	1.24	2.459	2.506	0.743	17.932000000000002	27.531	20.021	5.974	1.382	3.8169999999999997	2.694	0.748	9.322000000000001	2.9330000000000003	3.285	6.895	4.251	6.239	3.305	0.943	4.447	3.636	5.718	7.3420000000000005	4.021	11.177999999999999	2.905	0.363	6.358	2.728	5.765	6.218999999999999	2.137	4.475	1.7630000000000001
13.8389	0.946	16.878	26.06	19.074	10.589	1.136	5.181	4.003	0.828	18.7	28.21	22.026	14.747	1.1440000000000001	2.608	2.247	0.675	18.337	27.954	19.96	6.446000000000001	1.422	3.8680000000000003	2.815	0.679	9.38	2.998	3.2969999999999997	7.066	4.479	6.928	3.3960000000000004	1.092	4.837	3.728	5.835	7.321000000000001	4.765	11.181	3.1860000000000004	0.214	6.9910000000000005	2.903	5.855	5.982	2.339	3.8310000000000004	1.7469999999999999
14.00556	1.099	16.695999999999998	26.705	18.893	11.298	1.261	5.446000000000001	4.269	0.9259999999999999	18.982	28.83	21.576999999999998	15.624	1.325	2.625	2.537	0.746	18.347	28.793000000000003	20.109	6.8229999999999995	1.4669999999999999	4.2589999999999995	2.943	0.669	10.117	3.1	3.697	7.581	4.882	7.306	3.799	0.9179999999999999	5.05	3.9930000000000003	6.0489999999999995	7.945	4.76	11.128	3.372	0.366	7.234	3.3310000000000004	6.096	6.087000000000001	2.358	4.343	1.902
14.17227	0.9329999999999999	17.017	26.615	19.840999999999998	11.702	1.122	5.852	4.456	0.977	19.03	28.904	22.305999999999997	16.082	1.131	3.031	2.697	0.607	18.614	29.439	20.648000000000003	8.155	1.6	4.335	3.185	0.748	10.520999999999999	3.342	3.721	8.067	5.287000000000001	7.492000000000001	3.904	1.079	5.372999999999999	4.343999999999999	6.29	8.077	4.947	11.177999999999999	3.532	0.282	7.721	3.327	6.037999999999999	6.492000000000001	2.627	4.5569999999999995	2.063
14.33889	1.3419999999999999	16.908	27.541999999999998	19.677	11.975	1.149	5.879	4.947	1.0590000000000002	19.357	29.476	22.497	16.6	1.5130000000000001	3.222	2.779	0.662	18.559	29.875	20.838	8.564	1.6	4.199	3.267	0.6940000000000001	10.520999999999999	3.533	4.103	8.367	5.4510000000000005	8.147	3.986	1.188	5.591	4.453	6.617000000000001	8.486	5.165	11.014000000000001	3.804	0.445	7.83	3.5460000000000003	6.1739999999999995	6.955	2.9539999999999997	4.775	2.144
14.50565	0.87	17.407	27.764	19.930999999999997	12.722999999999999	1.114	6.604	5.018	1.051	19.366	29.533	22.912	18.081	1.4769999999999999	3.267	2.9339999999999997	0.8170000000000001	18.758	29.576999999999998	21.035999999999998	9.396	1.7009999999999998	4.343999999999999	3.448	0.7390000000000001	10.505999999999998	3.7680000000000002	4.3660000000000005	8.763	5.685	8.597000000000001	4.4110000000000005	0.934	5.934	4.742	6.768	9.263	5.399	11.163	4.011	0.32799999999999996	8.334	3.6719999999999997	6.271	7.4879999999999995	2.9989999999999997	5.091	2.38
14.67235	0.9359999999999999	17.323	28.177	19.684	13.261	1.234	6.81	5.196000000000001	1.1440000000000001	19.636	30.084	23.076	18.324	1.57	3.634	3.109	0.91	18.947	30.647	21.309	9.876	1.876	4.859	3.597	0.778	10.635	4.081	4.379	8.971	6.109	8.613999999999999	4.671	0.8640000000000001	6.277	5.193	6.8389999999999995	9.309	6.422999999999999	11.019	4.2989999999999995	0.42100000000000004	8.597000000000001	3.7939999999999996	6.287000000000001	7.832000000000001	3.367	6.987	2.475
14.83896	0.992	17.567999999999998	28.269000000000002	20.144000000000002	13.379000000000001	1.318	7.457000000000001	5.517	1.119	19.987000000000002	30.826	22.930999999999997	19.575	1.4080000000000001	3.823	3.109	0.993	18.999000000000002	30.814	21.165	10.735	1.931	4.938	3.8939999999999997	0.7509999999999999	10.754000000000001	4.295	4.73	9.721	6.183	9.338	4.801	0.838	6.731	5.3229999999999995	6.721	9.431000000000001	6.0329999999999995	11.085	4.482	0.342	8.747	4.145	6.415	7.956	3.446	5.5889999999999995	2.553
15.00564	1.099	17.759	28.586	20.555999999999997	13.588	1.4240000000000002	7.655	5.905	1.171	20.127	30.656999999999996	22.858	19.114	1.652	4.07	3.5180000000000002	0.746	19.22	30.865	21.609	12.548	2.012	5.159	4.197	0.86	11.262	4.572	5.17	9.707	6.462999999999999	9.732000000000001	5.38	0.946	7.204	5.847	7.03	9.854	6.26	10.856	4.68	0.42100000000000004	8.706	4.3389999999999995	6.614	8.35	3.803	6.006	2.802
15.17225	1.135	17.969	28.746	20.494	14.530999999999999	1.4869999999999999	8.185	6.435	1.207	20.255	30.791	23.588	20.250999999999998	1.6059999999999999	4.217	3.6639999999999997	0.836	19.648	31.819000000000003	21.875	12.235999999999999	2.048	5.287000000000001	4.371	0.8420000000000001	10.868	4.774	5.289	10.212	6.8020000000000005	9.908999999999999	5.473	1.0090000000000001	7.38	5.832000000000001	7.097	10.468	6.572	10.624	5.047	0.429	8.965	4.513999999999999	6.135	8.199	4.059	6.454	2.9760000000000004
15.339	1.3419999999999999	18.298	30.023000000000003	20.877	14.645999999999999	2.512	8.55	6.746	1.0859999999999999	20.23	31.82	23.587	20.389	1.976	4.776	3.8689999999999998	0.7709999999999999	19.595	31.729	21.765	12.707	2.2	5.671	4.603	0.9390000000000001	10.93	5.223	5.4110000000000005	10.710999999999999	7.032	10.273	5.812	1.025	7.718	6.497999999999999	7.108	10.585	7.127999999999999	10.633	5.276	0.282	9.465	4.827	6.256	8.945	4.317	6.7379999999999995	2.989
15.50577	1.0590000000000002	18.172	29.526999999999997	21.08	16.016	1.7380000000000002	9.312000000000001	7.125	1.185	20.840999999999998	31.545	24.066999999999997	20.701	1.749	4.906000000000001	4.1339999999999995	0.8690000000000001	19.988	32.492	22.217	13.145999999999999	2.463	5.819	4.978	0.93	10.796	5.354	5.76	10.958	7.41	10.546	5.945	1.015	8.235	6.685	7.2139999999999995	11.46	6.662000000000001	10.797	5.519	0.462	9.22	5.093999999999999	6.143	8.918	4.5569999999999995	6.843999999999999	3.31
15.67235	2.597	18.519000000000002	29.77	21.209	16.879	1.665	9.133	7.301	1.275	20.697	32.499	23.57	21.485	1.949	5.407	4.335	0.85	20.145	32.219	22.401999999999997	13.407	2.5	5.92	5.235	0.966	10.81	5.747999999999999	6.263	10.918	7.341	10.642000000000001	6.121	1.051	8.33	6.916	7.063	10.737	6.9479999999999995	10.429	5.886	0.38799999999999996	9.671	5.487	6.318	9.15	4.677	7.649	3.512
15.83916	1.033	18.688	30.134	21.593000000000004	17.082	1.768	9.601	7.688	1.16	20.864	32.394	23.838	21.241	2.076	5.2829999999999995	4.486000000000001	0.98	20.393	32.492	22.779	14.517000000000001	2.681	6.087000000000001	5.627000000000001	0.9840000000000001	10.779000000000002	5.893	6.462999999999999	11.187999999999999	7.292000000000001	10.613	6.4	1.261	8.767000000000001	7.4670000000000005	7.1770000000000005	11.17	6.707000000000001	10.264000000000001	5.836	0.41	10.023	5.769	6.353	9.041	4.961	7.515	3.687
16.00574	1.141	18.718	30.891	21.516	17.817	1.7930000000000001	9.557	8.052999999999999	1.185	21.278000000000002	33.264	24.203000000000003	21.793000000000003	2.185	5.752000000000001	4.843999999999999	0.924	20.316	32.656	22.353	13.992	2.654	6.6370000000000005	5.742000000000001	0.93	10.959000000000001	6.282	6.525	11.449000000000002	7.218999999999999	10.901	6.682	1.124	9.135	7.667999999999999	7.132999999999999	11.514000000000001	7.072	10.47	6.365	0.38	9.52	5.912000000000001	6.525	9.3	5.294	7.9910000000000005	3.938
16.17236	1.4709999999999999	19.188	31.254	21.769000000000002	18.342	1.8769999999999998	10.38	8.412	1.379	21.366999999999997	33.218	24.456	22.726999999999997	2.2969999999999997	6.192	5.093	0.9540000000000001	20.65	33.702	22.961	14.734000000000002	3.2030000000000003	6.835	6.074	1.015	10.800999999999998	6.832000000000001	6.747000000000001	11.562999999999999	7.223	11.069	6.8229999999999995	1.1	9.522	7.8629999999999995	7.191	11.465	7.021	10.502	6.369	0.43700000000000006	9.525	6.297999999999999	6.775	9.714	5.68	7.995	4.215
16.33911	3.928	19.352	31.364	21.96	18.915	1.8769999999999998	10.708	8.576	1.379	21.694000000000003	33.437	24.238000000000003	22.7	2.625	6.438	5.147	0.927	20.677	33.565	22.934	15.662	3.285	7.381	6.237	1.178	10.800999999999998	6.75	6.747000000000001	11.7	7.223	11.069	7.096	1.4269999999999998	9.932	8.218	7.4639999999999995	11.219000000000001	7.1579999999999995	10.42	6.832999999999999	0.46399999999999997	9.607000000000001	6.707999999999999	6.775	9.496	5.789	8.541	4.351
16.50575	3.072	19.250999999999998	31.393	21.94	19.414	1.9509999999999998	11.104000000000001	8.672	1.425	21.756	34.31	24.87	23.061	2.588	7.108	5.5729999999999995	0.9179999999999999	20.956999999999997	34.301	23.021	16.3	3.2760000000000002	7.688	6.7170000000000005	1.196	10.786	7.1739999999999995	6.7620000000000005	11.712	7.047000000000001	10.972999999999999	7.165	1.3359999999999999	9.89	8.75	7.4239999999999995	11.123	6.736000000000001	10.624	6.766	0.511	9.484	6.614	6.926	9.536	5.859	8.964	4.613
16.67248	3.662	19.558	31.694000000000003	22.083000000000002	20.186	2.242	11.008	9.095	1.58	22.063000000000002	33.928000000000004	24.712	23.176	2.852	7.4510000000000005	5.999	0.91	21.21	34.764	23.735	16.965	3.43	8.131	6.896	1.187	10.526	7.707000000000001	6.805	11.752	7.145	11.368	7.37	1.273	10.285	8.737	7.603	10.835	7.05	10.365	6.888999999999999	0.53	9.579	6.93	7.023	9.468	6.175	8.868	4.819
16.83926	1.1320000000000001	20.008	31.929000000000002	22.451	19.817	2.33	11.454	9.431000000000001	1.368	22.24	34.383	24.89	23.518	3.103	7.7860000000000005	6.115	0.943	21.605	34.483000000000004	23.695	17.086	3.9539999999999997	8.308	7.34	1.33	10.645	8.07	6.895	11.544	7.044	10.887	7.461	2.07	10.049	9.564	7.747999999999999	10.845	6.513	10.538	7.143	0.426	9.343	7.347	7.167999999999999	9.45	6.401	10.623	5.154
17.00583	1.65	19.817	33.102	22.315	20.772	2.3569999999999998	11.536	9.84	1.749	22.404	34.656	25.19	23.980999999999998	3.1310000000000002	7.867999999999999	6.525	0.997	21.551	34.783	23.831999999999997	17.822	3.7089999999999996	8.718	7.559	1.275	10.89	8.37	6.922000000000001	11.217	7.044	11.187000000000001	7.379	1.442	10.049	9.237	7.747999999999999	10.927	6.813	10.783	7.252000000000001	0.508	9.261000000000001	7.51	7.167999999999999	9.613	6.483	9.505	5.5089999999999995
17.17249	1.369	20.233	32.312	22.811999999999998	20.943	2.539	11.549000000000001	10.29	1.686	22.41	35.173	24.677	24.096	3.366	8.756	6.595	1.261	21.912	35.082	23.81	19.303	4.19	8.86	7.955	1.239	10.93	8.548	7.047000000000001	11.202	7.059	11.036	7.311	1.4340000000000002	10.634	9.496	8.389	10.503	6.746	10.687000000000001	7.239	0.527	9.002	8.043	7.455	9.436	6.471	9.517999999999999	5.47
17.33901	1.381	20.506	32.946999999999996	22.54	21.46	2.633	11.868	10.363	1.671	23.011	35.156	25.28	24.316	3.352	8.882	7.047000000000001	1.1640000000000001	22.049	35.638000000000005	24.03	19.41	4.476	9.57	8.217	1.415	10.977	9.111	7.09	10.949000000000002	7.157	10.728	7.492000000000001	1.746	10.463	9.814	8.297	10.14	7.0089999999999995	10.897	7.42	0.511	9.266	8.224	7.499	9.127	6.487	9.455	5.757999999999999
17.5058	1.395	20.621	33.32	22.793000000000003	21.849	2.866	11.482000000000001	10.495999999999999	1.9580000000000002	22.718000000000004	36.186	25.316999999999997	25.171999999999997	3.696	9.148	7.475	1.124	21.974	36.124	23.713	19.797	4.739	9.743	8.402000000000001	1.376	10.647	9.298	7.028	11.218	7.341	10.56	7.35	1.5419999999999998	10.487	9.919	8.155	10.0	6.9479999999999995	10.648	7.416	0.552	9.043	8.463	7.52	8.85	6.452000000000001	9.642000000000001	6.024
17.67258	1.844	20.976	34.039	22.984	22.122	3.343	12.183	10.788	1.8880000000000001	23.074	35.923	25.456999999999997	25.037	3.846	9.575	7.5729999999999995	1.217	22.412	36.983000000000004	24.18	20.205	4.917	10.21	8.857000000000001	1.5519999999999998	10.83	9.589	7.042999999999999	10.828	7.521	10.497	7.504	1.855	10.343	10.512	8.282	10.073	7.129	10.585	7.434	0.535	9.142999999999999	8.508	7.672999999999999	8.922	6.44	9.88	6.341
17.83914	1.6640000000000001	20.839000000000002	33.966	23.230999999999998	22.259	3.273	11.929	10.89	1.954	23.239	36.125	25.706	25.176	4.407	9.949	7.999	1.311	22.468000000000004	36.503	24.374000000000002	20.833000000000002	5.122000000000001	10.485999999999999	9.283999999999999	1.483	11.014000000000001	9.334	7.305	10.573	7.51	10.434000000000001	7.712000000000001	1.73	10.198	10.475999999999999	8.546	10.174	7.31	10.713	7.534	0.6559999999999999	9.271	8.908	7.635	8.804	6.401	9.899	6.221
18.00586	1.376	21.133000000000003	34.439	23.497	22.225	3.7769999999999997	11.987	10.62	2.131	23.149	36.650999999999996	25.366999999999997	25.057	4.253	10.445	8.252	1.214	22.432	37.109	24.391	21.046	5.733	10.802999999999999	9.59	1.686	10.743	9.995	7.367000000000001	10.85	7.571000000000001	10.356	7.445	1.6880000000000002	10.529000000000002	10.507	8.524	9.741	7.452999999999999	10.744000000000002	7.375	0.56	9.084	9.296	7.751	8.453	6.136	10.094	6.665
18.17251	1.8230000000000002	21.318	34.33	23.709	22.765	3.7319999999999998	11.235999999999999	10.798	2.113	23.143	36.598	26.046	25.9	4.564	11.061	8.592	1.2770000000000001	22.535	37.003	24.523000000000003	22.076999999999998	5.361000000000001	11.290999999999999	9.959	1.722	11.004000000000001	10.009	7.379	10.864	7.912000000000001	10.67	7.593999999999999	1.806	10.27	10.603	8.701	10.001	7.3839999999999995	10.758	7.443	0.65	9.235	9.091000000000001	8.037	8.576	6.065	9.862	6.513999999999999
18.33924	1.58	21.480999999999998	35.103	23.406999999999996	22.573	3.6519999999999997	11.280999999999999	10.677999999999999	2.362	23.386999999999997	37.122	26.148000000000003	26.085	4.563	10.940999999999999	8.668	1.4180000000000001	22.807	38.069	24.708000000000002	21.831	5.66	11.667	10.086	1.7790000000000001	10.800999999999998	10.135	7.593	10.799000000000001	7.9879999999999995	10.305	7.805	2.355	10.477	10.647	8.966000000000001	10.045	7.6770000000000005	11.13	7.598	0.601	9.334	9.055	7.894	8.704	6.28	9.742	6.671
18.50592	1.577	21.590999999999998	35.315	23.545	23.066	4.169	10.908	11.208	2.495	23.662	37.336	26.319000000000003	26.228	5.001	11.58	8.948	1.442	23.11	37.823	24.851	22.241	6.099	12.138	10.450999999999999	1.804	10.949000000000002	10.227	7.625	10.755	8.103	10.342	7.922000000000001	2.134	10.134	10.685	8.865	9.837	7.766	10.594000000000001	7.716	0.787	8.906	9.363999999999999	8.201	8.412	6.147	9.589	7.006
18.67262	1.5530000000000002	21.563000000000002	35.595	23.816	23.719	4.17	11.145	11.087	2.416	23.605	37.777	26.311999999999998	26.794	5.409	11.515	9.597000000000001	1.445	22.998	38.150999999999996	24.544	22.596	5.9879999999999995	12.322000000000001	10.004	1.861	11.21	10.544	7.702000000000001	10.717	8.151	10.305	8.106	2.082	9.986	10.347000000000001	8.884	9.827	7.977	10.748	8.007	0.546	9.361	9.574	8.33	8.213	6.362	9.469	6.726
18.83918	1.8530000000000002	22.226999999999997	35.760999999999996	23.88	23.839000000000002	4.473	10.967	11.377	2.58	23.779	38.139	26.3	26.427	5.442	11.12	9.636000000000001	1.39	23.226	38.735	25.296	23.233	6.513	12.693	10.811	1.944	10.708	10.752	7.792999999999999	10.677999999999999	8.271	10.511	8.2	2.138	10.385	10.635	8.952	9.951	7.935	10.845	8.049	0.626	9.184	9.642000000000001	8.342	8.061	6.397	9.511000000000001	6.955
19.00591	1.516	21.933000000000003	35.897	23.859	24.418000000000003	4.709	10.981	10.925	2.708	23.756999999999998	38.246	26.276	26.759	5.541	11.898	9.704	1.381	23.259	38.404	24.999000000000002	22.993000000000002	6.584	12.833	10.687999999999999	2.017	11.103	10.464	8.136000000000001	10.690999999999999	8.341000000000001	10.087	8.105	2.046	10.261	10.703	9.157	10.019	8.085	10.831	7.952999999999999	0.8909999999999999	9.552999999999999	9.437000000000001	8.493	8.294	6.44	10.262	7.0520000000000005
19.17252	2.217	22.267	36.141999999999996	23.947	24.178	4.672	10.802999999999999	10.527999999999999	2.7260000000000004	24.309	38.653	26.281	26.435	5.584	11.474	9.883	1.536	23.265	38.919000000000004	25.004	23.518	6.845	12.864	10.892000000000001	2.0340000000000003	11.225	10.613	8.042	10.731	8.656	10.427999999999999	8.447000000000001	2.0909999999999997	10.274000000000001	10.360999999999999	9.471	10.005	8.236	10.98	8.076	0.773	9.594	9.451	8.753	8.144	6.7829999999999995	9.456	6.902
19.33927	2.005	22.144000000000002	36.844	23.961	24.438000000000002	5.143	10.867	10.755999999999998	2.7319999999999998	24.16	38.755	26.87	27.243000000000002	5.865	11.866	10.192	1.706	23.334	39.404	24.828000000000003	23.368000000000002	6.744	12.825	11.366	2.041	11.152999999999999	10.869000000000002	8.296	10.823	8.637	10.164	8.456	2.289	10.092	9.961	9.234	10.096	8.6	10.770999999999999	8.193999999999999	0.8059999999999999	9.357000000000001	9.515	8.652999999999999	8.207	6.846	8.919	6.9110000000000005
19.50593	1.7990000000000002	22.326999999999998	36.768	24.006999999999998	24.319000000000003	5.207999999999999	10.681	10.514000000000001	2.935	24.342	38.951	27.104	27.259	6.172999999999999	11.842	10.033	1.5	23.406999999999996	39.489000000000004	25.526999999999997	23.741999999999997	6.834	13.004000000000001	11.26	2.352	11.21	10.763	8.275	10.99	8.642999999999999	10.550999999999998	8.679	2.246	10.232000000000001	10.183	9.621	9.963	8.332	10.748	8.389	0.846	9.689	9.41	8.904	8.376	6.99	9.196	7.053
19.67265	2.263	22.473000000000003	37.484	24.125999999999998	25.069000000000003	5.376	10.802999999999999	10.475	2.991	24.408	39.561	26.764	27.712	6.181	11.995	10.565	1.7730000000000001	23.773000000000003	39.31	25.541999999999998	23.807	7.115	13.24	11.249	2.355	11.2	10.642000000000001	8.559	10.677999999999999	8.846	10.784	8.802	2.384	10.275	9.87	9.581	10.005	8.427	10.955	8.76	0.8170000000000001	9.321	9.806000000000001	8.78	8.225	6.89	9.156	7.1739999999999995
19.83928	1.8869999999999998	22.642	37.088	24.840999999999998	25.235	5.706	10.717	10.25	3.187	24.275	39.544000000000004	26.874000000000002	27.465	5.935	11.47	10.261	1.7519999999999998	23.749000000000002	39.674	25.406	24.084	6.922999999999999	13.375	11.215	2.4130000000000003	11.821	10.636	8.666	11.082	8.897	10.505999999999998	8.77	4.136	10.433	10.083	9.657	10.0	8.641	11.058	8.508	0.934	9.371	9.255	8.639	8.467	6.997999999999999	9.205	7.117000000000001
20.00605	2.075	22.726999999999997	37.33	24.406999999999996	25.049	6.063	10.753	10.48	3.295	24.47	39.38	27.319000000000003	28.048000000000002	6.403	11.07	10.815999999999999	1.885	23.726	40.086	25.796	24.005	6.763	13.412	11.39	2.522	11.205	10.674000000000001	8.645	10.764000000000001	9.096	10.379000000000001	8.861	2.524	10.362	10.312000000000001	9.667	9.955	9.416	10.932	8.792	0.9570000000000001	9.572000000000001	9.4	8.921	8.311	7.276	9.27	7.315
20.17276	2.0140000000000002	22.930999999999997	38.076	24.912	25.636	6.4110000000000005	10.908	10.251	3.48	24.674	39.688	27.085	28.278000000000002	6.396	11.225	10.588	1.77	23.848000000000003	40.721	25.999000000000002	24.921	7.275	13.095	11.052	2.4330000000000003	11.414000000000001	10.747	8.719	10.782	9.306000000000001	10.862	9.016	2.353	10.352	9.482000000000001	9.767000000000001	10.11	9.161	11.004000000000001	8.673	0.8690000000000001	9.645	9.091000000000001	8.939	8.385	7.46	9.097000000000001	7.334
20.33935	2.06	23.21	37.8	24.971999999999998	25.886	6.154	10.894	9.745	3.306	24.679000000000002	40.012	27.28	27.926	6.357	11.402000000000001	10.875	1.952	24.318	40.607	25.839000000000002	24.57	6.935	13.235	11.147	2.615	11.317	10.322000000000001	8.843	10.823	9.211	10.52	9.166	2.6719999999999997	10.447000000000001	9.851	10.163	9.85	8.846	10.99	9.014	1.025	9.357000000000001	8.995	9.062999999999999	8.371	7.529	9.219	7.485
20.50603	3.429	23.108	37.865	25.061	25.375	6.267	10.899000000000001	9.641	3.637	24.659000000000002	40.05	27.069000000000003	28.616999999999997	6.5520000000000005	11.024000000000001	10.716	1.982	24.243000000000002	40.289	25.929000000000002	25.37	7.021	12.833	11.125	2.8369999999999997	11.103	10.081	8.874	10.773	9.324	10.606	9.28	2.839	10.534	10.184	10.168	10.155	9.068999999999999	10.995	9.155	1.055	9.607999999999999	9.218	9.149	8.402999999999999	7.506	9.224	7.735
20.67276	2.427	23.320999999999998	38.387	25.055999999999997	25.643	6.524	10.995	10.037	3.647	24.845	40.655	27.666999999999998	28.615	6.4	11.065	10.892999999999999	1.9909999999999999	24.129	40.759	26.171	25.502	7.087999999999999	13.075999999999999	10.92	2.929	11.282	10.232000000000001	9.215	10.924000000000001	9.31	10.784	9.622	2.602	10.630999999999998	9.979	9.936	10.279000000000002	9.193	10.763	9.088	1.063	9.649	8.74	9.163	8.334	7.683	9.265	7.747999999999999
20.83936	2.1719999999999997	23.272	38.575	25.307	26.166999999999998	6.568	10.981	10.16	3.719	25.151	40.624	27.807	28.836	6.443	10.722999999999999	10.798	2.146	24.351999999999997	41.108999999999995	26.011	25.726	7.021	12.751	10.824000000000002	2.8369999999999997	11.24	9.808	9.421	10.773	9.57	10.661	9.581	2.7289999999999996	10.452	10.102	10.25	10.101	9.179	10.857999999999999	9.318999999999999	1.109	9.69	8.754	9.204	8.321	7.807	9.333	7.899
21.00601	2.944	23.56	38.923	25.596	26.429000000000002	7.1770000000000005	10.744000000000002	10.005	3.917	24.838	41.163999999999994	27.468000000000004	29.125999999999998	6.341	10.705	10.561	2.289	24.668000000000003	41.568000000000005	26.491	26.315	7.002000000000001	12.904000000000002	10.395999999999999	2.761	11.523	9.817	9.347999999999999	10.618	9.634	10.862	9.59	2.9819999999999998	10.187999999999999	10.111	10.15	9.919	9.407	11.004000000000001	9.275	1.115	9.562999999999999	8.652999999999999	9.076	8.494	7.9239999999999995	9.097000000000001	7.881
21.1727	2.455	23.403000000000002	38.605	25.33	26.573	6.742999999999999	10.885	10.447000000000001	3.975	25.173000000000002	41.31100000000001	27.749000000000002	29.544	6.482	11.229000000000001	10.374	2.319	24.756999999999998	41.68899999999999	26.444000000000003	25.748	6.595	12.665999999999999	10.702	2.792	11.419	9.986	9.27	10.677999999999999	9.748	10.702	9.622	2.821	10.357000000000001	10.061	10.482999999999999	10.087	9.411	10.927	9.526	1.2	9.376	8.685	9.381	8.334	7.847	9.101	8.158999999999999
21.3393	3.029	23.730999999999998	39.18	25.33	27.011	7.098	10.802999999999999	10.255999999999998	3.8110000000000004	25.255	41.393	28.104	29.298000000000002	6.4	11.12	10.401	2.292	24.593000000000004	41.68899999999999	26.773000000000003	26.159000000000002	6.8420000000000005	12.665999999999999	10.290999999999999	2.9560000000000004	11.173	9.849	9.707	10.623	9.748	10.62	9.95	3.013	10.713	10.198	10.51	9.923	9.521	11.091	9.526	1.364	9.54	9.013	9.491	8.334	8.011000000000001	9.32	8.241
21.50607	2.907	23.784000000000002	39.576	25.573	27.088	7.001	11.14	10.456	4.044	25.307	41.678999999999995	27.826	29.675	6.3839999999999995	10.773	10.137	2.307	24.673000000000002	41.864	26.495	26.155	6.497999999999999	12.279000000000002	10.109	3.352	11.425999999999998	10.131	9.772	10.686	9.921	10.437999999999999	9.849	3.218	10.939	10.043	10.409	10.26	9.638	10.935	9.588	1.27	9.467	8.64	9.636000000000001	8.645	8.24	9.329	8.55
21.67269	2.6060000000000003	24.03	39.795	25.71	27.061	6.919	11.058	10.401	4.126	25.471	41.597	27.99	29.374000000000002	6.275	10.855	9.863999999999999	2.3890000000000002	24.809	42.137	26.741	26.784000000000002	6.525	12.634	10.027000000000001	3.161	11.344000000000001	10.076	9.854	10.987	10.003	10.683	9.904	2.89	10.529000000000002	10.097000000000001	10.491	9.987	10.021	11.154000000000002	9.806000000000001	1.3519999999999999	9.603	8.504	9.445	8.481	8.322000000000001	9.465	8.55
21.83942	4.2010000000000005	24.134	40.044000000000004	25.814	27.194000000000003	6.849	11.099	10.443	4.3	25.767	41.711000000000006	28.233	30.11	6.204	11.061	9.877	2.6439999999999997	25.133000000000003	42.251999999999995	26.874000000000002	26.67	6.6739999999999995	11.892000000000001	10.15	3.089	11.605	10.583	10.004	10.782	9.988999999999999	10.834000000000001	9.918	2.9819999999999998	10.626	10.193	10.478	10.356	9.817	11.442	9.767000000000001	1.361	9.535	8.817	9.623	8.302999999999999	8.499	9.261000000000001	8.701
22.00604	2.783	24.005	39.754	25.849	27.475	7.016	10.831	10.174	4.166	25.775	42.596000000000004	28.104	29.872	6.181	10.956	9.8	2.62	24.866999999999997	42.836999999999996	26.936999999999998	27.198	6.1579999999999995	12.009	9.745	3.175	11.419	10.095	9.68	11.115	10.158	10.839	10.224	2.931	10.713	10.28	10.755999999999998	9.951	9.904	11.283	9.908	1.501	9.376	8.685	9.901	8.225	8.421	9.511000000000001	8.623
22.17281	3.093	24.191	40.222	25.954	27.881999999999998	6.919	10.899000000000001	10.38	4.177	25.825	42.053999999999995	28.129	29.761	5.946000000000001	11.052	9.238	2.8760000000000003	25.245	43.199	26.551	27.084	6.224	12.279000000000002	10.305	3.185	11.708	10.493	9.94	10.937999999999999	10.199	10.853	10.156	2.9130000000000003	10.454	10.294	10.689	10.101	9.836	11.133	10.115	1.3730000000000002	9.581	8.424	9.669	8.402000000000001	8.488999999999999	9.498	9.048
22.3395	3.005	24.094	40.147	26.021	28.221999999999998	6.692	10.917	10.288	4.225	25.892	42.607	27.839000000000002	30.236	5.61	10.714	9.613	2.623	25.039	42.821000000000005	27.026999999999997	27.014	5.861000000000001	12.674000000000001	9.804	3.2060000000000004	11.534	10.155	10.122	10.929	10.245	10.789000000000001	10.365	3.071	10.607999999999999	10.530999999999999	10.734000000000002	10.119	9.826	11.288	10.105	1.449	9.572000000000001	8.99	9.796	8.339	8.507	9.571	9.038
22.5062	2.992	24.584	40.488	25.909000000000002	28.353	6.732	11.254000000000001	10.624	4.129	25.862	42.56399999999999	28.408	30.776	5.404	10.86	9.677	2.8569999999999998	25.364	43.05	27.404	27.721	5.846	11.959000000000001	9.977	3.3289999999999997	11.677	10.136000000000001	10.158999999999999	10.745999999999999	10.5	11.071	10.1	3.167	10.917	10.293	10.742	9.991	9.971	11.186	10.085	1.7380000000000002	9.526	8.672	9.942	8.485	8.654	9.306000000000001	9.102
22.6728	3.0869999999999997	24.395	40.775999999999996	25.994	28.058000000000003	7.294	11.190999999999999	10.644	4.06	25.865	42.853	28.576999999999998	30.482	5.364	10.878	9.448	2.9789999999999996	25.558000000000003	43.20399999999999	27.381999999999998	27.506	5.587000000000001	12.099	10.405999999999999	3.2880000000000003	11.534	10.427999999999999	10.204	10.929	10.491	10.870999999999999	10.529000000000002	3.235	10.964	10.777000000000001	11.062000000000001	10.255999999999998	10.127	11.342	10.324000000000002	1.6680000000000001	9.736	8.908	9.824	8.421	8.972000000000001	9.434	9.283999999999999
22.83953	3.1510000000000002	24.526999999999997	40.753	26.016	28.0	6.348	11.177	10.384	4.235	26.079	43.132	28.026999999999997	30.618000000000002	5.375	11.002	9.407	2.9610000000000003	25.39	43.621	27.296999999999997	28.461	5.544	11.849	10.146	3.38	11.686	10.415	10.218	11.107000000000001	10.423	11.05	10.544	3.08	10.869000000000002	10.408	10.94	10.133	10.251	11.357000000000001	10.175	1.786	9.805	8.757	9.837	8.407	8.904	9.366	9.299
23.00616	3.1430000000000002	24.682	40.898	26.171999999999997	28.624000000000002	6.397	11.616	10.386	4.118	26.125	42.924	28.158	30.476999999999997	5.206	11.331	9.568999999999999	2.926	25.627	43.716	27.538	28.099	5.209	12.06	10.173	3.4560000000000004	11.387	10.607999999999999	10.3	10.889000000000001	10.642999999999999	10.887	10.600999999999999	3.21	10.57	10.600999999999999	11.024000000000001	10.216000000000001	10.5	11.249	10.232999999999999	1.722	9.779	8.783	9.838	8.379	9.012	9.558	9.245
23.17296	3.4960000000000004	24.592	40.476	26.191	28.479	6.3660000000000005	11.145	10.847000000000001	4.033	26.336	43.105	28.479	31.125999999999998	5.065	11.189	9.346	2.978	25.866	43.705	27.092	28.666	5.069	12.244000000000002	10.415	3.4530000000000003	11.41	10.302	10.378	11.130999999999998	10.638	11.074000000000002	10.485999999999999	3.042	10.757	10.732999999999999	11.102	10.075	10.357999999999999	11.244000000000002	10.556	1.719	9.829	8.888	9.916	8.676	9.008	9.443999999999999	9.405
23.33954	3.24	25.116999999999997	40.883	26.333000000000002	28.345	6.273	11.296	10.722000000000001	4.077	26.230999999999998	43.318000000000005	27.961	31.1	4.78	11.175	9.333	2.995	25.596999999999998	44.163000000000004	27.478	28.723000000000003	5.113	12.604000000000001	10.237	3.2230000000000003	11.559000000000001	10.206	10.390999999999998	10.815999999999999	10.952	10.812999999999999	10.8	3.005	10.879000000000001	10.5	11.169	10.033	10.261	11.148	10.349	1.765	9.568	9.04	10.148	8.361	9.186	9.43	9.336
23.50619	3.322	24.816	41.211999999999996	26.059	29.275	5.999	11.186	10.995999999999999	3.995	26.340999999999998	43.592	28.235	31.456	4.862	11.011	9.579	3.159	25.733	43.917	27.259	28.805999999999997	5.195	12.22	10.565999999999999	3.2230000000000003	11.640999999999998	10.507	10.446	10.952	10.843	11.140999999999998	10.663	3.0869999999999997	10.825	10.664000000000001	11.032	10.033	10.508	11.449000000000002	10.431	1.9569999999999999	9.596	8.93	10.093	8.334	9.104	9.43	9.336
23.67293	3.486	24.898000000000003	41.54	26.386999999999997	29.303	6.465	11.597000000000001	10.832	4.105	26.642	44.003	28.208000000000002	31.045	4.78	11.093	9.306000000000001	3.2960000000000003	25.733	44.246	27.67	28.750999999999998	5.222	12.357000000000001	10.017999999999999	3.387	11.477	10.753	10.638	11.117	10.925	11.032	10.8	3.197	10.879000000000001	10.745999999999999	11.087	10.115	10.644	11.530999999999999	10.705	2.011	9.76	8.93	10.011000000000001	8.252	9.35	9.54	9.555
23.8396	3.647	25.116	41.586999999999996	26.551	29.087	5.667999999999999	11.136	11.14	3.937	26.642	43.806999999999995	28.346999999999998	31.160999999999998	4.641	11.537	9.336	3.347	25.87	44.655	27.289	29.384	5.138	12.412	10.269	3.303	11.814	10.65	10.588	10.985999999999999	11.068	10.927999999999999	10.78	3.193	10.75	10.588	11.395999999999999	10.23	10.597000000000001	11.401	10.741	1.896	9.847999999999999	8.714	10.208	8.31	9.218	9.49	9.78
24.00627	3.715	25.304000000000002	41.463	26.246	29.465	5.599	11.2	10.655	4.088	26.665	44.201	28.862	31.4	4.544	11.107000000000001	9.565	3.252	25.701999999999998	44.608999999999995	27.585	29.433000000000003	5.124	12.052	10.607000000000001	3.3710000000000004	11.655999999999999	10.467	10.870999999999999	10.967	11.104000000000001	11.155999999999999	10.98	3.097	10.839	11.062000000000001	11.458	10.157	10.577	11.737	10.94	2.103	9.856	8.971	10.325999999999999	8.429	9.363999999999999	9.691	9.651
24.17291	4.322	25.066	41.994	26.336	29.309	5.356	11.205	11.097999999999999	3.844	26.837	44.102	28.569000000000003	31.491	4.603	11.03	9.953	3.31	26.038	44.346000000000004	27.62	29.331999999999997	5.237	12.169	10.53	3.237	11.880999999999998	10.362	10.710999999999999	10.972000000000001	11.109000000000002	10.914000000000001	11.012	3.0460000000000003	10.844000000000001	11.177	11.380999999999998	10.161	12.007	11.495999999999999	10.808	2.133	9.669	8.701	10.276	8.434	9.423	9.722999999999999	9.738
24.33974	3.653	25.269000000000002	42.211999999999996	26.291999999999998	29.378	5.346	11.228	10.958	3.8339999999999996	26.739	44.158	28.391	31.397	4.538	10.943	9.701	3.5180000000000002	26.076999999999998	44.925	27.662	29.648000000000003	5.063	12.263	10.69	3.4189999999999996	11.66	10.825	10.652000000000001	10.913	11.078	11.075	10.927	3.035	10.787	11.009	11.241	9.993	11.046	11.74	10.970999999999998	2.121	9.967	9.134	10.3	8.374	9.556000000000001	9.472000000000001	9.625
24.5063	3.5989999999999998	25.378	42.321999999999996	26.704	29.706999999999997	5.209	11.667	10.547	3.7510000000000003	26.904	44.35	28.61	31.123	4.703	11.052999999999999	9.975	3.326	26.05	45.144	27.305	30.169	5.31	12.51	10.91	3.4189999999999996	11.989	10.742	10.981	10.913	11.242	11.02	11.174000000000001	2.98	11.005999999999998	10.707	11.405999999999999	10.075	10.964	11.932	10.999	2.066	9.94	9.052	10.3	8.401	9.611	9.637	9.845
24.6729	3.6839999999999997	25.496	42.305	26.546999999999997	29.386	5.13	11.15	11.155	3.7	26.939	44.361000000000004	28.454	31.653000000000002	4.734	11.222000000000001	9.595	3.522	26.386999999999997	45.019	27.642	29.574	5.012	12.628	10.613	3.313	11.747	10.5	11.095999999999998	11.027999999999999	11.384	11.162	10.96	3.0380000000000003	10.792	11.014000000000001	11.575	10.162	10.940999999999999	11.662	10.922	2.234	9.972000000000001	9.302999999999999	10.305	8.323	9.78	9.477	9.877
24.83952	3.657	25.496	42.415	26.930999999999997	29.524	5.103	11.479000000000001	10.963	3.59	27.076	44.388999999999996	28.480999999999998	31.543000000000003	4.761	11.03	9.952	3.4939999999999998	26.25	45.073	27.642	29.958000000000002	5.231	11.887	10.64	3.148	11.994000000000002	10.583	11.013	11.027999999999999	11.467	11.327	11.179	3.0380000000000003	11.120999999999999	10.877	11.493	10.244000000000002	11.106	11.992	11.004000000000001	2.234	9.642999999999999	9.056000000000001	10.524000000000001	8.406	9.642999999999999	10.135	10.124
25.00634	3.701	25.535	42.551	26.831999999999997	30.005	5.066	11.091	11.042	3.5239999999999996	27.116	45.104	28.769000000000002	31.834	4.669	10.917	9.727	3.4560000000000004	26.426	45.29600000000001	27.464000000000002	30.549	5.194	12.173	10.718	3.1660000000000004	12.432	10.909	11.119000000000002	10.969000000000001	11.436	11.104000000000001	11.232000000000001	2.972	10.899000000000001	10.735999999999999	11.738	10.267999999999999	11.324000000000002	11.88	10.865	2.332	10.051	9.161	10.630999999999998	8.4	9.831	9.527999999999999	10.203
25.17295	3.674	25.699	43.156000000000006	26.53	30.252	5.202999999999999	11.118	11.344000000000001	3.6069999999999998	27.281	44.857	28.659000000000002	31.779	4.669	11.136	9.919	3.4560000000000004	26.509	45.681000000000004	27.793000000000003	30.22	5.276	12.915	10.718	3.1660000000000004	12.432	10.662	11.284	11.189	11.683	11.214	11.397	2.917	11.036	10.819	11.573	10.213	11.241	11.88	11.167	2.305	9.968	8.941	10.575999999999999	8.4	9.721	9.583	10.121
25.33971	3.8280000000000003	25.586	43.09	26.61	29.61	5.192	11.397	11.125	3.488	27.057	45.11600000000001	28.569000000000003	32.148	4.877	11.03	9.761000000000001	3.3369999999999997	26.586	45.47	27.756999999999998	30.373	5.292000000000001	12.552999999999999	10.857999999999999	3.128	12.072000000000001	10.362	11.04	11.136	11.629000000000001	11.215	11.341	3.0460000000000003	11.009	10.82	11.845999999999998	10.298	11.267000000000001	11.797	11.274000000000001	2.352	9.751	8.948	10.523	8.379	9.917	9.476	10.286
25.50636	3.763	25.872	43.199	26.456999999999997	30.146	4.99	11.557	11.123	3.34	27.398000000000003	45.446999999999996	28.61	31.809	4.758	11.19	10.304	3.3539999999999996	26.570999999999998	45.775	27.908	30.58	5.502000000000001	12.675	10.827	3.09	12.235	10.879000000000001	11.173	11.023	11.626	11.514000000000001	11.339	2.815	11.034	10.707	11.872	10.349	11.293	12.069	11.383	2.3680000000000003	10.022	9.216000000000001	10.465	8.538	10.022	9.582	10.392999999999999
25.67302	4.072	25.906999999999996	43.106	26.930999999999997	29.930999999999997	4.997	11.228	11.093	3.156	27.514	45.57	28.342	31.646	4.8180000000000005	11.08	9.866	3.1689999999999996	26.77	45.70399999999999	27.831	30.445999999999998	5.535	12.845999999999998	10.880999999999998	2.987	11.958	11.179	11.282	10.967	11.706	11.155999999999999	11.5	2.659	11.059000000000001	11.007	11.704	10.238999999999999	11.344000000000001	12.285	11.269	2.349	10.158	9.052999999999999	10.874	8.347000000000001	9.967	9.691	10.309000000000001
25.83967	3.9139999999999997	25.986	43.545	26.761999999999997	30.701999999999998	5.306	11.439	11.06	3.1060000000000003	27.539	45.575	28.835	32.146	4.909	11.290999999999999	9.91	3.339	26.85	46.123999999999995	27.859	30.861	5.407	12.899000000000001	10.544	3.077	12.255999999999998	10.734000000000002	11.329	11.262	11.755999999999998	11.094000000000001	11.606	2.801	11.109000000000002	11.056	11.892000000000001	10.204	11.615	12.117	11.431	2.49	10.398	9.152000000000001	10.950999999999999	8.419	10.206	9.683	10.193999999999999
26.00634	4.195	26.194000000000003	43.32	26.778000000000002	30.444000000000003	5.202999999999999	11.338	11.18	3.14	27.885	45.845	28.741999999999997	32.383	4.916	11.054	10.249	3.2910000000000004	26.838	46.258	28.013	30.357	5.414	12.997	10.745999999999999	3.029	12.294	10.607000000000001	11.339	11.299000000000001	11.931	11.433	11.397	2.753	11.036	10.956	12.012	10.131	11.460999999999999	12.290999999999999	11.25	2.387	10.078	9.106	10.96	8.51	10.215	9.665	10.505999999999998
26.17305	3.575	26.044	43.101000000000006	26.794	30.401	5.185	11.26	11.237	3.042	27.816999999999997	45.623000000000005	28.701	32.202	4.981	11.277000000000001	10.309000000000001	3.3569999999999998	26.963	46.006	28.164	30.644000000000002	5.422999999999999	12.6	10.64	2.764	12.323	10.884	11.425	10.918	11.960999999999999	11.19	11.454	2.654	11.120999999999999	10.548	11.822000000000001	10.19	11.627	12.321	11.388	2.316	10.274000000000001	9.166	10.908	8.378	10.245999999999999	9.724	10.425999999999998
26.33972	3.767	26.264	43.70399999999999	26.794	30.593000000000004	5.13	11.232999999999999	11.155	3.014	27.68	45.541000000000004	28.893	32.202	4.843999999999999	11.36	9.98	3.247	26.99	46.335	27.889	30.589000000000002	5.505	12.683	10.805	2.764	12.762	10.967	11.397	11.192	11.905999999999999	11.491	11.673	2.5989999999999998	10.957	11.261	11.877	10.19	11.517000000000001	12.402999999999999	11.333	2.371	10.191	9.166	10.908	8.378	10.164	9.751	10.59
26.50642	3.8760000000000003	26.326999999999998	44.37	27.048000000000002	30.662	5.296	11.352	11.414000000000001	2.957	27.909000000000002	45.961999999999996	28.875999999999998	31.943	4.955	11.7	10.097000000000001	3.2739999999999996	27.191999999999997	46.513000000000005	27.736	30.575	5.507000000000001	12.884	10.815	2.957	12.447000000000001	10.786	11.463	11.065999999999999	12.001	11.311	11.659	2.543	11.299000000000001	11.163	12.083	10.31	11.889000000000001	12.554	11.513	2.424	10.258	9.037	10.81	8.414	10.367	9.625	10.713
26.67306	4.575	26.314	43.715	26.763	30.614	5.8020000000000005	11.460999999999999	11.107999999999999	3.111	27.976999999999997	45.851000000000006	28.421	31.755	5.0760000000000005	11.286	10.181000000000001	3.179	27.451999999999998	46.288000000000004	27.636999999999997	31.294	5.4910000000000005	12.514000000000001	10.895	2.833	12.329	10.865	11.405999999999999	10.981	12.132	11.472000000000001	11.68	2.5860000000000003	11.238	10.912	12.130999999999998	10.39	12.319	12.629000000000001	11.449000000000002	2.441	10.419	9.148	10.889000000000001	8.36	10.31	9.568	10.488
26.83978	3.674	26.551	44.364	27.107	30.444000000000003	5.313	11.173	11.317	3.057	27.885	45.928000000000004	28.769000000000002	32.164	5.109	11.164000000000001	10.386	3.264	27.441999999999997	46.669	27.875999999999998	31.263	5.742999999999999	12.722000000000001	11.158	2.781	12.624	11.019	11.777999999999999	11.134	12.068	11.378	11.780999999999999	2.533	11.229000000000001	11.505	12.15	10.543	11.955	12.620999999999999	11.524000000000001	2.497	10.573	9.187999999999999	11.015	8.345	10.462	9.693	10.753
27.00645	3.866	26.633000000000003	44.034	26.941999999999997	30.307	5.313	11.255999999999998	11.344000000000001	2.948	28.104	46.202	28.961	31.862	5.109	11.493	10.084	3.1260000000000003	27.36	47.053999999999995	27.793000000000003	31.125999999999998	5.524	12.86	11.075	2.781	12.624	10.825999999999999	11.833	11.217	12.232999999999999	11.543	11.890999999999998	2.588	11.229000000000001	11.203	12.177	10.515	11.818	12.758	11.36	2.332	10.49	9.326	10.96	8.4	10.27	9.885	10.698
27.17314	3.6289999999999996	26.41	44.48	26.691	30.388	5.296	11.105	11.194	3.04	28.156	46.126999999999995	28.930999999999997	32.575	5.12	11.343	10.07	3.136	27.494	47.035	27.653000000000002	31.125	5.59	12.690999999999999	10.732999999999999	2.792	12.887	11.253	11.765999999999998	11.231	12.44	11.613	11.879000000000001	2.515	11.464	11.328	12.165	10.53	12.052999999999999	12.939	11.843	2.396	10.505	9.422	11.057	8.661	10.724	9.625	10.933
27.3398	3.427	26.706	44.43899999999999	26.77	30.979	5.805	11.465	11.305	3.005	28.149	46.356	28.868000000000002	32.449	5.052	11.373	10.267999999999999	3.1	27.487	46.738	28.029	31.221	5.577000000000001	12.577	11.037	2.7539999999999996	12.883	11.116	11.822000000000001	11.15	12.302	11.559000000000001	11.904000000000002	2.5069999999999997	11.435	11.274000000000001	12.054	10.477	12.187000000000001	12.909	11.454	2.307	10.698	9.152999999999999	10.975999999999999	8.447000000000001	10.397	10.176	10.795
27.50639	3.492	26.511	44.308	26.930999999999997	31.115	5.597	11.479000000000001	11.402000000000001	3.096	28.366	46.83	28.865	31.818	5.09	11.387	10.199	3.165	27.594	47.213	28.054000000000002	31.247	5.642	12.6	10.997	2.764	13.064	11.130999999999998	11.809000000000001	11.027999999999999	12.645999999999999	11.683	11.947000000000001	2.435	11.45	11.48	12.234000000000002	10.354000000000001	12.285	13.062000000000001	11.799000000000001	2.4530000000000003	10.548	9.357999999999999	11.1	8.488	10.603	9.971	10.892000000000001
27.67305	3.51	26.953000000000003	44.521	26.88	30.65	5.531000000000001	11.493	10.784	3.032	28.232	46.96	28.785999999999998	32.531	5.2170000000000005	11.62	10.432	3.155	27.706999999999997	47.177	28.139	31.111	5.796	12.769	10.9	2.6719999999999997	13.157	11.280999999999999	11.822000000000001	11.507	12.630999999999998	11.86	11.904000000000002	2.5069999999999997	11.408	11.274000000000001	12.273	10.504000000000001	12.27	12.909	11.811	2.444	10.917	8.988	11.168	8.639	10.589	9.737	10.904000000000002
27.83982	3.2689999999999997	26.996	44.626000000000005	27.005	30.749000000000002	5.537999999999999	11.584000000000001	11.095	3.1210000000000004	28.604	46.571999999999996	29.131	32.302	5.251	11.19	10.222000000000001	2.915	27.833000000000002	47.42100000000001	28.21	31.129	5.749	12.812000000000001	11.129000000000001	2.679	13.140999999999998	11.401	11.886	11.434000000000001	12.722999999999999	11.651	11.942	2.6510000000000002	11.61	11.037	12.311	10.569	12.116	13.056	11.959000000000001	2.286	10.845	9.134	11.232999999999999	8.566	10.763	9.966000000000001	10.805
28.00646	3.522	26.912	44.738	27.331	31.248	6.013999999999999	11.741	11.529000000000002	3.125	28.686	46.853	28.967	32.391999999999996	5.287999999999999	11.402000000000001	10.487	3.03	27.886999999999997	47.294	28.375999999999998	31.71	5.841	13.110999999999999	11.04	2.7680000000000002	13.277000000000001	11.120999999999999	12.183	11.290999999999999	12.665	11.892999999999999	12.049000000000001	2.546	11.550999999999998	11.14	12.527999999999999	10.699000000000002	12.333	13.219000000000001	11.793	2.345	10.895	9.426	11.282	8.776	10.811	10.014	10.965
28.17314	3.352	26.831999999999997	44.681000000000004	26.923000000000002	30.996	5.537999999999999	11.392000000000001	11.369000000000002	3.0380000000000003	28.686999999999998	46.956	28.802	32.577	5.251	11.218	10.193999999999999	2.86	27.805	47.338	28.046	30.826999999999998	5.803	12.592	10.827	2.679	13.387	11.209000000000001	11.914000000000001	11.352	12.806	11.843	11.942	2.431	11.582	11.558	12.228	10.679	12.253	13.220999999999998	12.040999999999999	2.231	11.092	9.271	11.315	8.566	11.01	10.021	10.969000000000001
28.33976	3.242	27.024	44.873000000000005	27.088	30.941	5.511	11.557	11.616	3.0380000000000003	28.934	47.065	29.159000000000002	32.741	5.142	11.218	10.193999999999999	2.9419999999999997	27.833000000000002	47.913999999999994	27.991	31.403000000000002	5.831	12.894	10.827	2.8160000000000003	13.415	11.290999999999999	11.969000000000001	11.27	12.833	11.815999999999999	12.270999999999999	2.568	11.665	11.421	12.392999999999999	10.595999999999998	12.527000000000001	13.302999999999999	11.904000000000002	2.313	11.064	9.271	11.397	8.62	10.9	9.966000000000001	11.052
28.50656	3.285	27.129	45.102	27.245	30.862	5.585	11.453	11.599	3.135	28.875999999999998	47.301	29.184	32.391	5.382000000000001	11.334000000000001	10.088	2.984	28.241	47.908	28.154	31.737	5.797000000000001	12.777999999999999	11.027000000000001	2.778	13.651	11.136	12.142999999999999	11.470999999999998	12.901	12.155	12.175	2.39	11.512	11.815	12.735999999999999	10.741	12.68	13.62	11.947000000000001	2.271	11.13	9.412	11.627	8.872	10.991	10.084	10.981
28.6733	3.275	27.325	45.096000000000004	27.055999999999997	30.589000000000002	5.409	11.604000000000001	11.749	3.29	29.180999999999997	47.485	29.462	32.419000000000004	5.343	11.43	10.157	2.947	28.079	47.817	28.459	31.655	5.757999999999999	12.589	10.573	2.795	13.607000000000001	11.203	12.128	11.290999999999999	12.967	12.003	12.077	2.7110000000000003	11.991	11.47	12.583	10.864	12.470999999999998	13.767999999999999	12.095999999999998	2.18	11.224	9.124	11.447000000000001	9.05	11.113	9.904	11.295
28.83991	3.252	27.185	45.099	27.248	30.583000000000002	5.796	11.652999999999999	11.549000000000001	3.13	28.958000000000002	47.265	29.320999999999998	32.521	5.4	11.314	10.208	2.924	28.104	48.363	28.619	32.088	5.8420000000000005	12.890999999999998	10.787	2.7710000000000004	13.595999999999998	11.251	12.175	11.530999999999999	12.931	11.94	12.205	2.441	11.707	11.573	12.546	10.83	12.433	13.511	11.892999999999999	2.24	11.325999999999999	9.449	11.522	8.826	11.107000000000001	10.118	10.847000000000001
29.00666	3.236	27.393	45.4	27.343000000000004	31.456999999999997	5.565	11.463	11.279000000000002	3.2239999999999998	29.058000000000003	47.765	29.119	32.546	5.527	11.425999999999998	10.042	2.991	28.588	48.015	28.638	31.616999999999997	5.8870000000000005	12.655999999999999	11.200999999999999	2.867	13.91	11.228	12.235	11.645	12.911	12.193	12.213	2.452	11.769	11.357999999999999	12.609000000000002	10.668	12.773	13.548	12.232999999999999	2.333	11.47	9.339	11.582	8.936	11.165	10.176	11.293
29.17325	3.185	27.153000000000002	45.32899999999999	27.516	31.246	5.651	11.467	11.477	3.227	29.396	47.556000000000004	29.595	32.638000000000005	5.393	11.431	10.265999999999998	2.9939999999999998	28.349	47.945	28.509	31.873	5.973	12.472000000000001	11.206	2.898	13.75	11.562999999999999	12.295	11.65	13.300999999999998	12.17	12.300999999999998	2.565	11.912	11.417	12.669	10.755999999999998	12.777999999999999	13.636	11.991	2.088	11.337	9.426	11.642000000000001	8.885	11.253	10.263	11.409
29.33997	3.218	27.455	46.216	27.265	30.892	5.687	11.817	11.665	3.37	29.287	47.896	29.596999999999998	32.204	5.485	11.479000000000001	10.311	2.861	28.515	48.591	28.428	31.962	5.818	13.24	10.895999999999999	2.85	13.970999999999998	11.503	12.29	11.535	13.272	12.220999999999998	12.325999999999999	2.487	12.075	11.467	12.888	11.218	12.833	14.213	12.046	2.119	11.719000000000001	9.499	11.72	9.152000000000001	11.385	10.34	11.185
29.50655	3.112	27.426	45.777	27.401999999999997	31.244	5.689	11.729000000000001	11.574000000000002	3.264	29.339000000000002	47.867	29.4	33.078	5.542000000000001	11.363	10.472000000000001	3.0039999999999996	28.566	48.312	28.755	31.9	5.874	12.936	10.698	2.826	14.097000000000001	11.138	12.338	11.693	13.317	12.267999999999999	12.372	2.492	12.093	11.652999999999999	12.767999999999999	10.908	12.877	13.844000000000001	12.145	2.125	11.738	9.439	11.685	8.816	11.35	10.277999999999999	11.314
29.67336	3.195	27.839000000000002	45.583999999999996	27.375	30.997	5.854	11.645999999999999	11.629000000000001	3.4019999999999997	29.366	48.06	29.372	32.913000000000004	5.377000000000001	11.39	10.555	2.9760000000000004	28.566	48.641999999999996	28.726999999999997	31.625	5.957000000000001	12.770999999999999	10.918	2.909	14.262	11.468	12.338	11.748	13.4	12.597999999999999	12.454	2.7119999999999997	12.203	11.735	12.878	11.017999999999999	12.85	14.147	12.145	2.097	11.821	9.219	11.575	9.367	11.488	10.607999999999999	11.397
29.83997	3.205	27.698	46.004	27.426	31.215999999999998	5.865	11.578	11.727	3.522	29.639	48.068999999999996	29.425	32.857	5.497999999999999	11.57	10.293	2.931	28.894000000000002	48.542	28.835	31.954	6.132999999999999	13.07	11.318	2.9189999999999996	14.279000000000002	11.565999999999999	12.27	11.845	13.415999999999999	12.530999999999999	12.388	2.667	12.219000000000001	11.777999999999999	13.059000000000001	11.253	12.894	14.190999999999999	12.272	1.969	11.919	9.48	11.7	9.187999999999999	11.42	10.402999999999999	11.412
30.00677	3.122	28.055999999999997	45.92100000000001	27.261	31.105	5.782	12.019	11.947000000000001	3.3289999999999997	29.694000000000003	48.013999999999996	29.645	32.83	5.691	11.735	10.458	2.931	29.005	49.01	28.863000000000003	32.423	6.077999999999999	13.125	11.07	2.891	14.279000000000002	11.675999999999998	12.710999999999999	11.708	13.609000000000002	12.779000000000002	12.552999999999999	2.805	12.219000000000001	11.695	12.949000000000002	11.363	12.949000000000002	14.494000000000002	12.354000000000001	2.052	12.001	9.536	11.7	9.299	11.530999999999999	10.54	11.66
30.1733	3.219	27.968000000000004	46.178000000000004	27.559	31.511	5.795	11.917	11.734000000000002	3.426	29.605	48.379	29.941999999999997	32.793	5.813	11.578	10.193	3.0010000000000003	28.805999999999997	49.263000000000005	28.912	32.056	6.117999999999999	13.203	11.161	2.905	14.422	11.243	12.663	12.017999999999999	13.505	12.675999999999998	12.559000000000001	2.654	12.363	11.565	13.038	11.343	13.12	14.417	12.497	2.094	11.898	9.38	11.762	9.335	11.593	10.630999999999998	11.419
30.33987	3.102	27.814	46.54	27.791	30.943	5.761	11.99	11.697000000000001	3.31	29.974	48.437	29.43	33.106	5.641	11.458	10.431	2.967	29.092	48.93600000000001	28.619	31.680999999999997	6.028	13.187000000000001	11.151	2.8710000000000004	14.466	11.728	12.515	12.091	13.659	12.940999999999999	12.520999999999999	2.62	12.352	12.298	13.082	11.388	13.245999999999999	14.626	12.459000000000001	2.116	12.218	9.591000000000001	11.835	9.408	11.556	10.703	11.464
30.50671	3.1719999999999997	27.781	46.383	27.649	31.266	6.021	11.998	11.539000000000001	3.2969999999999997	29.775	48.471000000000004	29.918000000000003	32.299	5.626	11.522	10.440999999999999	2.8160000000000003	29.250999999999998	49.271	28.833000000000002	32.085	5.931	12.687999999999999	11.022	3.187	14.69	11.433	12.633	11.905999999999999	13.555	12.562000000000001	12.692	2.635	12.716	11.948	13.171	11.534	13.140999999999998	14.549000000000001	12.436	1.9380000000000002	11.894	9.325	11.732000000000001	9.334	11.645999999999999	10.739	11.388
30.67347	3.265	28.096999999999998	46.27	27.636999999999997	31.304000000000002	5.975	12.057	11.789000000000001	3.528	29.843000000000004	48.603	29.629	32.777	5.607	11.607999999999999	10.390999999999998	3.102	29.263	49.126000000000005	28.818	31.904	6.2410000000000005	12.868	11.025	3.032	14.744000000000002	11.353	12.607000000000001	12.128	13.610999999999999	13.030999999999999	12.555	2.6180000000000003	12.744000000000002	11.675	13.280999999999999	11.536	13.279000000000002	14.575999999999999	12.436	2.006	12.171	9.825	11.789000000000001	9.394	11.703	11.455	11.582
30.84005	3.0989999999999998	28.410999999999998	47.133	27.535	31.815	6.005	12.013	11.967	3.471	30.13	48.562	29.750999999999998	33.179	5.718999999999999	11.645999999999999	10.867	2.991	29.441	49.363	29.134	32.111999999999995	6.189	12.932	11.200999999999999	3.142	14.955	11.943	12.675	11.975999999999999	13.709000000000001	13.017999999999999	12.597999999999999	2.782	12.787	11.908	13.159	11.494000000000002	13.488	14.731	12.453	2.113	12.267999999999999	9.613999999999999	11.802	9.568999999999999	11.908	11.029000000000002	11.624
31.00664	3.23	28.366	46.641999999999996	27.932	31.467	5.915	12.581	11.957	3.5469999999999997	30.361	48.813	29.734	32.913000000000004	5.794	11.444	10.363	3.1489999999999996	29.424	49.861000000000004	28.785999999999998	32.424	6.182	12.998	11.302	3.108	14.613	11.933	12.968	12.213	13.863	12.843	12.698	2.555	13.024000000000001	12.2	13.175999999999998	11.704	13.229000000000001	14.884	12.524000000000001	1.996	12.367	9.825	12.067	9.752	11.898	10.909	11.696
31.17336	3.275	28.177	46.387	27.496	31.66	6.013999999999999	12.071	11.969000000000001	3.4	30.363000000000003	48.887	29.984	32.996	5.7829999999999995	11.595	10.349	3.14	29.371	49.411	29.146	32.397	6.17	12.837	11.04	3.015	14.844000000000001	11.918	12.732000000000001	12.28	13.847000000000001	13.239	12.819	2.766	12.595999999999998	11.965	13.215	11.440999999999999	13.378	14.703	12.425	2.1519999999999997	12.571	9.921	11.942	9.655	11.937999999999999	10.839	11.762
31.34011	3.22	28.451	47.02	27.908	31.523000000000003	6.013999999999999	12.126	11.969000000000001	3.455	30.418000000000003	49.217	30.066	33.051	5.865	11.76	10.569	3.057	29.728	49.795	29.008000000000003	32.178000000000004	6.252999999999999	12.699000000000002	11.424000000000001	3.097	14.844000000000001	11.78	12.787	12.28	14.012	13.377	12.845999999999998	2.766	12.843	11.965	13.49	11.634	13.378	15.033	12.755	2.097	12.652999999999999	9.728	12.107000000000001	9.875	12.02	11.004000000000001	11.707
31.50673	3.3339999999999996	28.475	47.075	28.017	31.9	6.042999999999999	12.449000000000002	12.015999999999998	3.542	30.715	49.104	30.116999999999997	32.905	5.8660000000000005	11.561	10.373	3.034	29.614	50.06399999999999	29.113000000000003	32.361999999999995	6.281000000000001	13.055	11.335999999999999	3.1830000000000003	15.05	11.91	13.026	12.574000000000002	13.892000000000001	13.203	12.699000000000002	2.907	12.805	12.231	13.342	12.01	13.421	14.911	12.798	2.158	12.616	9.971	12.097999999999999	9.951	12.012	11.187999999999999	11.753
