	MG1655-1	COUM4-2_1	MG1655-2	COUM4-2_2	MG1655-3	COUM4-2_3	nadR_rpoA-1	nadR_rpoA-2	nadR_rpoA-3
0.0049	0.159	0.076	0.0	0.0	0.0	0.0	0.159	0.09699999999999999	0.0
0.17154	0.11900000000000001	0.12	0.16	0.402	0.0	0.05	0.257	0.02	0.314
0.33821	0.061	0.135	0.228	1.069	0.004	0.069	0.061	0.028999999999999998	0.245
0.50491	0.115	0.0	0.165	1.0959999999999999	0.11199999999999999	0.105	0.22	0.294	0.271
0.67168	0.115	0.10400000000000001	0.26899999999999996	0.887	0.11199999999999999	0.105	0.185	0.085	0.271
0.83833	0.209	0.025	0.327	1.081	0.03	0.026000000000000002	0.0	0.213	0.261
1.00504	0.231	0.044000000000000004	0.281	1.111	0.054000000000000006	0.15	0.231	0.13	0.386
1.17171	0.249	0.23399999999999999	0.266	0.927	0.14400000000000002	0.131	0.214	0.14800000000000002	0.43799999999999994
1.33838	0.0	0.025	0.222	0.977	0.1	0.13	0.348	0.109	0.4
1.5051	0.214	0.129	0.301	0.927	0.14400000000000002	0.166	0.249	0.14800000000000002	0.43799999999999994
1.67176	0.12300000000000001	0.215	0.34700000000000003	0.792	0.22399999999999998	0.21600000000000003	0.22699999999999998	0.127	0.38299999999999995
1.83851	0.231	0.218	0.35100000000000003	1.0759999999999998	0.263	0.254	0.336	0.2	0.316
2.0052	0.28600000000000003	0.136	0.335	1.091	0.212	0.20600000000000002	0.321	0.11599999999999999	0.40700000000000003
2.17193	0.209	0.19899999999999998	0.327	0.733	0.239	0.235	0.314	0.17800000000000002	0.505
2.33854	0.231	0.253	0.24600000000000002	0.867	0.263	0.254	0.336	0.13	0.386
2.50521	0.284	0.174	0.33	1.006	0.311	0.209	0.284	0.15	0.33799999999999997
2.67196	0.33399999999999996	0.11699999999999999	0.207	0.8170000000000001	0.327	0.187	0.299	0.19899999999999998	0.35100000000000003
2.83866	0.205	0.126	0.32299999999999995	1.0759999999999998	0.27	0.336	0.31	0.175	0.397
3.00544	0.11199999999999999	0.136	0.265	1.091	0.247	0.20600000000000002	0.321	0.18600000000000003	0.47700000000000004
3.17206	0.261	0.079	0.307	1.125	0.254	0.218	0.261	0.16	0.452
3.33875	0.17300000000000001	0.063	0.28800000000000003	1.204	0.40700000000000003	0.306	0.41600000000000004	0.247	0.331
3.50542	0.271	0.12300000000000001	0.215	1.141	0.266	0.507	0.271	0.067	0.46299999999999997
3.67213	0.156	0.114	0.307	1.23	0.462	0.28800000000000003	0.295	0.16	0.48700000000000004
3.83884	0.264	0.187	0.207	1.722	0.223	0.29100000000000004	0.264	0.16399999999999998	0.456
4.00553	0.295	0.218	0.446	1.925	0.462	0.32299999999999995	0.295	0.16	0.38299999999999995
4.17221	0.255	0.149	0.299	1.868	0.38299999999999995	0.35600000000000004	0.29	0.156	0.449
4.33888	0.381	0.168	0.28800000000000003	1.899	0.33799999999999997	0.48	0.27699999999999997	0.073	0.435
4.50555	0.252	0.284	0.364	1.62	0.275	0.457	0.252	0.11699999999999999	0.41100000000000003
4.67236	0.20600000000000002	0.275	0.353	2.124	0.263	0.48200000000000004	0.24100000000000002	0.21100000000000002	0.435
4.83904	0.24100000000000002	0.379	0.28300000000000003	2.263	0.36700000000000005	0.551	0.24100000000000002	0.037000000000000005	0.539
5.00574	0.081	0.221	0.364	2.092	0.273	0.67	0.358	0.22399999999999998	0.379
5.17237	0.201	0.309	0.413	2.273	0.322	0.653	0.305	0.171	0.397
5.3391	0.201	0.413	0.309	2.412	0.426	0.826	0.408	0.20600000000000002	0.397
5.50574	0.183	0.397	0.324	2.592	0.302	0.843	0.287	0.084	0.276
5.67238	0.138	0.42200000000000004	0.313	2.541	0.29	0.902	0.276	0.142	0.369
5.83914	0.21	0.494	0.317	5.685	0.32899999999999996	0.94	0.27899999999999997	0.077	0.373
6.00589	0.21	0.597	0.42	5.409	0.32899999999999996	1.251	0.314	0.146	0.442
6.17254	0.265	0.619	0.40399999999999997	6.143	0.41600000000000004	1.5119999999999998	0.368	0.166	0.428
6.33937	0.18899999999999997	0.75	0.36200000000000004	6.268	0.408	1.643	0.292	0.021	0.455
6.50594	0.196	0.826	0.40399999999999997	6.763	0.278	1.857	0.299	0.235	0.428
6.67258	0.2	0.932	0.20199999999999999	6.872999999999999	0.316	2.0669999999999997	0.2	0.135	0.36200000000000004
6.83929	0.254	1.126	0.39299999999999996	7.398	0.19699999999999998	2.294	0.35700000000000004	0.052000000000000005	0.314
7.00598	0.024	1.273	0.473	7.728	0.278	2.787	0.299	0.132	0.324
7.17272	0.16399999999999998	1.449	0.163	8.425	0.276	2.9930000000000003	0.336	0.203	0.294
7.33936	0.03	1.659	0.16699999999999998	8.568999999999999	0.349	3.513	0.33899999999999997	0.0	0.297
7.50608	0.225	1.9580000000000002	0.327	8.857999999999999	0.268	3.9130000000000003	0.32899999999999996	0.127	0.287
7.67284	0.11199999999999999	2.084	0.247	9.901	0.256	4.485	0.249	0.08199999999999999	0.27699999999999997
7.83944	0.16699999999999998	2.519	0.33899999999999997	10.357000000000001	0.28	4.785	0.33899999999999997	0.10300000000000001	0.331
8.00621	0.249	2.805	0.35	11.206	0.256	5.274	0.318	0.08199999999999999	0.311
8.17284	0.063	3.202	0.231	11.931	0.41200000000000003	6.662999999999999	0.303	0.171	0.297
8.33953	0.067	3.412	0.304	12.35	0.313	6.9079999999999995	0.307	0.003	0.369
8.50624	0.09699999999999999	3.888	0.43700000000000006	12.72	0.20600000000000002	7.28	0.33799999999999997	0.171	0.4
8.67291	0.249	4.213	0.315	14.537	0.256	7.849	0.318	0.11599999999999999	0.414
8.83959	0.217	4.724	0.38299999999999995	14.53	0.32299999999999995	9.037	0.285	0.359	0.38299999999999995
9.0063	0.179	5.5760000000000005	0.311	15.549000000000001	0.217	9.545	0.282	0.081	0.345
9.17304	0.165	5.968999999999999	0.29600000000000004	15.789000000000001	0.37200000000000005	10.789000000000001	0.165	0.067	0.332
9.33975	0.213	6.535	0.311	17.090999999999998	0.217	11.017999999999999	0.282	0.081	0.345
9.50655	0.066	7.582000000000001	0.299	17.851	0.376	12.335	0.374	0.139	0.43799999999999994
9.6731	0.257	7.87	0.387	19.729	0.36	13.404000000000002	0.39299999999999996	0.159	0.424
9.83974	0.171	8.972000000000001	0.36700000000000005	20.227999999999998	0.47700000000000004	13.987	0.341	0.21	0.441
10.00658	0.327	9.087	0.35200000000000004	20.496	0.222	14.880999999999998	0.259	0.09300000000000001	0.325
10.17318	0.228	9.843	0.35600000000000004	20.608	0.36200000000000004	15.298	0.365	0.19899999999999998	0.397
10.33994	0.214	10.844000000000001	0.442	21.796	0.244	15.815	0.316	0.185	0.315
10.50655	0.295	12.307	0.385	21.974	0.425	18.632	0.397	0.095	0.363
10.67329	0.22699999999999998	12.341	0.215	23.301	0.322	16.896	0.295	0.16399999999999998	0.465
10.84001	0.28800000000000003	13.145	0.479	23.11	0.315	18.515	0.322	0.08800000000000001	0.35600000000000004
11.00669	0.22699999999999998	13.668	0.48700000000000004	22.995	0.391	18.87	0.295	0.16399999999999998	0.397
11.17333	0.22	14.914000000000001	0.377	23.995	0.519	19.229	0.322	0.156	0.35600000000000004
11.33996	0.184	15.695	0.271	24.771	0.34299999999999997	20.779	0.28600000000000003	0.155	0.424
11.50668	0.256	16.585	0.546	24.748	0.381	20.312	0.35700000000000004	0.125	0.36
11.67347	0.17	16.549	0.561	25.44	0.361	20.645	0.475	0.141	0.41100000000000003
11.84013	0.188	16.144000000000002	0.478	26.649	0.34700000000000003	20.312	0.493	0.159	0.462
12.0068	0.159	16.9	0.414	27.372	0.349	21.500999999999998	0.32899999999999996	0.131	0.4
12.17348	0.25	17.250999999999998	0.402	28.081999999999997	0.54	22.254	0.35200000000000004	0.086	0.424
12.34021	0.28600000000000003	17.557000000000002	0.469	28.384	0.268	22.109	0.28600000000000003	0.055	0.39399999999999996
12.50693	0.322	18.680999999999997	0.507	29.956	0.511	22.906	0.35600000000000004	0.225	0.39399999999999996
12.6736	0.313	19.062	0.36	30.319000000000003	0.361	23.409000000000002	0.313	0.08199999999999999	0.455
12.84036	0.191	19.285	0.337	30.449	0.37200000000000005	23.456999999999997	0.359	0.061	0.46799999999999997
13.00696	0.292	19.825	0.43799999999999994	31.089000000000002	0.473	24.096999999999998	0.359	0.162	0.434
13.17361	0.33799999999999997	21.427	0.348	32.766	0.314	24.851	0.33799999999999997	0.141	0.515
13.34038	0.368	22.394000000000002	0.41100000000000003	31.71	0.41100000000000003	24.842	0.267	0.037000000000000005	0.41100000000000003
13.50703	0.345	23.228	0.456	32.118	0.423	25.846	0.278	0.115	0.45399999999999996
13.67379	0.226	23.857	0.40399999999999997	32.661	0.40299999999999997	27.986	0.327	0.131	0.43799999999999994
13.84041	0.345	24.305999999999997	0.423	33.397	0.423	27.193	0.379	0.14800000000000002	0.522
14.0071	0.32	25.184	0.598	34.249	0.396	27.326999999999998	0.455	0.292	0.7
14.17376	0.31	26.4	0.485	34.311	0.41700000000000004	28.238000000000003	0.31	0.113	0.6890000000000001
14.34056	0.40299999999999997	26.045	0.511	34.621	0.309	27.815	0.303	0.073	0.6829999999999999
14.50719	0.327	26.985	0.5379999999999999	35.015	0.43700000000000006	28.456	0.428	0.198	0.639
14.67389	0.354	27.605	0.631	35.123000000000005	0.396	28.066999999999997	0.42100000000000004	0.191	0.599
14.84058	0.35700000000000004	27.581	0.534	34.867	0.4	29.287	0.35700000000000004	0.195	0.838
15.0073	0.473	28.596	0.55	35.795	0.516	29.766	0.37200000000000005	0.209	0.852
15.17405	0.435	29.831	0.546	36.792	0.546	29.049	0.33399999999999996	0.138	0.915
15.34064	0.444	28.785	0.485	36.159	0.41700000000000004	29.784000000000002	0.511	0.113	0.925
15.50737	0.5379999999999999	30.209	0.578	36.468	0.5770000000000001	30.569000000000003	0.40299999999999997	0.174	0.985
15.67403	0.526	29.363000000000003	0.635	37.793	0.4	31.406	0.425	0.127	1.0390000000000001
15.84068	0.414	30.475	0.7240000000000001	38.289	0.489	29.66	0.44799999999999995	0.285	1.13
16.00743	0.41	30.901	0.586	37.637	0.585	30.656999999999996	0.444	0.214	1.227
16.17409	0.426	31.151	0.6	38.071	0.39799999999999996	31.309	0.493	0.19699999999999998	1.209
16.34091	0.41200000000000003	31.51	0.551	38.418	0.55	31.266	0.479	0.08199999999999999	1.396
16.50758	0.624	32.213	0.596	39.433	0.494	31.969	0.423	0.193	1.575
16.67424	0.423	32.18	0.596	38.996	0.494	32.942	0.49	0.294	1.474
16.84086	0.616	32.794000000000004	0.523	39.129	0.42100000000000004	32.314	0.414	0.218	1.8019999999999998
17.00766	0.6459999999999999	32.783	0.72	40.19	0.317	32.606	0.612	0.214	1.6969999999999998
17.17434	0.601	33.757	0.742	39.878	0.573	33.378	0.433	0.17	1.9880000000000002
17.34094	0.684	33.6	0.555	41.215	0.48700000000000004	33.523	0.382	0.253	2.238
17.50776	0.513	34.326	0.484	41.736000000000004	0.483	34.149	0.41200000000000003	0.28300000000000003	2.2680000000000002
17.67433	0.569	34.191	0.573	41.792	0.5710000000000001	33.813	0.46799999999999997	0.273	2.457
17.84113	0.695	34.909	0.5670000000000001	41.192	0.599	34.798	0.493	0.297	2.6860000000000004
18.00775	0.613	34.929	0.685	41.401	0.55	34.751999999999995	0.513	0.28300000000000003	2.938
18.17441	0.6509999999999999	35.607	0.5539999999999999	42.956	0.451	35.396	0.451	0.322	3.141
18.34108	0.727	35.551	0.635	42.06399999999999	0.601	35.609	0.45799999999999996	0.32899999999999996	3.6289999999999996
18.50783	0.725	36.071	0.63	43.123000000000005	0.494	35.323	0.423	0.193	3.9560000000000004
18.67454	0.8140000000000001	35.974000000000004	0.72	42.508	0.6859999999999999	36.704	0.511	0.18100000000000002	4.419
18.84126	0.807	36.716	0.711	43.482	0.542	35.734	0.304	0.243	4.806
19.00795	0.746	37.486	0.586	44.121	0.619	37.04	0.511	0.281	5.09
19.17467	0.862	37.626	0.7340000000000001	44.144	0.867	36.644	0.527	0.264	5.773
19.34141	0.725	37.782	0.7979999999999999	45.169	0.696	37.537	0.523	0.495	6.07
19.50806	0.8370000000000001	38.546	0.7070000000000001	44.673	0.638	37.196	0.602	0.34	6.209
19.67467	1.038	38.579	0.774	44.707	0.5379999999999999	37.966	0.46799999999999997	0.273	7.147
19.84147	1.008	38.391	0.778	44.788999999999994	0.542	37.51	0.47200000000000003	0.276	7.989
20.00799	1.109	38.86	0.9790000000000001	45.391999999999996	0.743	38.079	0.505	0.276	8.324
20.17471	1.239	38.914	0.774	46.04600000000001	0.638	38.167	0.602	0.34	8.721
20.34152	1.042	39.597	0.9790000000000001	46.833	0.575	38.681999999999995	0.706	0.34299999999999997	10.502
20.50816	1.12	39.889	0.889	45.9	0.518	38.908	0.6509999999999999	0.35600000000000004	10.534
20.67478	1.3319999999999999	40.496	0.8	46.115	0.664	39.415	0.495	0.366	10.686
20.84148	1.205	40.556	0.9079999999999999	46.75	0.672	39.809	0.502	0.373	11.902999999999999
21.00826	1.298	40.63	1.001	46.718	0.664	39.582	0.595	0.266	12.828
21.1749	1.399	40.095	1.101	46.818000000000005	0.63	39.147	0.662	0.366	13.331
21.34163	1.306	41.092	0.875	47.486999999999995	0.8390000000000001	40.211	0.669	0.474	14.047
21.50829	1.406	41.293	0.975	47.586999999999996	0.638	40.11	0.569	0.474	14.884
21.67494	1.645	41.373000000000005	1.113	47.603	0.743	40.224000000000004	0.6729999999999999	0.47700000000000004	15.225999999999999
21.84178	1.633	41.434	1.168	47.22	0.63	40.788000000000004	0.696	0.433	15.842
22.00842	1.629	41.888999999999996	1.1640000000000001	48.242	0.66	41.31	0.759	0.46299999999999997	15.800999999999998
22.17501	1.588	41.629	1.156	48.476000000000006	0.853	40.849000000000004	0.752	0.423	16.289
22.34174	1.83	41.888999999999996	1.365	48.108000000000004	0.66	41.21	0.759	0.53	16.738
22.50848	1.8219999999999998	42.365	1.29	48.577	0.853	41.451	0.685	0.523	16.623
22.67512	2.023	42.532	1.357	48.677	0.752	41.751999999999995	0.752	0.456	16.121
22.84193	1.867	42.673	1.6030000000000002	48.994	0.764	42.126999999999995	0.763	0.5670000000000001	16.812
23.00857	2.031	42.559	1.5659999999999998	48.71	0.727	42.013000000000005	0.792	0.53	16.705
23.17516	2.244	42.699	1.6119999999999999	49.195	0.94	42.68899999999999	0.8029999999999999	0.541	17.028
23.34194	2.133	43.02	1.567	49.313	0.929	42.408	0.83	0.535	16.88
23.5087	2.22	43.589	1.788	49.096000000000004	0.748	42.809	0.848	0.62	18.355
23.67534	2.336	43.843999999999994	1.771	49.56399999999999	0.831	42.729	0.9640000000000001	0.768	17.114
23.842	2.334	43.755	1.767	49.113	1.196	42.842	0.9309999999999999	0.736	17.749000000000002
24.00871	2.533	43.965	1.867	50.25	0.9279999999999999	42.549	0.96	0.765	17.91
24.17545	2.5789999999999997	43.771	1.913	50.2	0.873	43.861999999999995	1.004	0.8420000000000001	18.134
24.34209	2.583	44.422	2.0180000000000002	50.317	0.977	43.675	1.008	0.846	17.471
24.50884	2.591	44.349	2.093	50.251000000000005	0.985	43.501000000000005	1.1159999999999999	0.853	18.055999999999997
24.67541	2.674	44.706	2.244	50.251000000000005	1.002	43.891000000000005	1.131	1.002	17.785
24.84217	2.716	44.733999999999995	2.186	50.52	1.077	43.718	1.34	1.0090000000000001	18.908
25.00896	2.531	45.093	2.3040000000000003	50.588	0.925	43.437	1.321	1.192	18.939
25.17559	2.782	45.29600000000001	2.322	50.623999999999995	1.143	43.803999999999995	1.4	1.136	18.596
25.34224	2.66	45.641999999999996	2.3680000000000003	51.148	1.189	44.251000000000005	1.412	1.2819999999999998	18.721
25.50895	2.773	45.347	2.4819999999999998	50.558	1.2009999999999998	43.516000000000005	1.423	1.395	18.644000000000002
25.67561	2.693	45.338	2.537	51.013000000000005	1.155	44.553999999999995	1.58	1.383	19.362000000000002
25.84234	2.7089999999999996	44.968	2.623	51.118	1.306	44.757	1.7280000000000002	1.4969999999999999	18.917
26.00905	2.9760000000000004	45.406000000000006	2.823	51.239	1.37	44.856	1.79	1.625	19.480999999999998
26.17573	2.7680000000000002	45.391000000000005	2.819	51.56	1.365	44.605	1.955	1.757	19.778
26.34245	2.801	46.218	2.888	51.802	1.297	45.228	2.021	1.992	19.47
26.50907	2.903	45.879	2.888	51.461999999999996	1.4669999999999999	44.854	2.123	2.162	19.98
26.67582	2.924	46.495	2.877	51.888999999999996	1.4880000000000002	44.993	2.448	2.2840000000000003	19.613
26.84246	3.005	46.13	2.89	51.806000000000004	1.501	45.443999999999996	2.529	2.5340000000000003	19.842
27.00922	2.86	46.66	3.054	52.218	1.7309999999999999	45.258	2.758	2.627	20.3
27.17585	2.762	46.3	2.9560000000000004	52.065	1.7690000000000001	45.375	2.694	2.767	20.308
27.3426	2.9539999999999997	46.51	3.1830000000000003	52.46	1.859	46.266000000000005	2.988	3.266	21.1
27.50925	2.7739999999999996	46.461000000000006	2.971	52.157	1.92	46.183	3.457	3.326	20.913
27.67598	2.838	47.522	3.037	52.794	1.848	45.841	3.659	3.7319999999999998	21.554000000000002
27.84265	2.8080000000000003	46.476000000000006	3.213	52.983000000000004	2.023	46.471000000000004	4.006	4.25	21.358
28.00931	2.6719999999999997	47.042	3.108	52.942	1.9880000000000002	45.978	4.175	4.351	20.879
28.17603	2.842	47.468	3.213	53.12	2.126	45.855	4.417	4.387	21.05
28.34284	2.674	46.951	3.1519999999999997	52.527	2.303	46.227	4.802	5.149	21.607
28.50937	2.674	47.294	3.1519999999999997	53.625	2.166	46.227	5.178999999999999	5.4239999999999995	20.955
28.67611	2.6830000000000003	47.29	3.161	53.456	2.381	46.36	5.7379999999999995	5.9479999999999995	21.831
28.84289	2.67	47.794	3.181	53.504	2.47	46.281000000000006	5.894	6.4479999999999995	21.324
29.00952	2.859	47.923	3.097	53.851000000000006	2.42	46.683	6.67	7.19	21.565
29.17617	2.88	48.273	3.188	52.98	2.545	46.516999999999996	6.902	7.56	21.505
29.34287	2.674	47.998000000000005	3.326	53.736000000000004	2.614	46.826	7.6579999999999995	8.591000000000001	22.296
29.50965	2.8110000000000004	48.17	3.016	53.736000000000004	2.752	46.448	8.174	8.969	21.884
29.67634	2.764	48.4	3.175	53.57899999999999	2.7039999999999997	47.125	8.535	9.193	22.063000000000002
29.84302	2.7560000000000002	48.472	2.9939999999999998	53.68	2.694	47.163999999999994	9.245	10.314	22.149
30.00974	2.859	48.369	3.097	54.298	2.9	46.992	10.206	10.28	21.976999999999997
30.17636	2.687	48.918	3.062	53.748000000000005	2.9	46.958	10.824000000000002	11.241	22.595
30.34302	2.739	48.617	2.975	54.19	3.088	47.55	11.347999999999999	12.039000000000001	22.730999999999998
30.50982	2.911	48.598	2.9389999999999996	54.284	3.0839999999999996	47.70399999999999	12.222000000000001	11.987	22.487
30.67651	2.863	48.948	2.9619999999999997	54.067	3.074	47.916000000000004	12.94	13.219000000000001	22.291999999999998
30.84316	2.735	48.925	3.003	54.026	2.977	47.381	12.831	12.597000000000001	22.785999999999998
31.00989	2.8289999999999997	49.428000000000004	2.9619999999999997	54.478	3.2110000000000003	47.81399999999999	13.866	13.425	22.224
31.17647	2.713	48.766000000000005	2.948	54.696999999999996	3.197	48.453	14.085	14.329	22.881999999999998
31.34319	2.8160000000000003	49.31399999999999	2.948	54.526	3.299	48.145	14.29	14.774000000000001	23.087
31.50991	2.8080000000000003	49.351000000000006	3.042	54.9	3.153	48.457	14.344000000000001	14.931	23.275
31.67661	2.697	49.799	2.8960000000000004	54.898	3.178	48.391999999999996	14.878	14.54	22.949
31.84325	2.7310000000000003	49.218	2.93	54.863	3.178	48.324	15.117	15.052999999999999	22.949
32.00999	2.842	49.248000000000005	3.008	54.9	3.0839999999999996	48.423	15.645	15.342	23.069000000000003
32.17671	2.7310000000000003	49.971000000000004	3.033	55.685	3.178	48.528999999999996	16.007	15.155999999999999	23.188000000000002
32.34334	2.8080000000000003	49.933	2.802	55.31100000000001	3.05	48.423	16.159000000000002	15.547	23.206
32.51003	2.748	50.033	3.017	55.245	3.197	48.693000000000005	16.070999999999998	16.452	23.326999999999998
32.67682	2.825	49.974	3.092	55.784	3.031	48.67	16.71	15.927999999999999	24.162
32.84349	2.838	50.089	3.003	55.635	2.977	48.647	16.459	16.19	22.958000000000002
33.01021	2.9019999999999997	50.278	2.9989999999999997	55.992	3.0410000000000004	48.871	16.725	16.354	24.043000000000003
33.17678	2.8810000000000002	50.542	2.805	55.797	3.052	48.863	16.789	16.316	24.031
33.34358	2.966	50.275	3.06	56.61	3.033	49.041000000000004	17.202	16.695	23.686999999999998
33.51028	2.8560000000000003	50.551	2.8810000000000002	56.027	2.99	49.215	17.699	16.782	24.146
33.67696	2.775	50.708	2.867	56.516000000000005	3.112	49.339	17.368	16.93	24.425
33.8436	2.843	50.47	2.969	56.208999999999996	2.9760000000000004	49.68	17.641	17.066	24.663
34.01033	2.83	50.661	2.9560000000000004	56.256	2.9619999999999997	49.225	18.06	16.941	24.533
34.17697	2.9789999999999996	50.708	3.072	56.823	2.908	49.442	17.879	17.782	24.425
34.34374	2.932	51.07	2.9560000000000004	56.663999999999994	2.86	49.803999999999995	17.651	17.35	24.908
34.51047	3.009	50.806000000000004	3.0989999999999998	56.62	2.764	49.915	18.25	17.575	25.089000000000002
34.67709	2.924	51.253	2.9789999999999996	56.545	3.0180000000000002	49.887	18.898	18.393	25.119
34.84375	3.145	51.214	3.235	56.926	3.036	49.405	18.761	18.085	25.497
35.01047	3.12	51.348	3.04	57.236000000000004	2.875	50.185	18.980999999999998	18.714000000000002	25.278000000000002
35.17712	2.971	51.92100000000001	3.16	56.758	2.995	50.183	18.586	18.862000000000002	25.614
35.34389	3.005	51.989	2.99	56.858999999999995	2.825	49.98	19.604	18.828	25.410999999999998
35.51067	3.0639999999999996	51.99100000000001	3.083	57.093	2.985	50.152	19.384	19.320999999999998	25.595
35.67742	3.0980000000000003	51.787	3.083	56.924	2.884	50.356	19.689	18.608	25.697
35.84406	3.103	52.007	3.155	57.723	2.718	49.896	20.003	19.261	25.706999999999997
36.01065	3.1239999999999997	52.263999999999996	3.074	56.92	2.908	50.325	19.537	19.203	25.644000000000002
36.17731	3.153	52.458999999999996	3.135	57.598	2.867	50.861999999999995	19.902	19.569000000000003	26.369
36.34415	3.0639999999999996	52.161	3.287	58.281000000000006	2.917	51.102	20.062	20.339000000000002	26.375
36.51079	3.2510000000000003	52.545	3.333	57.85	2.8289999999999997	50.711000000000006	20.266	19.762999999999998	26.359
36.67737	3.1239999999999997	52.652	3.205	57.365	3.0380000000000003	50.82	20.046	19.984	26.301
36.84418	2.984	52.508	3.13	57.803000000000004	2.895	51.016999999999996	20.340999999999998	19.605	26.516
37.01074	3.136	53.078	3.182	57.743	2.88	51.07899999999999	20.611	19.975	26.758000000000003
37.1776	3.199	52.765	3.344	58.416000000000004	2.9730000000000003	51.04	21.006	20.506	26.838
37.34423	3.085	53.047	3.333	58.106	2.963	51.083999999999996	20.678	20.750999999999998	26.281
37.51097	3.3089999999999997	53.066	3.353	58.386	2.8819999999999997	50.93600000000001	21.124000000000002	19.984	26.991999999999997
37.6776	3.355	53.086999999999996	3.33	58.762	2.96	51.193999999999996	20.98	20.144000000000002	26.808000000000003
37.84421	3.287	53.222	3.397	58.493	2.96	51.262	21.35	20.38	26.405
38.01105	3.32	53.496	3.4610000000000003	58.845	2.823	51.17	21.348000000000003	20.614	26.663
38.1776	3.325	53.915	3.5	58.327	2.928	51.79	21.456999999999997	20.522	26.84
38.34433	3.446	53.497	3.486	58.606	3.015	51.81	22.068	21.101	26.643
38.51112	3.345	53.56399999999999	3.452	59.143	2.948	51.911	21.834	20.665	27.146
38.67776	3.341	54.085	3.582	58.453	3.01	51.996	21.656999999999996	20.891	27.908
38.84441	3.4339999999999997	53.678999999999995	3.576	58.498999999999995	3.1719999999999997	52.393	21.71	21.345	27.397
39.01112	3.5	54.153	3.573	58.952	2.9339999999999997	51.696000000000005	22.109	20.74	27.083000000000002
39.17786	3.4330000000000003	54.019	3.4389999999999996	59.086000000000006	2.9010000000000002	52.668	22.041999999999998	21.243000000000002	27.217
39.34454	3.4330000000000003	54.254	3.573	59.79	2.9339999999999997	52.199	22.243000000000002	21.444000000000003	27.184
39.51126	3.4330000000000003	54.354	3.573	59.287	3.035	52.299	22.31	21.343000000000004	26.714000000000002
39.67791	3.608	54.591	3.512	59.675	3.074	52.271	22.29	21.526	27.057
39.84465	3.4330000000000003	54.488	3.707	59.656000000000006	3.0010000000000003	52.065	22.511	21.377	26.982
40.01129	3.6039999999999996	54.475	3.5410000000000004	59.521	3.003	52.155	22.248	21.718000000000004	27.315
40.17793	3.562	54.543	3.7319999999999998	59.283	3.261	52.324	22.765	21.465999999999998	27.63
40.34459	3.5839999999999996	54.623999999999995	3.6210000000000004	59.813	3.083	52.839	23.112	21.711	27.379
40.51142	3.6430000000000002	54.722	3.716	59.728	3.145	52.398	22.865	21.763	27.438000000000002
40.6781	3.688	55.143	3.66	59.799	3.122	52.855	22.785999999999998	22.121	27.891
40.84471	3.697	55.411	3.6689999999999996	59.838	3.198	52.585	23.307	22.541	27.71
41.01149	3.656	55.275	3.8310000000000004	59.886	3.158	52.681000000000004	23.06	22.326999999999998	27.971999999999998
41.17809	3.6010000000000004	55.394	3.707	59.99100000000001	3.303	52.702	23.014	22.55	27.820999999999998
41.34487	3.748	55.309	3.9219999999999997	60.451	3.25	53.488	23.243000000000002	22.51	28.019000000000002
41.51155	3.7569999999999997	55.51	3.898	60.49	3.427	52.949	23.395	22.326999999999998	28.072
41.67822	3.798	55.511	3.803	60.474	3.4989999999999997	52.853	22.703000000000003	22.24	27.811
41.84486	3.898	55.611999999999995	4.004	60.575	3.332	53.49	23.81	22.877	28.548000000000002
42.01152	3.889	55.946999999999996	3.8939999999999997	60.67	3.49	53.257	23.389	23.16	28.059
42.17822	3.903	55.83	4.0089999999999995	60.82899999999999	3.5380000000000003	53.607	23.115	22.55	28.592
42.34498	3.872	55.981	3.875	60.157	3.304	53.326	22.951	23.525	28.319000000000003
42.51165	3.798	56.013999999999996	4.004	61.178000000000004	3.3989999999999996	53.323	24.111	22.976999999999997	28.984
42.6783	3.93	56.282	4.067	61.056000000000004	3.4960000000000004	53.461999999999996	23.535	23.206	27.998
42.84511	4.084	56.232	4.053	61.163999999999994	3.4810000000000003	53.446999999999996	23.808000000000003	23.045	28.57
43.01167	4.093	56.299	4.062	61.303999999999995	3.457	54.081	23.961	23.498	28.557
43.17847	4.013	56.349	4.148	61.145	3.477	53.698	24.3	23.337	28.325
43.34513	3.952	56.5	3.99	61.656000000000006	3.72	53.978	23.680999999999997	23.351999999999997	28.919
43.51176	3.965	56.416000000000004	3.97	61.38	3.701	54.193999999999996	24.311999999999998	23.48	28.682
43.67851	4.1530000000000005	56.6	4.157	61.522	3.5860000000000003	54.346000000000004	23.983	23.519000000000002	28.819000000000003
43.84528	4.157	56.718	4.196000000000001	61.34	3.5239999999999996	53.994	24.394000000000002	24.266	29.365
44.01191	4.117	56.533	4.22	61.498999999999995	3.7489999999999997	54.148999999999994	24.644000000000002	23.647	28.737
44.17862	4.184	56.583999999999996	4.291	62.129	3.6189999999999998	54.058	25.021	23.919	29.125999999999998
44.34527	4.019	57.403999999999996	4.09	62.091	3.6860000000000004	53.676	25.021	24.323	29.254
44.51191	4.124	57.086000000000006	4.263	61.776	3.725	54.56399999999999	24.964000000000002	24.165	29.230999999999998
44.67867	4.285	57.321999999999996	4.3919999999999995	61.76	3.6519999999999997	54.159	25.021	24.221	29.73
44.84537	4.173	57.206	4.449	62.128	3.7769999999999997	54.476000000000006	25.17	24.739	29.648000000000003
45.01203	4.0360000000000005	57.662	4.349	62.67	3.7769999999999997	54.456	25.204	24.233	30.025
45.17886	4.263	57.413999999999994	4.242	62.086999999999996	3.94	54.367	25.465	24.456999999999997	30.265
45.34552	4.245	57.48	4.324	62.244	3.82	54.032	25.628	24.419	30.256
45.51218	4.407	57.38	4.455	62.465	3.8480000000000003	54.434	25.653000000000002	24.375	30.118000000000002
45.6789	4.272	57.751999999999995	4.319	62.33	3.95	54.70399999999999	25.754	24.746	30.388
45.84552	4.351	57.756	4.368	62.395	4.032	54.769	25.683000000000003	24.570999999999998	30.293000000000003
46.0123	4.2219999999999995	57.821000000000005	4.643	62.714	3.8680000000000003	54.669	25.116999999999997	25.19	30.261999999999997
46.17898	4.236000000000001	58.042	4.353	62.605	4.085	54.854	25.925	25.151999999999997	30.463
46.34564	4.421	58.04	4.57	62.626999999999995	3.795	54.888999999999996	25.919	25.316	30.217
46.51232	4.36	58.231	4.479	62.875	3.906	55.343999999999994	26.279	25.708000000000002	29.908
46.67897	4.2860000000000005	57.996	4.542	62.352	4.173	55.343	25.83	25.123	30.379
46.84568	4.295	58.031000000000006	4.45	62.121	4.081	55.343	25.884	25.583000000000002	31.011999999999997
47.01245	4.345	58.461000000000006	4.572	62.716	4.237	55.426	26.095	25.045	31.166999999999998
47.17917	4.48	58.244	4.436	62.858000000000004	4.169	55.136	26.233	25.011	30.936999999999998
47.34586	4.38	58.453	4.543	62.714	4.072	55.476000000000006	25.801	25.498	31.333000000000002
47.51255	4.362	58.544	4.631	63.246	4.126	55.183	26.014	26.018	31.558000000000003
47.67912	4.371	58.58	4.71	63.287	3.965	55.49100000000001	26.753	25.627	31.684
47.84586	4.39	58.788000000000004	4.73	63.095	4.293	55.559	26.52	26.078000000000003	31.489
48.01253	4.413	58.946000000000005	4.755	63.266000000000005	4.078	55.748000000000005	26.433000000000003	25.51	31.579
48.17928	4.618	58.865	4.687	63.306999999999995	4.25	55.558	25.919	25.924	31.83
48.34596	4.455	58.935	4.628	63.555	4.157	55.696000000000005	26.043000000000003	26.254	31.749000000000002
48.51274	4.468999999999999	59.056999999999995	4.643	63.652	4.378	55.851000000000006	27.486	25.836	31.715
48.67936	4.655	59.284	4.761	63.576	4.29	55.833	26.276	26.418000000000003	32.404
48.84598	4.655	59.111000000000004	4.83	63.472	4.083	55.73	27.138	26.384	31.748
49.01278	4.694	58.957	4.766	63.597	4.192	55.54	26.631	26.186999999999998	31.725
49.17939	4.462	59.338	4.845	63.776	4.478	55.989	27.273000000000003	26.311	31.644000000000002
