	MG1655-1	IBUA8-3_1	ilvH-1	ilvN-1	pykF_ilvH-1	pykF_ilvN-1	pykF-1	MG1655-2	IBUA8-3_2	ilvH-2	ilvN-2	pykF_ilvH-2	pykF_ilvN-2	pykF-2	MG1655-3	IBUA8-3_3	ilvH-3	ilvN-3	pykF_ilvH-3	pykF_ilvN-3	pykF-3
0.00489	0.0	0.0	0.0	0.0	0.0	0.0	0.0	0.0	0.0	0.0	0.0	0.0	0.0	0.0	0.21899999999999997	0.0	0.0	0.0	0.0	0.0	0.0
0.17156	0.496	0.56	0.552	0.493	0.345	0.406	0.382	0.505	0.8059999999999999	0.361	0.49200000000000005	0.54	0.32899999999999996	0.518	0.484	0.722	0.40299999999999997	0.7290000000000001	0.521	0.456	0.534
0.33819	0.455	0.509	0.40399999999999997	0.47200000000000003	0.484	0.479	0.456	0.493	0.754	0.62	0.5429999999999999	0.561	0.498	0.43	0.294	0.672	0.5589999999999999	0.727	0.6809999999999999	0.643	0.531
0.50492	0.534	0.7040000000000001	0.545	0.517	0.564	0.593	0.273	0.542	0.851	0.488	0.617	0.665	0.547	0.6729999999999999	0.461	0.7020000000000001	0.595	1.153	0.813	0.68	0.695
0.67163	0.5479999999999999	0.583	0.433	0.603	0.619	0.614	0.262	0.589	0.927	0.474	0.5710000000000001	0.685	0.635	0.563	0.309	0.679	0.581	0.973	0.7979999999999999	0.6659999999999999	0.68
0.83825	0.605	0.519	0.405	0.639	0.653	0.55	0.29600000000000004	0.645	0.8959999999999999	0.517	0.609	0.8240000000000001	0.6679999999999999	0.664	0.109	0.55	0.557	0.821	0.7759999999999999	0.74	0.691
1.00489	0.68	0.688	0.5539999999999999	0.657	0.573	0.733	0.21600000000000003	0.556	0.9009999999999999	0.565	0.626	0.807	0.72	0.682	0.18100000000000002	0.7190000000000001	0.638	0.9009999999999999	0.8240000000000001	0.69	0.6729999999999999
1.17165	0.61	0.6559999999999999	0.507	0.642	0.59	0.652	0.233	0.682	0.934	0.62	0.6459999999999999	0.8270000000000001	0.836	0.7659999999999999	0.575	0.753	0.626	0.99	0.879	0.711	0.794
1.33836	0.62	0.634	0.579	0.6809999999999999	0.662	0.7559999999999999	0.304	0.659	1.011	0.594	0.718	0.9329999999999999	0.8420000000000001	0.804	0.322	0.5660000000000001	0.6659999999999999	0.9309999999999999	0.9520000000000001	0.619	0.802
1.50497	0.616	0.602	0.499	0.667	0.713	0.741	0.223	0.687	0.88	0.616	0.737	0.8540000000000001	0.8590000000000001	0.79	0.42	0.6	0.588	0.9209999999999999	0.9079999999999999	0.672	0.857
1.67157	0.6679999999999999	0.5920000000000001	0.611	0.7120000000000001	0.625	0.752	0.267	0.54	0.903	0.631	0.585	0.868	0.903	0.802	0.541	0.557	0.602	1.035	0.9229999999999999	0.752	0.773
1.83825	0.7	0.684	0.523	0.69	0.6709999999999999	0.6659999999999999	0.34600000000000003	0.6729999999999999	0.765	0.44	0.728	0.91	0.85	0.8140000000000001	0.272	0.484	0.644	0.943	0.897	0.728	0.747
2.005	0.682	0.51	0.555	0.721	0.601	0.695	0.276	0.62	0.821	0.5429999999999999	0.6940000000000001	1.043	0.879	0.8440000000000001	0.45799999999999996	0.442	0.514	1.08	1.033	0.763	0.95
2.17169	0.6679999999999999	0.526	0.545	0.7120000000000001	0.7240000000000001	0.785	0.465	0.639	0.87	0.631	0.684	1.033	0.903	0.9009999999999999	0.442	0.45799999999999996	0.6679999999999999	1.035	1.022	0.6859999999999999	0.872
2.33831	0.564	0.52	0.608	0.61	0.721	0.7490000000000001	0.33	0.701	0.897	0.528	0.6809999999999999	0.9640000000000001	0.9	0.799	0.436	0.353	0.5660000000000001	0.966	0.919	0.6829999999999999	0.836
2.50495	0.659	0.455	0.627	0.6940000000000001	0.706	0.767	0.34700000000000003	0.563	0.6990000000000001	0.649	0.701	0.9840000000000001	0.9840000000000001	0.9159999999999999	0.40299999999999997	0.45299999999999996	0.5870000000000001	0.955	0.909	0.67	0.792
2.67167	0.7190000000000001	0.41	0.40399999999999997	0.604	0.583	0.677	0.35700000000000004	0.625	0.787	0.62	0.675	1.023	0.993	0.925	0.624	0.441	0.5920000000000001	0.958	0.978	0.6759999999999999	0.762
2.83837	0.7340000000000001	0.493	0.545	0.7120000000000001	0.7240000000000001	0.851	0.33299999999999996	0.705	0.903	0.466	0.7829999999999999	0.934	0.9690000000000001	0.9009999999999999	0.442	0.524	0.602	1.035	0.9229999999999999	0.752	0.872
3.00503	0.715	0.40399999999999997	0.532	0.667	0.713	0.774	0.45399999999999996	0.588	0.7809999999999999	0.616	0.638	0.953	0.958	0.922	0.45299999999999996	0.402	0.555	0.9540000000000001	0.9740000000000001	0.639	0.857
3.17165	0.6779999999999999	0.537	0.618	0.784	0.7959999999999999	0.857	0.43799999999999994	0.715	0.815	0.539	0.6579999999999999	1.073	1.074	0.907	0.486	0.436	0.609	0.977	0.9309999999999999	0.693	0.748
3.33845	0.7190000000000001	0.568	0.513	0.747	0.662	0.7559999999999999	0.469	0.56	0.847	0.495	0.85	0.9990000000000001	0.94	0.903	0.586	0.402	0.534	0.833	0.9520000000000001	0.652	0.835
3.50508	0.748	0.503	0.532	0.7	0.713	0.84	0.45399999999999996	0.588	0.946	0.616	0.836	1.052	0.991	0.922	0.7170000000000001	0.435	0.555	1.053	0.9740000000000001	0.738	0.9229999999999999
3.67175	0.758	0.752	0.561	0.727	0.838	0.8	0.48	0.7290000000000001	1.129	0.583	0.8	1.083	0.9840000000000001	1.048	0.568	0.7170000000000001	0.6859999999999999	1.055	1.041	0.703	1.09
3.83847	0.634	0.6509999999999999	0.589	0.69	0.7040000000000001	0.8640000000000001	0.313	0.6729999999999999	1.028	0.506	0.8270000000000001	0.943	0.9490000000000001	1.077	0.40399999999999997	0.649	0.677	0.943	0.996	0.662	0.945
4.00511	0.738	0.69	0.5920000000000001	0.693	0.872	0.768	0.415	0.677	1.133	0.5429999999999999	0.665	1.045	0.985	1.08	0.44299999999999995	0.754	0.581	1.046	0.9670000000000001	0.731	0.9490000000000001
4.17182	0.7340000000000001	0.7240000000000001	0.446	0.778	0.79	0.6859999999999999	0.465	0.606	1.266	0.631	0.7829999999999999	1.033	1.002	0.934	0.475	0.821	0.602	0.9690000000000001	0.9890000000000001	0.785	0.938
4.33838	0.777	0.8009999999999999	0.518	0.685	0.8290000000000001	0.857	0.43799999999999994	0.649	1.2109999999999999	0.539	0.691	1.04	1.008	0.94	0.552	0.8320000000000001	0.5760000000000001	0.977	0.997	0.759	1.078
4.50516	0.606	0.7559999999999999	0.42700000000000005	0.759	0.7070000000000001	0.735	0.48100000000000004	0.48	1.265	0.51	0.665	1.111	0.9520000000000001	0.981	0.278	0.589	0.5479999999999999	0.9470000000000001	0.9670000000000001	0.665	1.146
4.67185	0.767	0.823	0.611	0.7120000000000001	0.7240000000000001	0.851	0.597	0.54	1.266	0.631	0.684	1.033	0.9690000000000001	1.198	0.7390000000000001	0.887	0.503	1.068	1.022	0.6859999999999999	1.236
4.83853	0.782	0.84	0.555	0.688	0.8320000000000001	0.893	0.606	0.455	1.382	0.444	0.8590000000000001	1.176	0.978	1.141	0.392	0.937	0.613	1.146	1.0	0.597	1.181
5.00508	0.653	0.971	0.602	0.703	0.815	0.843	0.489	0.42700000000000005	1.381	0.455	0.741	1.122	0.993	1.222	0.624	1.101	0.5589999999999999	0.958	1.077	0.6759999999999999	1.158
5.17185	0.833	1.12	0.512	0.7120000000000001	0.823	1.0490000000000002	0.597	0.54	1.5630000000000002	0.466	0.684	1.1320000000000001	0.9690000000000001	1.2309999999999999	0.376	1.085	0.569	0.87	1.088	0.5870000000000001	1.236
5.33851	0.7440000000000001	1.033	0.518	0.784	0.7959999999999999	0.7909999999999999	0.768	0.516	1.5090000000000001	0.5720000000000001	0.757	1.271	1.074	1.237	0.585	1.13	0.47700000000000004	0.878	0.997	0.66	1.177
5.50515	0.882	1.178	0.544	0.643	0.853	0.8140000000000001	0.892	0.653	1.555	0.469	0.816	1.167	1.097	1.328	0.794	1.375	0.638	0.9740000000000001	1.06	0.621	1.374
5.67178	0.825	1.19	0.65	0.815	0.958	0.986	0.732	0.49700000000000005	1.8319999999999999	0.51	0.79	1.207	1.004	1.268	0.341	1.3869999999999998	0.611	1.015	1.034	0.6940000000000001	1.415
5.83852	0.777	1.33	0.618	0.718	0.9279999999999999	0.89	0.868	0.616	1.7730000000000001	0.5720000000000001	0.79	1.271	1.173	1.5019999999999998	0.585	1.295	0.51	1.0759999999999998	1.129	0.693	1.3430000000000002
6.00529	0.843	1.528	0.452	0.883	0.73	0.956	0.9670000000000001	0.616	1.806	0.473	0.757	1.271	1.074	1.5019999999999998	0.552	1.4269999999999998	0.5760000000000001	1.0759999999999998	1.03	0.759	1.376
6.17189	0.7340000000000001	1.517	0.446	0.778	0.9890000000000001	0.851	0.895	0.54	1.8940000000000001	0.466	0.6509999999999999	1.165	1.2	1.495	0.772	1.68	0.503	1.068	1.121	0.6859999999999999	1.4669999999999999
6.33862	0.898	1.574	0.589	0.855	0.902	0.831	1.038	0.475	2.05	0.44	0.8270000000000001	1.24	1.048	1.704	0.503	1.77	0.578	1.141	1.194	0.86	1.703
6.50527	0.8320000000000001	1.739	0.49	0.7559999999999999	0.968	0.8640000000000001	1.038	0.508	2.248	0.44	0.8270000000000001	1.24	1.18	1.704	0.932	1.869	0.545	1.0090000000000001	1.161	0.8270000000000001	1.736
6.67188	0.7929999999999999	1.889	0.465	0.6659999999999999	0.878	0.84	1.014	0.47100000000000003	2.267	0.41100000000000003	0.833	1.311	1.025	1.6780000000000002	0.493	1.92	0.517	1.11	1.1640000000000001	0.7	1.605
6.83861	0.775	2.006	0.507	0.873	0.986	1.014	1.023	0.452	2.383	0.389	0.7440000000000001	1.321	1.264	1.9509999999999998	0.608	2.103	0.56	1.023	1.0759999999999998	0.8420000000000001	1.881
7.00537	0.8740000000000001	1.94	0.507	0.741	0.953	0.948	1.023	0.551	2.614	0.488	0.7440000000000001	1.321	1.2309999999999999	1.8519999999999999	0.509	2.301	0.56	0.924	1.175	0.81	1.7819999999999998
7.172	0.789	2.081	0.495	0.828	0.941	0.903	1.209	0.565	2.721	0.408	0.731	1.3730000000000002	1.219	1.8719999999999999	0.455	2.441	0.513	0.975	1.16	0.8290000000000001	1.6669999999999998
7.33867	0.76	2.4819999999999998	0.498	0.633	1.075	1.005	1.212	0.47100000000000003	2.859	0.51	0.7020000000000001	1.311	1.156	1.9409999999999998	0.46	2.6439999999999997	0.517	0.978	1.131	0.8320000000000001	1.704
7.50527	0.779	2.464	0.5539999999999999	0.723	1.0659999999999998	0.93	1.301	0.523	2.9389999999999996	0.565	0.7909999999999999	1.3659999999999999	1.246	1.8659999999999999	0.5429999999999999	2.955	0.605	1.0	1.251	0.92	1.791
7.67201	0.746	2.694	0.488	0.8220000000000001	0.968	1.128	1.334	0.523	3.301	0.466	0.725	1.3	1.3119999999999998	1.931	0.47700000000000004	3.218	0.507	1.197	1.251	0.986	1.9880000000000002
7.83874	0.8590000000000001	2.8110000000000004	0.498	0.8640000000000001	1.075	1.038	1.245	0.47100000000000003	3.451	0.609	0.735	1.508	1.321	2.073	0.493	3.4339999999999997	0.517	1.176	1.262	0.997	2.0
8.00534	0.878	2.891	0.488	0.723	1.034	1.193	1.334	0.556	3.7289999999999996	0.466	0.7909999999999999	1.465	1.345	2.03	0.47700000000000004	3.613	0.539	1.0659999999999998	1.35	1.0190000000000001	2.0540000000000003
8.17211	0.789	3.463	0.495	0.861	1.04	1.035	1.538	0.532	3.9389999999999996	0.506	0.731	1.472	1.351	2.07	0.784	3.79	0.513	0.975	1.423	1.092	1.996
8.33867	0.774	3.477	0.452	0.753	1.031	1.125	1.495	0.519	4.117	0.397	0.722	1.56	1.3419999999999999	2.2569999999999997	0.636	4.165	0.536	0.996	1.3130000000000002	1.015	2.149
8.50538	0.83	3.858	0.446	0.747	1.123	1.217	1.5219999999999998	0.509	4.696000000000001	0.5539999999999999	0.715	1.651	1.5330000000000001	2.415	0.7240000000000001	4.481	0.595	0.89	1.338	1.107	2.075
8.67215	0.887	4.055	0.396	0.7290000000000001	1.04	1.199	1.735	0.467	4.794	0.5720000000000001	0.83	1.669	1.45	2.267	0.455	4.777	0.44799999999999995	1.205	1.423	1.125	2.194
8.83874	0.863	4.351	0.479	0.812	1.123	1.2830000000000001	1.686	0.444	5.353	0.29100000000000004	0.879	1.5859999999999999	1.5330000000000001	2.349	0.626	5.072	0.496	1.054	1.4369999999999998	1.074	2.239
9.00543	0.779	4.5680000000000005	0.455	0.8540000000000001	1.264	1.358	1.63	0.523	5.372999999999999	0.499	0.6920000000000001	1.695	1.7069999999999999	2.556	0.379	5.816	0.507	1.0	1.4480000000000002	1.183	2.449
9.17218	0.873	4.8580000000000005	0.452	0.753	1.359	1.5190000000000001	1.824	0.42	5.761	0.594	0.6890000000000001	1.757	1.605	2.52	0.5379999999999999	5.941	0.503	1.095	1.445	1.3769999999999998	2.346
9.33883	0.825	5.232	0.377	0.7440000000000001	1.153	1.51	1.88	0.505	6.2989999999999995	0.452	0.8759999999999999	1.7790000000000001	1.695	2.608	0.325	6.38	0.493	0.985	1.499	1.399	2.432
9.50555	0.845	5.621	0.455	0.7559999999999999	1.264	1.2919999999999998	1.827	0.424	6.524	0.401	0.725	1.695	1.641	2.655	0.642	6.638	0.507	1.0659999999999998	1.547	1.381	2.4819999999999998
9.67212	0.968	6.247000000000001	0.405	0.8370000000000001	1.246	1.439	1.942	0.546	7.151	0.419	0.807	1.7790000000000001	1.821	2.7710000000000004	0.405	7.2	0.45799999999999996	1.0190000000000001	1.632	1.4969999999999999	2.568
9.83874	0.7929999999999999	6.859	0.39899999999999997	0.765	1.3719999999999999	1.433	2.133	0.47100000000000003	7.532	0.47700000000000004	0.735	1.87	1.815	2.863	0.46	7.614	0.418	1.077	1.624	1.589	2.6910000000000003
10.00549	0.7190000000000001	7.0920000000000005	0.382	0.846	1.189	1.58	2.215	0.494	7.962999999999999	0.495	0.85	1.8219999999999998	1.962	2.88	0.718	8.21	0.46799999999999997	0.997	1.578	1.706	2.68
10.17227	0.774	7.388999999999999	0.386	0.917	1.3259999999999998	1.5519999999999998	2.219	0.354	9.016	0.397	0.6890000000000001	1.889	1.901	3.013	0.439	8.604	0.33899999999999997	1.062	1.642	1.673	2.74
10.33879	0.76	7.912000000000001	0.366	0.765	1.3719999999999999	1.564	2.396	0.537	8.847999999999999	0.47700000000000004	0.7020000000000001	1.969	2.045	3.0269999999999997	0.395	9.226	0.451	1.011	1.855	1.786	2.7569999999999997
10.50555	0.8140000000000001	8.488	0.433	0.7659999999999999	1.3730000000000002	1.796	2.334	0.423	9.558	0.418	0.6709999999999999	2.042	2.145	3.363	0.42	9.905	0.39	1.1520000000000001	1.7990000000000002	1.761	3.1010000000000004
10.67224	0.804	8.902000000000001	0.493	0.759	1.465	1.757	2.559	0.414	10.136000000000001	0.444	0.863	2.134	2.238	3.455	0.44299999999999995	10.582	0.38299999999999995	1.1440000000000001	1.791	1.952	3.0260000000000002
10.83885	0.847	9.412	0.4	0.7659999999999999	1.57	1.9609999999999999	2.565	0.423	11.043	0.55	0.8690000000000001	2.108	2.145	3.495	0.618	11.06	0.489	0.9540000000000001	1.8980000000000001	2.025	3.233
11.00563	0.7240000000000001	10.263	0.418	0.882	1.6540000000000001	2.077	2.713	0.4	11.102	0.33399999999999996	0.754	2.189	2.261	3.477	0.32799999999999996	11.81	0.373	1.1	1.944	2.105	3.3760000000000003
11.17215	0.767	10.302	0.34700000000000003	0.613	1.715	2.073	2.8760000000000003	0.408	11.802	0.36700000000000005	0.7829999999999999	2.255	2.3890000000000002	3.807	0.376	12.447000000000001	0.47	1.068	2.013	2.073	3.448
11.3389	0.804	11.54	0.39399999999999996	0.858	1.597	2.153	3.1519999999999997	0.414	12.808	0.444	0.83	2.299	2.436	3.95	0.344	13.682	0.5479999999999999	1.111	2.055	2.4130000000000003	3.6860000000000004
11.50562	0.785	11.408	0.48100000000000004	0.846	1.7819999999999998	2.239	3.27	0.461	12.972000000000001	0.594	0.7509999999999999	2.383	2.555	4.066	0.619	14.009	0.46799999999999997	1.0959999999999999	2.039	2.6289999999999996	3.833
11.67234	0.76	12.585	0.3	0.929	1.766	2.2230000000000003	3.515	0.537	14.18	0.37799999999999995	0.833	2.463	2.637	4.047	0.0	13.998	0.451	1.077	2.052	2.477	4.107
11.83896	0.748	13.24	0.33399999999999996	0.799	1.801	2.291	3.588	0.39	14.805	0.517	0.8690000000000001	2.537	2.772	4.287	0.75	15.415999999999999	0.555	1.119	2.36	2.718	4.19
12.00574	0.8690000000000001	13.655999999999999	0.405	0.8370000000000001	1.7730000000000001	2.5580000000000003	3.753	0.382	15.284	0.386	0.807	2.602	2.8080000000000003	4.5489999999999995	0.405	15.958	0.45799999999999996	1.216	2.258	2.88	4.445
12.17232	0.695	14.526	0.366	0.8640000000000001	1.931	2.65	4.0089999999999995	0.27399999999999997	16.154	0.51	0.8	2.693	3.032	4.541	0.6579999999999999	17.453	0.517	1.011	2.315	3.037	4.6
12.33903	0.789	15.503	0.385	0.948	2.082	2.7689999999999997	4.163	0.4	16.309	0.532	0.82	2.815	3.1180000000000003	4.927	0.493	16.918	0.47200000000000003	1.1	2.373	3.391	4.727
12.50571	0.818	16.548	0.48100000000000004	0.78	2.145	2.931	4.357	0.461	17.98	0.726	0.9159999999999999	2.8110000000000004	3.247	5.022	0.586	18.985	0.5670000000000001	1.0959999999999999	2.5660000000000003	3.485	4.953
12.67243	0.903	16.619	0.493	0.858	2.191	3.076	4.57	0.513	18.975	0.51	1.028	2.991	3.425	5.17	0.245	20.146	0.581	1.1440000000000001	2.6489999999999996	3.799	5.1370000000000005
12.83899	0.892	16.698	0.498	0.831	2.161	3.2430000000000003	4.601	0.43799999999999994	19.477999999999998	0.609	0.833	3.055	3.427	5.726	0.46	20.58	0.55	1.077	2.71	3.827	5.291
13.00575	0.907	18.308	0.408	0.774	2.27	3.418	4.942	0.551	20.561999999999998	0.521	0.909	3.198	3.701	6.002000000000001	0.47600000000000003	21.138	0.56	1.088	2.855	4.037	5.899
13.17244	0.8140000000000001	18.980999999999998	0.532	0.898	2.296	3.7430000000000003	5.2379999999999995	0.522	21.338	0.418	0.8690000000000001	3.197	3.861	6.234	0.28800000000000003	21.816999999999997	0.654	1.119	2.888	4.302	5.7410000000000005
13.33908	0.852	20.179000000000002	0.602	0.868	2.432	3.78	5.704	0.39399999999999996	22.041999999999998	0.5539999999999999	0.9390000000000001	3.498	4.162	6.6339999999999995	0.657	24.138	0.5589999999999999	1.057	2.991	4.57	6.042999999999999
13.50572	0.9159999999999999	21.59	0.48100000000000004	0.846	2.6719999999999997	3.9189999999999996	5.939	0.395	22.197	0.429	0.9159999999999999	3.47	4.202	6.537999999999999	0.42100000000000004	24.553	0.633	1.195	3.1260000000000003	4.77	6.436
13.67238	0.9179999999999999	22.061	0.503	0.868	2.63	4.176	6.166	0.526	24.913	0.62	0.873	3.696	4.459	6.667000000000001	0.624	24.864	0.5920000000000001	1.222	3.4530000000000003	5.197	6.537999999999999
13.83905	1.0170000000000001	22.456999999999997	0.536	0.868	2.8280000000000003	4.176	6.859	0.5920000000000001	24.517	0.521	0.84	3.8280000000000003	4.657	7.228	0.45899999999999996	25.425	0.5920000000000001	1.222	3.42	5.395	6.934
14.0058	0.903	23.215	0.493	0.858	2.9160000000000004	4.396	6.846	0.513	25.34	0.642	0.863	4.113	5.008	7.412999999999999	0.542	26.741999999999997	0.68	1.21	3.605	5.678	7.149
14.17244	0.9129999999999999	24.162	0.598	0.963	3.088	4.667	7.086	0.621	26.551	0.616	0.836	4.2860000000000005	5.148	7.818	0.519	26.865	0.588	1.1520000000000001	3.548	5.853	7.257999999999999
14.33918	0.9420000000000001	24.691999999999997	0.618	0.883	3.208	5.021	7.575	0.649	27.878	0.539	0.889	4.343999999999999	5.37	8.044	0.7829999999999999	27.928	0.675	1.1420000000000001	3.838	6.277	7.752999999999999
14.50574	0.96	26.111	0.608	0.8079999999999999	3.33	5.1739999999999995	7.892	0.536	28.04	0.561	0.945	4.497	5.721	8.459	0.6679999999999999	28.915	0.698	1.065	3.858	6.626	8.199
14.67249	0.927	25.714000000000002	0.542	0.973	3.429	5.405	8.321	0.536	29.063000000000002	0.561	0.945	4.728	6.018	8.921	0.536	27.496	0.665	1.263	4.254	6.922999999999999	8.727
14.83915	1.002	27.899	0.5920000000000001	0.858	3.609	5.649	8.693	0.578	29.199	0.642	1.028	4.97	6.229	9.523	0.6409999999999999	24.994	0.647	1.046	4.298	7.196000000000001	8.863999999999999
15.00588	0.9179999999999999	28.232	0.536	0.9670000000000001	3.884	6.156000000000001	9.104	0.5920000000000001	31.184	0.818	0.9390000000000001	5.2139999999999995	6.34	9.472999999999999	0.8220000000000001	23.709	0.6579999999999999	1.123	4.4430000000000005	7.805	9.211
15.17263	1.045	27.758000000000003	0.73	0.898	3.88	6.284	9.363	0.522	29.95	0.715	0.968	5.309	6.897	9.929	0.8490000000000001	25.908	0.7859999999999999	1.218	4.736000000000001	8.03	9.964
15.33916	0.903	26.81	0.5920000000000001	0.858	4.005	6.737	9.649	0.611	25.241	0.708	0.863	5.662999999999999	7.119	10.15	0.6409999999999999	27.303	0.746	1.046	4.792	8.383	9.952
15.50584	0.973	24.927	0.705	0.873	4.279	7.138999999999999	10.113	0.551	25.008000000000003	0.784	0.909	5.767	7.455	10.710999999999999	0.7070000000000001	27.066	0.659	1.286	4.995	8.582	10.509
15.67258	1.0959999999999999	23.732	0.787	0.888	4.463	7.4910000000000005	10.699000000000002	0.508	28.791	0.737	0.925	6.087000000000001	7.675	11.332	0.899	27.818	0.743	1.141	5.513	9.037	10.935
15.83915	1.046	25.233	0.72	0.919	4.732	7.636	10.819	0.62	28.815	0.774	0.992	6.431	8.117	11.685	0.6890000000000001	28.04	0.8109999999999999	1.344	5.8260000000000005	9.422	11.493
16.00587	1.074	26.741	0.7170000000000001	0.9159999999999999	4.993	7.829	11.442	0.616	29.166999999999998	0.6709999999999999	0.988	6.591	8.344	12.175	0.75	28.325	0.8079999999999999	1.2409999999999999	6.085	10.276	11.652000000000001
16.17267	1.05	27.869	0.701	0.802	5.105	8.4	11.876	0.625	29.665	0.752	0.972	6.864	8.716000000000001	13.037	0.624	28.461	0.79	1.321	6.093999999999999	10.379000000000001	11.850999999999999
16.33928	1.111	27.526999999999997	0.7959999999999999	0.898	5.497000000000001	8.857999999999999	12.464	0.72	29.554000000000002	0.8140000000000001	1.034	7.289	9.107999999999999	13.328	0.948	27.36	0.852	1.251	6.353	11.132	12.604000000000001
16.50594	1.026	28.488000000000003	0.74	0.973	5.608	9.169	12.515	0.536	28.733	0.759	0.879	7.468999999999999	9.617	13.908	0.7340000000000001	27.595	0.863	1.23	6.6979999999999995	11.579	13.052999999999999
16.67256	1.13	27.971999999999998	0.8420000000000001	0.976	5.843999999999999	9.703	13.445	0.804	29.736	0.763	0.883	7.903	10.283	14.409	0.838	27.805	0.966	1.3330000000000002	6.9670000000000005	11.982000000000001	13.324000000000002
16.83926	1.1159999999999999	27.77	0.8	0.9670000000000001	6.292999999999999	10.017999999999999	14.020999999999999	0.7240000000000001	30.160999999999998	0.818	0.9390000000000001	8.152000000000001	10.499	14.687000000000001	0.8220000000000001	27.438000000000002	0.79	1.255	7.15	12.293	14.294
17.00598	1.0590000000000002	27.564	0.8390000000000001	1.105	6.3020000000000005	10.325	15.155999999999999	0.701	29.326999999999998	0.759	0.978	8.459	11.169	14.931	0.866	27.991	0.797	1.263	7.655	12.999	14.142999999999999
17.17269	1.064	27.774	0.9079999999999999	1.0090000000000001	6.735	10.892000000000001	14.997	0.705	29.736	0.763	0.9490000000000001	8.663	11.472000000000001	15.4	0.772	27.574	0.966	1.3659999999999999	7.859	13.335999999999999	14.612
17.33942	1.145	27.612	0.852	1.018	7.112	11.338	15.942	0.8190000000000001	29.675	0.774	0.892	9.207	11.687000000000001	16.609	0.9540000000000001	26.982	0.976	1.3769999999999998	8.206	13.520999999999999	14.997
17.50607	1.224	27.861	0.8390000000000001	1.006	7.49	11.777999999999999	16.015	0.899	30.680999999999997	0.924	0.945	9.582	12.49	16.317999999999998	0.965	27.496	0.8959999999999999	1.329	8.91	14.419	15.959000000000001
17.67268	1.244	27.612	0.9179999999999999	1.018	7.8389999999999995	12.130999999999998	16.735	0.8190000000000001	28.980999999999998	0.9390000000000001	0.992	9.901	12.710999999999999	17.337	1.1520000000000001	27.61	0.976	1.3769999999999998	8.933	14.843	16.583
17.8393	1.178	28.141	0.852	1.084	8.104	13.155	16.768	0.852	29.212	0.9390000000000001	1.058	10.166	13.470999999999998	18.229	0.888	27.544	1.0090000000000001	1.344	9.527999999999999	15.669	16.98
18.006	1.272	27.136999999999997	0.8490000000000001	0.9159999999999999	8.231	13.447000000000001	17.753	0.847	29.96	0.87	0.889	10.755	13.565	18.519000000000002	0.948	27.631	0.907	1.473	10.051	15.761	17.402
18.1727	1.262	27.873	0.941	1.1079999999999999	8.717	13.435	18.267	0.804	29.274	0.961	0.9490000000000001	10.842	14.445	18.174	0.97	28.101999999999997	0.9990000000000001	1.234	9.907	16.374000000000002	17.452
18.33945	1.248	27.671	0.998	0.9670000000000001	9.165	14.11	17.718	0.889	30.061999999999998	0.851	0.873	11.220999999999998	14.657	19.539	1.1520000000000001	27.636	1.087	1.255	10.417	16.452	17.759
18.50604	1.188	27.537	1.024	1.124	9.469	14.556	19.394000000000002	0.828	28.939	1.079	0.899	12.095	15.203	19.730999999999998	1.064	28.56	1.215	1.484	10.862	17.601	18.682000000000002
18.67269	1.3419999999999999	27.625999999999998	1.0270000000000001	0.996	9.82	15.49	19.624000000000002	0.885	29.29	0.946	1.034	11.908	15.839	19.828	1.113	28.416	0.9840000000000001	1.416	11.434000000000001	17.929000000000002	19.269000000000002
18.83946	1.2570000000000001	27.695999999999998	1.037	1.006	10.495	16.038	20.737	0.998	29.228	1.023	0.978	12.455	16.519000000000002	21.171999999999997	1.229	28.684	1.094	1.3619999999999999	11.882	18.48	20.119
19.00612	1.287	27.67	1.123	1.091	10.857999999999999	16.176	21.213	1.092	30.163	1.145	0.899	12.988	16.855999999999998	21.319000000000003	1.097	29.221999999999998	1.1159999999999999	1.3519999999999999	11.985999999999999	18.957	20.732
19.17278	1.327	27.965999999999998	1.084	0.917	11.165999999999999	17.422	21.441999999999997	1.031	29.768	1.01	0.9259999999999999	13.436	17.639	22.375999999999998	1.141	28.627	1.2109999999999999	1.383	12.866	19.119	21.131999999999998
19.33944	1.396	27.396	1.064	0.998	11.629000000000001	17.546	22.288	0.937	28.566999999999997	1.054	0.972	14.290999999999999	17.961	22.228	1.0090000000000001	29.809	1.2890000000000001	1.36	13.222999999999999	20.627	21.245
19.50616	1.386	27.835	1.222	0.991	12.114	18.524	22.635	1.126	30.295	1.245	0.899	14.344000000000001	18.774	22.807	1.262	28.131	1.1159999999999999	1.253	13.64	20.445	22.351999999999997
19.67282	1.443	27.447	1.315	1.018	12.433	18.939	23.180999999999997	1.182	29.873	1.237	0.992	14.859000000000002	19.123	24.013	1.383	28.04	1.274	1.3769999999999998	14.122	21.354	22.599
19.83948	1.396	27.496	1.262	1.031	13.085	19.3	22.85	1.102	29.691999999999997	1.087	0.972	15.184000000000001	19.549	23.948	1.406	28.288	1.189	1.36	14.58	21.916999999999998	22.601999999999997
20.00624	1.5119999999999998	27.968000000000004	1.229	1.0659999999999998	13.29	19.391	24.219	1.153	29.236	1.214	0.972	15.677	20.465999999999998	23.862	1.317	27.273000000000003	1.285	1.354	15.203	22.029	22.809
20.17287	1.482	27.994	1.209	0.882	13.880999999999998	20.335	24.497	1.224	29.03	1.092	0.919	16.525	21.409000000000002	24.503	1.382	27.991999999999997	1.23	1.331	15.259	22.835	22.655
20.33948	1.679	27.796	1.3730000000000002	0.948	14.573	20.566	24.168000000000003	1.158	29.788	1.224	0.919	16.327	21.343000000000004	25.162	1.4809999999999999	28.552	1.329	1.331	16.412	23.725	23.38
20.5063	1.575	27.85	1.304	0.879	14.863	21.052	24.357	1.219	28.919	1.319	1.047	17.473	21.5	25.845	1.5090000000000001	28.573	1.226	1.393	16.569000000000003	23.945999999999998	24.36
20.67301	1.5930000000000002	28.208000000000002	1.459	1.034	15.437000000000001	21.293000000000003	25.747	1.3030000000000002	28.980999999999998	1.308	0.9059999999999999	17.55	22.794	26.345	1.294	28.634	1.215	1.315	16.284000000000002	23.788	25.023000000000003
20.83959	1.514	27.203000000000003	1.3730000000000002	0.981	15.924000000000001	22.28	25.783	1.2570000000000001	30.019000000000002	1.3230000000000002	1.15	18.074	22.925	26.480999999999998	1.4809999999999999	28.156999999999996	1.494	1.298	17.203	23.625999999999998	24.666
21.00623	1.59	29.469	1.413	0.9540000000000001	16.3	22.593000000000004	25.504	1.365	30.539	1.331	0.925	18.583	23.403000000000002	28.246	1.3940000000000001	28.412	1.501	1.4369999999999998	17.482	23.875	26.3
21.17294	1.788	26.996	1.479	1.053	16.992	23.351	26.988000000000003	1.3319999999999999	29.714000000000002	1.232	1.024	18.781	23.436	27.355999999999998	1.7890000000000001	28.379	1.369	1.4369999999999998	17.878	24.303	25.377
21.33961	1.7730000000000001	27.784000000000002	1.5019999999999998	1.044	17.729	23.226999999999997	26.695999999999998	1.318	29.906999999999996	1.286	0.9159999999999999	19.483	24.301	27.756	1.673	28.54	1.358	1.294	19.107	25.1	25.941
21.50626	1.788	28.711	1.5119999999999998	1.053	18.08	24.505	25.998	1.464	28.197	1.495	0.958	19.77	23.601	27.785	1.69	28.214000000000002	1.501	1.305	19.329	25.325	25.938000000000002
21.673	1.7069999999999999	28.641	1.7	0.945	18.355	24.94	24.39	1.516	29.38	1.517	1.014	20.669	25.586	28.745	1.575	28.375	1.589	1.393	19.634	25.396	26.271
21.83969	1.8419999999999999	27.968000000000004	1.6909999999999998	0.9009999999999999	18.703	25.794	24.748	1.55	30.986	1.445	0.873	20.528000000000002	24.656999999999996	27.493000000000002	1.515	27.669	1.516	1.42	20.285	25.956999999999997	26.01
22.0063	1.7730000000000001	27.91	1.811	1.018	19.209	25.846999999999998	25.924	1.579	28.781999999999996	1.534	0.992	20.741999999999997	25.105999999999998	27.153000000000002	1.5819999999999999	28.04	1.571	1.3769999999999998	19.84	26.576	26.531999999999996
22.17291	1.867	27.534000000000002	1.906	1.015	19.83	27.061	25.023000000000003	1.574	28.901999999999997	1.53	0.988	21.461	23.709	26.45	1.642	27.829	1.6340000000000001	1.34	20.227999999999998	25.575	26.291
22.33965	2.089	28.033	1.8459999999999999	1.016	20.642	26.566999999999997	25.915	1.7269999999999999	29.403000000000002	1.5730000000000002	1.025	21.818	23.404	27.048000000000002	1.5390000000000001	28.064	1.51	1.383	20.685	24.52	26.93
22.50634	2.002	28.154	1.885	0.996	20.971999999999998	26.709	25.168000000000003	1.578	28.498	1.507	1.034	21.971999999999998	23.23	25.999000000000002	1.8719999999999999	28.614	1.611	1.317	21.795	23.803	26.759
22.67292	2.0580000000000003	27.198	1.9569999999999999	0.998	21.355999999999998	27.206999999999997	25.728	1.631	29.526999999999997	1.7819999999999998	1.104	22.660999999999998	24.214000000000002	26.496	1.869	29.809	1.5859999999999999	1.393	22.916999999999998	23.803	27.035
22.83972	2.0709999999999997	28.736	2.042	1.018	21.523000000000003	26.541	27.345	1.777	29.84	1.8319999999999999	1.058	22.659000000000002	24.676	26.756	1.8130000000000002	28.8	1.869	1.4769999999999999	23.079	24.99	27.028000000000002
23.00639	2.157	28.29	2.122	1.097	22.051	25.916	26.953000000000003	1.929	29.593000000000004	1.848	1.104	23.090999999999998	25.305999999999997	26.991999999999997	1.8359999999999999	28.354	1.851	1.492	22.784000000000002	24.266	27.432
23.17308	2.102	27.818	2.1630000000000003	1.103	22.464000000000002	24.61	26.773000000000003	1.84	30.611	1.889	1.111	23.804000000000002	25.621	27.64	2.344	28.114	1.7590000000000001	1.401	23.596999999999998	24.945999999999998	26.89
23.33963	2.222	28.43	2.177	1.016	22.994	26.136	26.511	1.86	29.601999999999997	1.7719999999999998	1.1909999999999998	24.005	25.855999999999998	27.379	2.201	27.666	1.808	1.4169999999999998	24.23	24.818	26.499000000000002
23.50636	2.3	28.513	2.1630000000000003	1.037	23.391	26.1	26.971	2.0380000000000003	29.386	1.955	1.111	24.002	26.052	27.838	2.344	28.809	1.892	1.401	23.133000000000003	26.734	27.055
23.67305	2.356	28.058000000000003	2.3209999999999997	1.031	23.176	27.438000000000002	26.622	2.128	30.883000000000003	1.9469999999999998	1.17	24.15	26.430999999999997	28.084	2.332	29.247	1.8840000000000001	1.459	24.339000000000002	26.151999999999997	26.837
23.83975	2.405	27.83	2.332	1.1059999999999999	23.531999999999996	26.142	27.146	2.1430000000000002	29.465	2.158	1.114	24.475	26.259	27.119	2.283	28.886999999999997	1.962	1.3719999999999999	23.805	26.445	27.959
24.00651	2.4619999999999997	29.186	2.435	1.081	23.96	27.028000000000002	28.195	2.202	28.473000000000003	2.125	1.253	24.204	26.386	27.639	2.501	27.73	2.03	1.44	24.92	26.765	26.785999999999998
24.17308	2.403	28.364	2.516	1.099	25.205	27.51	27.750999999999998	2.177	30.359	2.303	1.236	24.357	26.901999999999997	27.823	2.406	28.526999999999997	2.11	1.453	25.038	26.353	26.274
24.33978	2.434	28.439	2.637	1.1840000000000002	24.266	28.061999999999998	28.039	2.174	29.642	2.129	1.19	24.709	26.296	28.375999999999998	2.408	28.337	2.133	1.5759999999999998	24.996	26.774	27.721999999999998
24.50649	2.7119999999999997	28.875999999999998	2.501	1.185	24.642	27.967	27.449	2.42	29.186999999999998	2.485	1.321	25.145	26.666999999999998	29.070999999999998	2.778	28.016	2.095	1.5030000000000001	25.0	26.281999999999996	27.619
24.67325	2.58	28.414	2.798	1.251	23.784000000000002	27.868000000000002	28.241	2.42	29.615	2.32	1.222	25.145	26.7	28.675	2.548	29.038	2.292	1.536	25.296999999999997	26.611	27.487
24.83989	2.717	28.326999999999998	2.9010000000000002	1.287	23.694000000000003	28.206999999999997	27.656999999999996	2.326	29.826	2.687	1.325	25.351999999999997	26.511999999999997	29.246	2.85	28.424	2.296	1.672	25.636	27.741999999999997	27.63
25.00649	2.714	28.529	2.951	1.3119999999999998	22.072	28.741999999999997	27.238000000000003	2.3930000000000002	28.906	2.468	1.3130000000000002	25.593000000000004	26.986	29.644000000000002	2.872	29.284000000000002	2.18	1.489	25.576999999999998	26.66	27.103
25.17319	3.032	28.34	3.042	1.305	23.863000000000003	28.328000000000003	28.304000000000002	2.481	30.623	2.46	1.307	25.476	26.771	29.624000000000002	2.762	28.24	2.369	1.7109999999999999	25.36	27.396	26.754
25.33986	2.9810000000000003	28.55	3.142	1.334	24.631	28.414	29.28	2.593	29.684	2.76	1.403	25.165	27.939	29.779	2.7489999999999997	29.272	2.569	1.681	25.348000000000003	26.53	27.535
25.50653	3.075	27.945	3.3360000000000003	1.331	24.326	28.141	27.986	2.785	30.363000000000003	2.658	1.334	24.497	28.226	30.592	2.8089999999999997	29.49	2.6639999999999997	1.743	25.733	27.607	26.274
25.6733	3.207	27.936999999999998	3.313	1.345	24.768	28.741999999999997	28.488000000000003	2.853	30.748	2.7310000000000003	1.412	25.921999999999997	28.236	30.038	2.905	29.218000000000004	2.476	1.719	25.313000000000002	27.909000000000002	26.511
25.83989	3.306	27.74	3.641	1.41	25.13	28.873	28.816	2.787	30.287	2.764	1.412	25.296999999999997	27.874000000000002	29.808000000000003	3.168	28.526999999999997	2.772	1.6540000000000001	26.103	27.054000000000002	27.3
26.00657	3.306	28.266	3.641	1.41	25.13	29.629	28.980999999999998	3.05	29.366999999999997	3.0269999999999997	1.412	25.232	29.255	29.71	3.267	29.119	2.574	1.818	26.726999999999997	27.515	27.004
26.17322	3.41	29.092	3.622	1.3940000000000001	25.217	28.891	29.261	3.057	30.388	3.105	1.494	25.678	27.926	30.381999999999998	3.237	28.86	2.719	1.798	26.381999999999998	27.761	27.511999999999997
26.33995	3.602	28.069000000000003	3.839	1.345	26.149	29.038	28.29	3.28	29.794	3.159	1.609	25.921999999999997	27.677	29.215999999999998	3.431	28.264	2.9360000000000004	1.9169999999999998	25.905	27.646	28.155
26.50659	3.6069999999999998	29.035	3.9410000000000003	1.446	26.059	28.061	28.726999999999997	3.253	28.524	3.2289999999999996	1.6130000000000002	26.49	27.291	30.607	3.569	29.23	3.0389999999999997	1.756	26.014	27.82	27.901999999999997
26.67319	3.733	28.956999999999997	4.2	1.5090000000000001	26.247	28.775	28.389	3.247	30.583000000000002	3.52	1.7080000000000002	25.593000000000004	28.070999999999998	29.414	3.727	28.889	3.1660000000000004	1.9169999999999998	26.924	29.191	27.07
26.83997	3.815	29.018	4.221	1.499	25.596	29.534000000000002	29.28	3.33	30.348000000000003	3.54	1.7630000000000001	25.006999999999998	28.535999999999998	30.468000000000004	3.708	28.885	3.1210000000000004	2.003	26.435	28.701	28.124000000000002
27.00654	3.9360000000000004	28.377	4.402	1.446	26.388	28.554000000000002	29.319000000000003	3.713	30.07	3.755	1.7109999999999999	25.405	28.179000000000002	29.358	3.865	29.099	3.236	2.1180000000000003	26.54	28.116	28.362
27.17341	4.071000000000001	28.504	4.553	1.51	27.371	28.875	29.441	3.654	29.964000000000002	3.7060000000000004	1.7719999999999998	25.336	29.125999999999998	29.709	3.863	29.487	3.1910000000000003	2.008	26.268	29.416999999999998	28.445
27.34	4.137	29.095	4.75	1.575	26.649	28.449	28.621	3.752	29.636	3.7060000000000004	1.837	26.090999999999998	28.863000000000003	29.938000000000002	3.7969999999999997	28.896	3.387	2.1719999999999997	26.858	28.925	27.002
27.50667	4.357	28.455	4.8	1.719	26.883000000000003	29.406	29.743000000000002	4.069	30.113000000000003	4.118	1.8840000000000001	25.964000000000002	28.081	29.65	4.084	30.193	3.6010000000000004	2.221	26.601999999999997	28.572	28.224
27.67333	4.406000000000001	29.708000000000002	5.042	1.795	27.14	28.943	29.083000000000002	3.987	30.545	4.197	1.96	25.598000000000003	27.748	29.516	4.333	28.392	3.614	2.135	27.19	27.912	28.945
27.83997	4.569	28.648000000000003	5.181	1.6769999999999998	27.643	29.377	29.189	4.25	31.814	4.4	1.939	25.706	28.053	30.605	4.262	28.776999999999997	3.753	2.373	26.54	29.099	27.111
28.00668	4.808	29.5	5.434	1.9169999999999998	27.37	29.669	29.316	4.256	30.634	4.426	2.0180000000000002	26.025	28.57	31.131999999999998	4.442	29.663	3.7089999999999996	2.426	26.601999999999997	28.772	27.9
28.17328	4.901	28.895	5.528	1.848	27.295	30.679000000000002	29.569000000000003	4.546	31.674	4.652	2.113	25.555	28.691999999999997	30.035999999999998	4.468999999999999	29.42	3.9019999999999997	2.455	26.691	27.775	29.929000000000002
28.34008	4.901	28.5	5.857	1.815	26.998	29.889	29.142	4.448	31.279	4.817	2.113	25.654	29.185	30.331999999999997	4.699	28.959	4.034	2.62	26.889	28.531	28.218000000000004
28.5068	5.202999999999999	28.71	5.961	1.851	27.796999999999997	29.57	29.941	4.651	30.897	5.052	2.215	26.256	28.305999999999997	30.177	4.936	28.576999999999998	3.9389999999999996	2.6239999999999997	26.569000000000003	28.673000000000002	29.215999999999998
28.67337	5.317	28.838	5.947	2.005	27.473000000000003	29.146	30.206999999999997	4.831	29.971	5.399	2.1719999999999997	25.635	28.87	30.838	5.081	30.118000000000002	4.19	2.545	27.329	29.004	27.474
28.84015	5.296	29.750999999999998	6.121	1.946	28.051	28.605999999999998	28.944000000000003	5.106	30.49	5.211	2.4090000000000003	26.246	28.855999999999998	29.081	5.127000000000001	29.65	4.231	2.8169999999999997	27.381999999999998	28.663	28.811
29.00673	5.631	28.809	6.224	2.048	28.982	29.504	29.053	5.013	31.523000000000003	5.348	2.38	25.334	28.964000000000002	30.934	5.101	30.584	4.4	2.8539999999999996	27.787	28.443	28.92
29.17341	5.9270000000000005	29.105	6.553	2.147	27.008000000000003	29.076	29.48	5.242999999999999	30.634	5.611000000000001	2.512	25.927	28.57	30.671	5.397	30.123	4.499	2.9530000000000003	26.964000000000002	29.265	27.538
29.34015	5.822	29.218000000000004	6.662000000000001	2.3040000000000003	27.651999999999997	28.763	29.363000000000003	5.337999999999999	31.138	5.848	2.533	27.028000000000002	28.554000000000002	29.663	5.319	29.774	4.577	2.9019999999999997	26.386	28.158	27.678
29.50674	5.957999999999999	29.464000000000002	6.872999999999999	2.263	28.405	29.224	28.706	5.535	31.489	6.13	2.728	26.6	29.506999999999998	30.392	5.528	29.000999999999998	4.8180000000000005	2.9739999999999998	27.607	28.79	28.248
29.67347	6.265	29.22	7.291	2.331	28.615	28.873	29.112	5.614	30.748	6.249	2.793	26.119	29.221999999999998	31.288	5.699	30.763	5.106	3.1	26.859	29.389	28.878
29.84011	6.48	29.093000000000004	7.239	2.44	28.051	29.889	28.714000000000002	6.093	31.311999999999998	6.56	2.903	27.101999999999997	28.79	30.924	6.377000000000001	30.011999999999997	5.021	3.2119999999999997	27.744	29.058000000000003	28.975
30.00675	6.612	29.586	7.502000000000001	2.6039999999999996	28.281999999999996	28.869	29.734	5.994	30.621	6.593	2.969	26.904	28.461	31.811999999999998	5.785	29.453000000000003	5.087	3.4419999999999997	26.592	29.749000000000002	27.988000000000003
30.17352	6.816	29.895	7.7379999999999995	2.739	28.653000000000002	29.01	29.316	6.0	31.391	7.0920000000000005	2.972	26.124000000000002	28.601999999999997	30.473000000000003	6.154	30.320999999999998	5.289	3.512	26.767	30.022	29.874000000000002
30.34013	7.093	29.758000000000003	8.019	2.795	28.92	30.264	30.305999999999997	6.278	30.859	7.175	3.1910000000000003	26.622	28.837	30.114	6.726	30.283	5.472	3.532	27.329	30.583000000000002	29.349
30.50682	7.132999999999999	29.182	8.262	3.076	28.125999999999998	29.764	29.97	6.4510000000000005	32.418	7.055	3.34	26.255	28.635	31.585	6.337000000000001	31.086	5.454	3.843	27.913	29.949	30.193
30.67352	7.52	30.315	8.34	2.911	28.475	30.643	30.29	6.604	33.294000000000004	7.794	3.4739999999999998	26.471999999999998	30.004	30.988000000000003	6.76	30.149	5.956	3.8169999999999997	26.885	29.976999999999997	29.006999999999998
30.84024	7.704	30.092	8.495	3.1010000000000004	28.39	29.767	29.645	6.954	31.523000000000003	7.849	3.4989999999999997	27.605	28.964000000000002	31.428	7.273	30.913	5.684	3.9730000000000003	28.05	29.825	29.511999999999997
31.00694	7.683	31.104	8.886000000000001	3.145	29.396	30.414	30.456999999999997	7.061	30.953000000000003	8.343	3.612	26.766	30.004	31.684	7.257999999999999	31.729	6.202999999999999	4.06	27.711	29.455	29.046
31.17369	7.941	30.63	8.855	3.255	29.403000000000002	29.86	29.54	7.024	32.293	8.277000000000001	3.786	27.366999999999997	29.549	31.325	7.282	30.398000000000003	6.107	4.396	27.848000000000003	31.041	28.489
31.3403	8.139	31.059	9.052	3.387	28.81	29.991	30.298000000000002	7.617000000000001	31.403000000000002	8.573	3.819	26.873	30.34	31.82	7.577999999999999	31.683000000000003	6.47	4.494	28.046	30.448	28.884
31.50689	8.58	29.636999999999997	9.3	3.475	29.901	30.06	30.564	7.5	33.175	8.886000000000001	4.071000000000001	26.449	29.388	30.866	8.051	30.557	6.686	4.579	26.994	30.745	28.721
31.67351	8.856	30.092	9.777999999999999	3.661	29.64	29.076	30.139	7.843	32.641999999999996	8.935	4.058	26.914	29.787	31.724	8.03	30.715999999999998	6.77	4.894	28.05	29.364	29.019000000000002
31.84039	9.088	31.804000000000002	10.134	3.844	29.723000000000003	31.035999999999998	31.408	8.072000000000001	31.653000000000002	9.49	4.375	27.061	30.396	31.018	8.23	31.67	6.86	4.819	27.344	30.833000000000002	30.026999999999997
32.00705	8.847999999999999	30.969	9.844	4.0	29.416999999999998	30.628	30.112	8.002	33.745	9.591000000000001	4.461	27.381999999999998	29.596999999999998	31.399	8.578	32.15	7.0360000000000005	5.03	28.482	30.221999999999998	29.021
32.17377	9.026	30.699	10.151	4.008	29.108	31.175	30.395	8.047	30.978	9.8	4.5680000000000005	27.763	30.899	31.781	8.395	30.171	7.276	5.138999999999999	27.944000000000003	30.276	29.272
32.34024	9.232000000000001	30.414	10.283	4.228	28.87	30.643	29.895	8.349	33.59	10.033	4.955	27.328000000000003	30.465	31.58	8.9	31.136999999999997	7.438	5.167000000000001	29.058000000000003	29.581999999999997	29.83
32.50693	9.825	30.793000000000003	10.304	4.272	29.129	30.962	30.019000000000002	8.39	32.713	9.786	4.994	26.897	29.44	31.631999999999998	8.994	30.956	7.3660000000000005	5.297000000000001	27.534000000000002	30.291	30.336
32.6737	9.506	31.002	10.534	4.427	29.844	31.121	30.21	8.593	33.580999999999996	10.511	5.119	27.053	29.991	31.563000000000002	9.301	32.38	7.66	5.917999999999999	27.825	29.991999999999997	28.725
32.84041	10.008	30.8	10.785	4.593	29.601	31.237	30.589000000000002	8.869	32.457	10.758	5.347	27.665	30.634	30.824	8.881	31.389	8.142999999999999	5.78	28.104	30.465999999999998	29.134
33.00701	10.167	32.198	11.005	4.707	31.643	30.226999999999997	30.433000000000003	9.06	32.083	11.144	5.297999999999999	27.146	30.476999999999997	31.029	9.304	31.704	7.836	6.062	27.489	30.607	29.767
33.17378	10.604000000000001	30.929000000000002	11.269	4.895	29.502	31.47	30.197	9.297	32.983000000000004	11.575	5.785	28.289	30.833000000000002	31.912	9.711	32.407	8.262	6.585	28.601	30.671	29.666999999999998
33.3404	10.645999999999999	30.925	11.453	5.06	28.964000000000002	30.273000000000003	30.019000000000002	9.145	33.205	11.394	5.683	27.783	30.523000000000003	32.288000000000004	9.552	31.250999999999998	8.318	6.347	27.534000000000002	31.767	30.008000000000003
33.50706	10.758	30.458000000000002	11.431	5.101	29.87	31.179000000000002	30.334	9.519	32.28	11.341	6.086	27.54	29.886	32.605	9.698	30.784000000000002	8.46	6.553999999999999	28.276999999999997	30.41	28.717
33.6737	10.81	31.121	11.453	5.29	29.226999999999997	31.06	31.2	9.703	31.86	11.788	6.274	28.308000000000003	30.916999999999998	31.829	9.978	32.662	8.613	6.8389999999999995	28.256	31.669	29.483
33.84037	10.792	32.111999999999995	11.575999999999999	5.457999999999999	29.683000000000003	31.284000000000002	31.063000000000002	9.655	32.391	11.743	6.406000000000001	27.320999999999998	31.338	32.705999999999996	10.253	31.421999999999997	8.969	7.131	28.643	31.659000000000002	29.868000000000002
34.0071	11.075999999999999	31.43	11.626	5.765	29.909000000000002	30.266	30.601999999999997	9.905	32.66	12.68	6.813	27.186	30.32	32.541	10.309000000000001	31.363000000000003	9.017999999999999	7.015	27.822	31.298000000000002	30.654
34.17378	11.298	31.351999999999997	11.915999999999999	5.925	30.391	30.616	30.066999999999997	9.8	33.04	12.772	6.612	27.767	29.916	31.776999999999997	10.595999999999998	32.431999999999995	9.242	7.436	28.107	32.27	29.955
34.34045	11.222000000000001	31.26	12.294	5.937	30.125999999999998	31.138	31.671999999999997	9.984	33.375	13.152000000000001	7.151	27.895	30.535999999999998	31.677	10.290999999999999	32.57	9.258	7.6160000000000005	27.94	31.614	29.659000000000002
34.50709	11.523	31.451	12.345	6.231	29.785	31.483	30.705	10.06	35.953	13.034	7.08	27.39	30.719	31.627	10.557	31.678	9.541	7.704	28.906999999999996	32.052	29.737
34.67379	11.45	31.83	12.175	6.586	29.349	31.636	31.644000000000002	9.628	34.597	13.387	7.271	27.904	30.938000000000002	31.976	10.517000000000001	31.96	9.503	8.452	28.798000000000002	32.041	28.778000000000002
34.84038	11.654000000000002	31.745	12.574000000000002	6.4270000000000005	29.523000000000003	31.156	31.491	10.257	33.367	12.805	7.473	27.226999999999997	31.144000000000002	32.478	10.720999999999998	31.842	10.097999999999999	8.523	27.63	31.823	30.294
35.00714	11.806	32.288000000000004	12.407	6.76	30.412	31.52	31.037	10.379000000000001	33.973	13.354000000000001	7.672000000000001	27.921	30.594	33.101	10.511	33.104	9.9	8.718	28.093000000000004	31.104	29.281
35.17377	11.556	31.844	12.672	6.917999999999999	30.57	31.875999999999998	31.851	10.224	33.071999999999996	13.492	7.865	27.619	29.638	33.361999999999995	10.720999999999998	32.431	9.902000000000001	8.621	28.71	32.019	30.49
35.34049	11.523	31.090999999999998	12.345	6.82	30.767	31.647	31.229	10.421	34.545	14.277999999999999	8.193	28.994	31.504	32.085	11.114	32.266999999999996	10.294	8.916	28.449	30.644000000000002	31.309
35.50725	11.843	31.961	12.469000000000001	7.405	30.135	31.473000000000003	31.12	10.414000000000001	34.597	13.485	8.286	28.166	31.494	32.304	11.106	31.011	10.387	8.943	28.995	30.535	30.61
35.67392	11.81	31.961	12.633	7.405	30.331	30.982	32.135	10.347999999999999	35.088	13.878	8.548	28.886	32.28	32.958	11.04	28.785	10.583	9.237	28.209	31.451999999999998	30.511999999999997
35.8405	11.821	32.478	13.007	7.979	31.021	32.423	31.09	10.622	33.117	13.956	8.663	28.136	30.188000000000002	32.37	11.18	26.459	10.467	9.677999999999999	28.179000000000002	30.831	30.872
36.00716	11.904000000000002	32.844	12.700999999999999	7.97	31.883000000000003	31.814	29.500999999999998	10.379000000000001	35.15	14.433	9.142999999999999	27.855	31.28	32.643	11.360999999999999	24.572	11.044	9.307	29.433000000000003	30.973000000000003	30.229
36.17392	11.850999999999999	33.317	12.377	8.031	31.421	31.647	30.443	10.748	34.054	14.409	9.175	28.503	31.111	32.314	11.440999999999999	24.28	10.687000000000001	9.898	28.971999999999998	31.43	30.096999999999998
36.34056	11.852	29.944000000000003	13.05	8.557	29.721999999999998	31.741999999999997	31.814	10.526	31.366	14.220999999999998	9.27	28.962	31.275	31.003	10.914000000000001	23.546	10.610999999999999	9.527000000000001	28.576999999999998	31.616999999999997	31.459
36.50725	11.98	26.336	12.780999999999999	8.544	30.839000000000002	32.175	32.15	10.75	27.89	14.412	9.389	28.675	30.726999999999997	31.795	10.978	22.447	10.927999999999999	9.779	28.421999999999997	31.464000000000002	31.308000000000003
36.67403	12.437000000000001	24.67	12.814	9.132	30.872	32.698	31.235	10.489	25.636	14.902000000000001	9.52	28.283	31.609	32.677	10.945	22.349	10.863	9.877	28.618000000000002	32.15	30.034000000000002
36.84068	12.187999999999999	23.416999999999998	13.163	9.097000000000001	30.899	32.07	31.945999999999998	10.538	24.936	14.755	9.743	28.703000000000003	31.44	33.580999999999996	11.38	21.816999999999997	11.05	10.13	28.839000000000002	31.389	29.926
37.00739	12.499	23.265	13.15	9.217	30.358	32.375	32.61	11.078	23.708000000000002	14.382	9.765	27.933000000000003	31.453000000000003	32.385999999999996	11.429	21.372	11.265999999999998	10.475999999999999	28.721	31.855999999999998	30.427
37.17393	12.737	22.483	13.49	9.104	30.849	31.334	30.592	10.665999999999999	23.87	14.427	10.042	29.24	31.194000000000003	32.974000000000004	11.503	21.666999999999998	11.216	10.947000000000001	28.331999999999997	31.107	31.274
37.34074	12.165999999999999	22.015	13.144	9.082	30.543000000000003	31.648000000000003	32.144	10.68	22.719	14.571	10.118	28.901	33.071999999999996	32.669000000000004	11.095	21.264	11.423	10.764000000000001	28.32	32.204	30.383000000000003
37.50724	12.587	21.764	13.364	9.591000000000001	31.497	32.113	31.695999999999998	10.806	23.545	14.697000000000001	10.466	29.136999999999997	31.679000000000002	33.103	11.224	21.436999999999998	10.991	11.147	29.305999999999997	30.811999999999998	30.426
37.67398	12.565	21.798000000000002	13.345999999999998	9.967	29.706	32.049	31.436999999999998	10.981	23.121	14.642999999999999	10.45	28.976999999999997	31.061999999999998	33.658	11.625	21.079	11.234000000000002	11.454	28.819000000000003	32.801	30.427
37.84068	12.522	21.764	12.777000000000001	9.885	30.714000000000002	32.113	30.88	10.936	22.892	15.055	10.76	28.844	31.156999999999996	33.201	11.779000000000002	21.305999999999997	11.284	11.245	28.099	31.008000000000003	31.927
38.00735	12.914000000000001	21.079	13.43	10.113	31.366	32.928000000000004	32.544000000000004	11.132	22.468000000000004	15.186	10.956	29.594	31.059	32.94	11.453	20.621	11.252	11.832	30.122	31.171	31.436999999999998
38.1741	12.685	20.884	12.777000000000001	10.405999999999999	31.366	32.113	32.185	11.23	21.555	15.088	11.054	28.451999999999998	30.765	32.451	11.388	21.208000000000002	11.578	11.864	28.555999999999997	31.073	30.524
38.34071	12.62	21.471	12.94	10.667	30.811999999999998	32.113	31.956999999999997	11.1	22.273000000000003	14.402999999999999	11.151	28.42	30.601999999999997	32.451	11.224	21.11	11.48	12.06	29.404	30.91	31.633000000000003
38.50735	12.685	21.928	13.56	10.7	30.518	32.015	32.479	11.328	22.044	15.447000000000001	11.445	28.909000000000002	31.255	32.646	11.844000000000001	20.654	11.578	11.962	29.828000000000003	30.616	29.872
38.67407	12.672	21.017	13.002	11.124	32.086999999999996	32.571999999999996	30.721999999999998	10.959000000000001	22.209	15.013	11.312999999999999	28.261999999999997	31.129	32.648	11.600999999999999	20.494	11.509	12.217	28.658	32.508	30.785
38.84073	12.565	20.656999999999996	14.03	11.238	30.846999999999998	31.3	30.915	11.175999999999998	22.761999999999997	14.741	11.525	29.954	32.333	31.995	11.82	20.688000000000002	11.559000000000001	12.106	29.21	31.726	31.665
39.00734	12.612	21.33	13.520999999999999	11.052999999999999	30.475	31.971999999999998	30.675	11.092	22.49	15.048	11.7	29.029	30.495	33.223	11.738	20.904	11.277999999999999	12.706	29.1	32.139	32.013000000000005
39.17415	12.665	20.616	12.995	11.542	31.131999999999998	31.715	31.526	11.18	21.546999999999997	14.940999999999999	11.177	30.401999999999997	31.673000000000002	32.931	11.722999999999999	20.288	11.307	12.536	28.55	32.008	32.793
39.34085	12.699000000000002	21.16	13.100999999999999	11.487	30.604	33.008	32.038000000000004	11.25	21.993000000000002	15.595999999999998	11.935	29.092	31.436999999999998	32.596	11.690999999999999	20.833000000000002	11.869000000000002	12.055	28.639	31.151999999999997	30.991
39.50748	12.85	21.005	13.307	11.07	30.055	32.463	31.915	11.104000000000001	21.969	15.809000000000001	11.78	30.368000000000002	30.855999999999998	31.789	11.519	20.71	11.357999999999999	12.556	28.678	31.65	31.263
39.67408	12.708	20.589000000000002	13.285	11.663	31.005	32.829	31.923000000000002	11.317	22.729	15.272	12.213	29.166999999999998	30.73	32.841	11.509	20.227999999999998	11.89	12.504000000000001	29.925	31.301	30.165
39.84086	12.542	20.724	13.523	11.71	31.924	32.279	30.82	11.09	22.307	15.241	12.453	30.64	30.641	33.266999999999996	11.699000000000002	21.048000000000002	11.997	12.217	29.374000000000002	31.693	32.023
40.00747	12.642999999999999	21.274	13.742	12.283	31.495	32.111	31.302	11.349	21.848000000000003	15.305	12.507	29.559	31.513	34.245	12.26	20.195	11.498	12.732000000000001	29.664	32.509	31.666
40.17421	12.677999999999999	21.46	13.456	12.293	31.584	32.103	31.588	11.288	21.545	15.145999999999999	12.385	29.421	31.179000000000002	33.679	11.640999999999998	20.285	11.539000000000001	12.804	29.002	31.747	30.448
40.34083	12.718	20.688000000000002	13.462	12.103	32.181999999999995	31.787	32.446	11.425999999999998	21.816	15.545	12.293	30.116	31.092	33.103	11.942	20.165	12.23	12.777999999999999	29.404	30.975	31.405
40.50752	12.873	20.58	13.815	12.293	31.486	31.092	32.077	11.745	21.219	15.374	12.809000000000001	30.171	32.321	32.897	11.673	20.513	11.245999999999999	12.902000000000001	28.709	31.878	31.686999999999998
40.67426	12.417	20.58	13.228	12.39	30.573	33.374	32.273	11.288	21.545	15.342	12.515	29.811999999999998	31.538	32.31	11.543	20.35	11.474	12.967	28.741999999999997	32.041	31.916
40.84087	12.981	20.614	13.34	12.665999999999999	31.325	33.766	30.546999999999997	11.267000000000001	20.405	15.645999999999999	12.562000000000001	29.096999999999998	30.432	33.354	11.943	21.166	11.749	12.98	29.688000000000002	32.725	30.774
41.00753	13.356	20.3	13.523	12.818	31.045	31.823	31.634	11.155	21.004	15.110999999999999	12.257	29.565	31.976	34.44	11.894	20.201	12.128	13.455	29.666999999999998	32.181999999999995	31.826999999999998
41.17415	13.213	19.564	13.755	12.620999999999999	31.842	31.185	31.845	11.462	21.575	15.809000000000001	13.040999999999999	29.155	30.521	34.92	12.57	20.248	12.196	13.007	29.195	31.256999999999998	31.851999999999997
41.34088	13.133	20.000999999999998	13.285	13.065999999999999	31.103	31.165	31.596	11.513	21.554000000000002	15.501	12.637	29.656999999999996	30.795	32.547	12.162	20.293	11.955	13.026	29.631	31.921	31.96
41.50776	13.185	19.656	13.844000000000001	12.936	32.098	32.455	31.644000000000002	11.69	20.982	15.253	12.606	29.573	30.807	33.482	11.662	20.047	11.565	13.295	29.093000000000004	31.844	32.443000000000005
41.67434	12.931	19.96	13.654000000000002	12.843	31.749000000000002	32.367	31.031999999999996	11.501	21.32	16.078	13.005	30.14	30.653000000000002	33.1	11.767999999999999	20.45	11.833	13.662	28.971999999999998	31.135	32.553000000000004
41.84091	13.133	19.684	13.784	13.495999999999999	30.226999999999997	32.485	32.067	11.470999999999998	20.684	16.115	13.003	30.389	31.293000000000003	32.268	12.005	19.912	12.192	13.302999999999999	28.86	31.615	33.757
42.00759	13.52	20.32	13.523	12.876	31.355999999999998	32.694	32.309	11.337	21.713	15.456	12.809000000000001	30.369	30.522	33.296	11.605	20.319000000000003	12.062000000000001	13.204	29.169	31.659000000000002	33.273
42.17419	13.293	19.887	14.119000000000002	12.754000000000001	31.511	30.919	30.796	11.407	20.951	15.133	13.078	30.686999999999998	31.398000000000003	33.319	12.520999999999999	19.329	12.103	13.373	29.454	32.008	32.115
42.34097	13.307	19.555	13.83	13.15	31.965999999999998	32.486	31.61	11.417	20.522	15.602	13.475999999999999	30.651999999999997	30.771	33.874	11.817	20.143	12.369000000000002	13.414000000000001	30.107	32.565	32.968
42.50769	13.145999999999999	19.899	13.878	13.102	30.183000000000003	30.441	31.756	11.458	20.538	16.427	12.935	30.013	31.378	34.016	11.818	19.309	11.633	13.654000000000002	29.433000000000003	31.986	32.093
42.67436	12.875	19.733	14.027999999999999	13.152999999999999	32.208	32.335	31.787	11.577	20.863000000000003	15.827	12.954	29.717	30.427	33.46	12.071	19.405	11.945	13.642000000000001	29.563000000000002	31.79	32.126
42.84104	13.095	20.157	13.752	13.04	31.061	32.334	32.211	11.501	20.6	15.947000000000001	13.267000000000001	30.337	30.653000000000002	34.376	12.292	19.337	12.225999999999999	13.302	29.987	31.953000000000003	32.389
43.00762	12.885	19.964000000000002	13.42	13.102	32.243	31.715999999999998	31.037	11.654000000000002	21.256999999999998	15.74	12.87	29.62	30.953000000000003	33.33	11.949000000000002	19.472	12.384	13.262	29.726999999999997	31.463	30.948
43.17437	12.995999999999999	20.026	13.85	13.171	31.814	31.156	31.524	11.795	21.484	15.587	13.463	30.238000000000003	30.948	33.591	12.161	19.369	12.16	13.269	29.954	32.314	31.471999999999998
43.34111	13.315999999999999	20.048	14.008	13.427	32.0	32.062	31.71	11.886	20.131	15.253	13.293	30.424	31.396	33.155	12.186	19.85	12.154000000000002	13.197000000000001	29.944000000000003	32.695	32.541
43.50777	12.995999999999999	19.371	13.85	13.76	32.043	31.745	32.047	11.534	21.287	15.784	13.561	31.057	31.701	32.969	12.357999999999999	20.057000000000002	11.866	13.4	30.053	33.361	31.8
43.67444	13.174000000000001	19.53	13.987	13.469000000000001	31.221	30.462	32.208	11.479000000000001	20.858	15.434000000000001	13.304	30.104	30.483	35.393	12.308	19.528	12.198	13.638	30.313000000000002	33.33	31.539
43.84112	13.205	19.570999999999998	13.717	13.395	32.312	30.206999999999997	31.134	11.704	20.9	16.316	13.69	30.441	30.72	33.896	12.669	19.635	11.993	14.255999999999998	29.766	32.62	32.501999999999995
44.00777	13.527000000000001	19.881	13.587	13.692	32.095	29.109	32.394	11.832	20.848000000000003	16.115	13.690999999999999	31.405	31.588	34.038000000000004	12.431	19.19	12.06	13.5	30.008000000000003	32.368	32.413000000000004
44.17441	13.535	19.792	13.495	13.567	32.368	28.921999999999997	31.913	11.642000000000001	20.956999999999997	15.991	13.534	30.399	30.778000000000002	35.229	12.538	19.725	12.296	13.31	29.559	32.117	31.768
44.34106	13.052	20.253	14.065999999999999	13.68	31.288	28.598000000000003	30.866	11.620999999999999	20.467	16.461	13.482000000000001	30.695	30.454	34.999	11.595999999999998	19.563	12.081	13.421	29.397	32.379	32.521
44.5078	12.825	19.656	13.517000000000001	13.623	30.953000000000003	29.476	32.037	11.788	20.72	16.136	13.359000000000002	30.228	30.643	34.562	11.957	20.047	11.958	13.59	29.584	31.746	32.28
44.67439	13.464	19.832	13.732999999999999	13.251	31.881	28.541	30.904	11.283	20.111	15.925	13.444	30.502	29.217	33.035	12.039000000000001	19.601	11.945	13.870999999999999	29.136999999999997	31.136	32.551
44.84112	12.8	19.862000000000002	14.014000000000001	13.367	31.715999999999998	28.209	29.461	11.599	20.338	15.652999999999999	13.398	31.057	28.984	34.376	12.194	19.86	11.931	14.152999999999999	29.855999999999998	30.579	32.946
45.00787	13.165999999999999	20.274	13.357999999999999	13.758	31.669	27.732	29.772	11.470999999999998	20.061	15.525	13.331	30.618000000000002	28.212	34.792	12.497	19.19	12.355	13.827	30.04	30.631	32.216
45.17445	13.11	19.980999999999998	13.863	13.543	30.951	27.441999999999997	30.07	11.45	20.457	15.864	13.475999999999999	30.881	28.217	35.446999999999996	12.21	19.192999999999998	12.664000000000001	13.479000000000001	29.976	32.041	32.674
45.34117	13.31	19.425	13.946	13.36	31.773000000000003	26.84	29.083000000000002	11.544	20.755	16.09	13.722000000000001	30.69	27.945	34.904	12.185	19.62	12.155999999999999	13.665999999999999	30.147	30.441999999999997	32.033
45.50778	13.333	19.750999999999998	14.425	13.575	31.901999999999997	27.755	27.730999999999998	11.565	20.325	15.981	13.478	31.018	27.249000000000002	35.43	11.716	19.519000000000002	12.24	13.620999999999999	29.16	30.441	31.903000000000002
45.67443	13.294	19.897000000000002	13.802	13.905999999999999	31.456	26.723000000000003	28.932	11.725999999999999	20.767	16.075	13.282	30.21	26.415	33.042	12.103	19.37	12.242	13.751	29.699	29.534000000000002	31.453000000000003
45.84114	13.440999999999999	19.392	14.307	13.918	30.426	27.662	28.261999999999997	11.511	20.985	16.452	13.392999999999999	30.131999999999998	27.221999999999998	34.411	12.513	19.817	12.649000000000001	14.652000000000001	29.424	29.391	33.117
46.00789	13.398	19.298	14.287	13.764000000000001	31.154	25.621	28.855	11.561	20.729	15.912	13.536	30.698	26.529	35.673	12.044	19.889	12.100999999999999	14.142000000000001	30.025	31.01	31.75
46.17454	13.534	19.654	13.85	14.116	31.543000000000003	27.086	29.535999999999998	11.429	21.02	15.615	13.494000000000002	30.464000000000002	26.709	33.731	12.118	19.685	12.025	14.073	30.616	30.48	31.653000000000002
46.34138	13.102	20.066	13.901	13.704	32.155	26.433000000000003	28.525	11.718	20.641	15.475	13.743	31.374000000000002	26.98	34.116	12.811	19.37	12.109000000000002	14.228	30.373	29.408	31.743000000000002
46.50792	13.102	19.438	13.769	14.167	33.014	26.366999999999997	28.79	11.619000000000002	20.245	16.136	14.206	30.053	26.551	32.992	11.886	19.634	12.571	14.161	29.91	30.035999999999998	32.437
46.6745	12.888	19.748	13.888	13.89	32.001999999999995	27.109	27.779	11.175	20.62	15.824000000000002	13.4	30.758000000000003	26.335	32.409	12.265999999999998	19.910999999999998	12.162	13.949000000000002	29.955	30.741999999999997	32.216
46.84124	13.126	19.601	13.821	13.789000000000001	30.467	26.758000000000003	28.521	11.607999999999999	20.54	15.794	13.63	31.406999999999996	26.479	32.76	12.704	19.764	12.128	14.083	30.736	29.671	31.148000000000003
47.00785	13.011	19.878	14.106	14.206	31.174	25.88	27.94	11.924000000000001	20.619	15.548	13.75	30.195	24.709	31.648000000000003	12.092	19.546	12.478	14.267999999999999	29.689	29.715999999999998	32.349000000000004
47.17463	13.011	19.382	13.709000000000001	13.610999999999999	32.364000000000004	25.781	29.229	11.527000000000001	20.750999999999998	16.242	13.717	31.253	25.965	31.549	12.092	19.413	12.312999999999999	13.474	29.524	29.351999999999997	31.853
47.3414	13.475	19.044	14.277999999999999	14.247	31.595	26.208000000000002	28.199	11.663	20.477999999999998	15.717	13.889000000000001	30.517	25.17	32.102	12.06	19.373	12.485999999999999	14.008	29.581	28.915	31.676
47.50799	13.162	18.892	13.44	14.234000000000002	32.003	26.19	27.124000000000002	11.450999999999999	20.589000000000002	15.835	14.074000000000002	31.023000000000003	25.615	31.486	12.142000000000001	18.956	12.275	14.225999999999999	29.031	28.993000000000002	31.654
47.67465	13.032	19.775	13.811	14.242	32.951	26.055	29.296	11.751	20.910999999999998	16.069000000000003	13.587	30.552	24.886999999999997	31.016	12.307	19.773	12.547	14.165	29.88	29.315	31.444000000000003
47.8413	12.933	18.984	13.514000000000001	14.142999999999999	31.83	26.846	28.142	11.323	21.24	15.674000000000001	13.818	30.849	25.513	30.752	12.011	20.037	12.217	14.363	29.682	29.81	32.235
48.008	12.706	19.364	13.694	13.369000000000002	32.043	26.904	26.914	11.364	20.761	15.517000000000001	13.437000000000001	30.500999999999998	25.608	31.329	11.88	19.855999999999998	12.002	14.043	29.596999999999998	28.443	31.717
48.17477	12.772	19.496	13.793	14.488	32.076	25.884	27.934	11.693	20.729	15.747	13.339	29.974	25.213	30.868000000000002	12.175999999999998	19.757	12.397	13.912	30.124000000000002	29.068	31.256
48.3413	13.167	19.167	13.365	13.994000000000002	33.326	25.489	27.967	11.792	21.255	15.253	14.095999999999998	30.896	25.114	30.375	12.341	19.889	12.397	14.437999999999999	30.221999999999998	29.166999999999998	31.158
48.50805	12.927	19.493	13.713	14.013	31.284000000000002	26.206999999999997	28.489	11.484000000000002	20.561999999999998	15.472000000000001	14.115	30.533	25.14	30.899	12.562999999999999	19.393	12.218	14.262	29.267	28.605	30.104
48.67474	13.068	19.101	13.595	13.960999999999999	31.45	25.72	27.473000000000003	11.495999999999999	20.564	16.01	13.997	31.686	25.509	30.572	11.88	19.658	12.167	14.01	29.63	29.134	29.578000000000003
48.84145	13.017999999999999	19.22	14.168	14.007	30.416999999999998	25.145	27.755	11.609000000000002	20.288	16.157	14.01	31.576	25.526999999999997	30.263	12.192	19.415	12.08	14.222000000000001	30.145	28.99	28.743000000000002
49.00803	13.167	19.2	13.76	13.764000000000001	30.759	25.094	27.835	11.693	20.531	16.01	14.194	30.271	24.916999999999998	30.868000000000002	11.979000000000001	19.362000000000002	12.068	13.714	29.729	28.969	28.491999999999997
49.17472	13.657	19.024	13.968	13.772	30.781999999999996	25.134	26.86	11.847000000000001	20.457	16.0	13.843	30.495	24.228	30.694000000000003	11.878	19.253	11.747	14.390999999999998	29.526	27.97	28.122
49.34134	13.376	19.143	13.485999999999999	14.082	29.878	25.712	26.878	11.597000000000001	19.917	15.75	13.724	30.945999999999998	24.873	31.276	12.852	19.703	12.387	13.81	29.383000000000003	28.122	29.068
49.50816	13.172	19.258	13.915999999999999	13.853	29.63	24.711	27.525	11.527999999999999	20.327	16.11	13.857000000000001	30.398000000000003	25.39	30.96	12.052	19.387999999999998	12.255999999999998	13.908	29.495	29.721	28.487
49.67491	13.294	19.222	13.968	14.267000000000001	30.188000000000002	25.596	27.256	11.484000000000002	20.589000000000002	16.230999999999998	13.380999999999998	30.528000000000002	23.964000000000002	30.660999999999998	12.735999999999999	19.484	12.44	14.390999999999998	29.526	28.168000000000003	28.518
49.84141	13.135	19.042	13.802	14.464	30.073	25.078000000000003	26.278000000000002	11.784	20.212	15.838	14.008	30.449	24.568	30.217	12.282	18.874000000000002	12.175	14.161	29.48	27.822	28.405
50.00819	13.055	19.509	13.863	14.525	28.956999999999997	24.695999999999998	27.18	11.245999999999999	19.852999999999998	16.223	14.265999999999998	30.815	23.758000000000003	29.1	12.265999999999998	19.045	11.84	14.384	29.054000000000002	28.389	27.947
50.17479	12.945	19.746	13.709000000000001	14.173	30.875999999999998	25.285	26.287	11.725999999999999	20.057000000000002	15.747	13.915	31.055	24.808000000000003	29.235	12.620999999999999	19.017	11.917	14.135	29.921	28.13	27.820999999999998
50.34149	13.085999999999999	19.021	13.459000000000001	13.989	29.095	25.028000000000002	26.458000000000002	11.572000000000001	20.422	15.427	13.863	30.031999999999996	24.353	30.494	11.969000000000001	19.052	11.469000000000001	13.817	29.063000000000002	27.934	27.658
50.50824	13.011	19.25	13.974	13.578	28.464000000000002	25.781	25.924	11.395	20.519000000000002	15.648	13.452	30.592	23.585	30.128	12.39	19.017	12.082	14.267999999999999	29.491	26.807	28.779
50.6749	13.34	19.622	13.933	14.297	29.991	25.784000000000002	26.953000000000003	11.557	19.965	15.677	14.106	30.601	24.843000000000004	29.804000000000002	12.257	19.454	12.405	13.965	29.566999999999997	27.574	26.87
50.84157	13.159	19.567999999999998	14.02	13.921	28.284000000000002	24.179000000000002	26.405	11.542	20.044	15.365	14.126	30.415	23.601999999999997	29.386999999999997	12.208	19.5	11.995	13.984000000000002	29.346999999999998	27.654	28.205
51.00829	12.624	19.451	14.384	14.649000000000001	29.326999999999998	24.136	26.095	11.572000000000001	20.224	15.758	14.193	29.734	24.848000000000003	29.601999999999997	12.299000000000001	18.887	12.36	14.148	29.491999999999997	27.538	27.195999999999998
51.17492	13.075	19.489	14.099	14.595	29.098000000000003	25.122	26.919	11.424000000000001	19.866	16.107	14.106	29.311	24.247	31.194000000000003	12.158	19.587	12.206	14.263	29.831	27.111	27.166999999999998
51.34163	12.987	19.55	14.054	14.154000000000002	28.6	24.268	26.293000000000003	11.704	20.389	15.956	13.895999999999999	28.38	24.287	28.809	12.068	19.383	12.195	15.005999999999998	29.261	27.505	27.063000000000002
51.50827	13.034	19.512	13.927	13.894	28.36	24.419	27.041999999999998	11.417	20.980999999999998	15.57	13.901	29.003	23.743000000000002	28.603	11.356	19.675	11.935	13.991	28.663	27.399	27.72
51.6749	13.499	19.24	13.802	13.968	28.454	24.583000000000002	26.906	11.421	20.641	15.772	13.610999999999999	28.499000000000002	23.808000000000003	28.564	11.225	20.229	12.109000000000002	14.161	29.183000000000003	26.798000000000002	27.513
51.84161	13.159	19.899	14.085999999999999	14.482999999999999	29.375999999999998	24.509	26.405	11.509	20.772	15.993	14.192	27.405	24.098000000000003	28.858	12.241	19.764	12.027999999999999	14.182	29.81	27.588	26.651
52.00834	13.210999999999999	20.035	13.75	14.247	28.623	23.533	25.954	11.399000000000001	20.412	16.015	14.186	27.578000000000003	23.09	28.833000000000002	12.39	19.934	11.958	14.339	29.449	26.669	27.384
