evolved_compound,grown_compound,strain,repl,growth_rate,rel_growth_rate,growth_ratio,exp_name
NA,M9,MG1655,1,0.5747677312350904,-0.08935491745785396,0.8654541933877533,12PD
"1,2-propanediol",M9,12PD1-4,1,0.8863361826849988,0.22221353399205446,1.3345971326672739,12PD
NA,M9,MG1655,2,0.6196985218244934,-0.044424126868450986,0.9331085501211533,12PD
"1,2-propanediol",M9,12PD1-4,2,0.9501298201794732,0.2860071714865289,1.4306541450580217,12PD
"1,2-propanediol",M9,12PD2-5,3,0.9222113973399987,0.25808874864705433,1.388616092456713,12PD
"1,2-propanediol",M9,12PD3-7,1,0.7705967922977572,0.10647414360481289,1.1603230123447288,12PD
"1,2-propanediol",M9,12PD3-10,2,0.7000082619865913,0.03588561329364692,1.0540346174976463,12PD
"1,2-propanediol",M9,12PD4-8,3,0.7215708361854278,0.05744818749248348,1.0865023766401385,12PD
"1,2-propanediol",M9,12PD5-3,1,0.8519612502347235,0.18783860154177912,1.2828372167572708,12PD
"1,2-propanediol",M9,12PD6-3,2,0.7677775952402516,0.10365494654730723,1.1560780177446288,12PD
"1,2-propanediol",M9,12PD6-9,3,0.7339264065357844,0.0698037578428401,1.1051067268677262,12PD
"1,2-propanediol",M9,12PD7-7,1,0.6732798442063289,0.009157195513384564,1.0137884102152017,12PD
"1,2-propanediol",M9,12PD8-7,2,0.8290522483641947,0.16492959967125032,1.2483420795779925,12PD
NA,M9,MG1655,3,0.7151363154661496,0.05101366677320529,1.0768136230161778,12PD
"1,2-propanediol",M9,12PD1-4,3,0.9751221464302869,0.3109994977373426,1.4682862395212974,12PD
"1,2-propanediol",M9,12PD2-8,1,0.840908255955201,0.17678560726225667,1.2661942151953216,12PD
"1,2-propanediol",M9,12PD3-7,2,0.7131371587364508,0.04901451004350643,1.0738034008326196,12PD
"1,2-propanediol",M9,12PD3-10,3,0.7476787031127193,0.08355605441977498,1.1258141919782756,12PD
"1,2-propanediol",M9,12PD4-9,1,0.847092246589637,0.18296959789669265,1.2755057341543674,12PD
"1,2-propanediol",M9,12PD5-3,2,0.7508016254076805,0.08667897671473612,1.130516519629813,12PD
"1,2-propanediol",M9,12PD6-3,3,0.7222872263144965,0.05816457762155214,1.0875810781879303,12PD
"1,2-propanediol",M9,12PD7-5,1,0.6192674510377458,-0.04485519765519852,0.9324594670224277,12PD
"1,2-propanediol",M9,12PD7-7,2,0.7185568404405711,0.05443419174762676,1.0819640647021425,12PD
"1,2-propanediol",M9,12PD8-7,3,0.8772739246001326,0.2131512759071883,1.320951674102201,12PD
NA,M9,MG1655,4,0.7134393472780519,0.049316698585107566,1.0742584200104717,12PD
"1,2-propanediol",M9,12PD1-10,1,0.9054802199401522,0.2413575712472078,1.3634231895602749,12PD
"1,2-propanediol",M9,12PD2-8,2,0.6059762589414316,-0.05814638975151276,0.9124463081240336,12PD
"1,2-propanediol",M9,12PD3-7,3,0.833772118674171,0.16964946998122665,1.2554490052629776,12PD
"1,2-propanediol",M9,12PD4-6,1,0.8367041904729788,0.1725815417800345,1.259863960549593,12PD
"1,2-propanediol",M9,12PD4-9,2,0.7118292580535053,0.047706609360560925,1.0718340346537676,12PD
"1,2-propanediol",M9,12PD5-3,3,0.864483770203579,0.20036112151063468,1.3016929506996398,12PD
"1,2-propanediol",M9,12PD6-6,1,0.7562778628227772,0.09215521412983285,1.138762342033061,12PD
"1,2-propanediol",M9,12PD7-5,2,0.712229156313678,0.04810650762073365,1.0724361798463158,12PD
"1,2-propanediol",M9,12PD7-7,3,0.6773997224733997,0.013277073780455395,1.0199919003012259,12PD
"1,2-propanediol",M9,12PD8-10,1,0.9151614539015089,0.2510388052085646,1.378000668555172,12PD
NA,M9,MG1655,5,0.6975713276609362,0.03344867896799186,1.0503652134644437,12PD
"1,2-propanediol",M9,12PD1-10,2,0.8833615300316273,0.21923888133868297,1.3301180614306192,12PD
"1,2-propanediol",M9,12PD2-8,3,0.7242576849862021,0.06013503629325778,1.0905480883863985,12PD
"1,2-propanediol",M9,12PD3-8,1,0.6669556285053128,0.002832979812368408,1.0042657479276516,12PD
"1,2-propanediol",M9,12PD4-6,2,0.7220912716996775,0.05796862300673311,1.087286020316911,12PD
"1,2-propanediol",M9,12PD4-9,3,0.81662015781681,0.15249750912386562,1.22962250937232,12PD
"1,2-propanediol",M9,12PD5-9,1,0.9204886987411923,0.256366050048248,1.3860221459888478,12PD
"1,2-propanediol",M9,12PD6-6,2,0.7140150556802749,0.04989240698733055,1.0751252906154058,12PD
"1,2-propanediol",M9,12PD7-5,3,0.8136622137135071,0.14953956502056276,1.225168596967549,12PD
"1,2-propanediol",M9,12PD8-6,1,0.6861234284661106,0.02200077977316628,1.0331275854188469,12PD
"1,2-propanediol",M9,12PD8-10,2,0.9184051746759293,0.25428252598298495,1.38288488803,12PD
"1,2-propanediol",M9,12PD1-2,1,0.9752063725005695,0.31108372380762517,1.4684130625869591,12PD
"1,2-propanediol",M9,12PD1-10,3,0.7634659917817068,0.09934334308876247,1.1495858382247308,12PD
"1,2-propanediol",M9,12PD2-9,1,0.7162813908356174,0.05215874214267302,1.0785378156359016,12PD
"1,2-propanediol",M9,12PD3-8,2,0.7488725606889672,0.08474991199602289,1.12761183820913,12PD
"1,2-propanediol",M9,12PD4-6,3,0.7486670738506246,0.08454442515768024,1.1273024272309815,12PD
"1,2-propanediol",M9,12PD5-1,1,0.7045137922746866,0.04039114358174223,1.0608188015590732,12PD
"1,2-propanediol",M9,12PD5-9,2,0.7897785637722471,0.12565591507930274,1.1892058873863214,12PD
"1,2-propanediol",M9,12PD6-6,3,0.7526000815392414,0.08847743284629705,1.133224537697109,12PD
"1,2-propanediol",M9,12PD7-6,1,0.6726574105166911,0.008534761823746795,1.012851183197176,12PD
"1,2-propanediol",M9,12PD8-6,2,0.8760637642939607,0.21194111560101636,1.319129480101509,12PD
"1,2-propanediol",M9,12PD8-10,3,0.8913402535680425,0.22721760487509812,1.3421319922190331,12PD
"1,2-propanediol",M9,12PD1-2,2,0.929691983467366,0.2655693347744217,1.3998799548503382,12PD
"1,2-propanediol",M9,12PD2-5,1,0.9061348087219462,0.24201216002900183,1.36440883397864,12PD
"1,2-propanediol",M9,12PD2-9,2,0.7483276641424935,0.08420501544954917,1.1267913624317323,12PD
"1,2-propanediol",M9,12PD3-8,3,0.7208545915681337,0.056731942875189345,1.0854238941961145,12PD
"1,2-propanediol",M9,12PD4-8,1,0.6673475141172532,0.003224865424308887,1.0048558281074373,12PD
"1,2-propanediol",M9,12PD5-1,2,0.7078225010616541,0.04369985236870977,1.0658008764717106,12PD
"1,2-propanediol",M9,12PD5-9,3,0.6943980161694792,0.03027536747653481,1.0455870124834916,12PD
"1,2-propanediol",M9,12PD6-9,1,0.6273820766296065,-0.036740572063337806,0.9446780317827638,12PD
"1,2-propanediol",M9,12PD7-6,2,0.6505000934061738,-0.013622555286770588,0.9794878923138955,12PD
"1,2-propanediol",M9,12PD8-6,3,0.8451316319318187,0.18100898323887438,1.2725535465401112,12PD
"1,2-propanediol",M9,12PD1-2,3,0.8366540117894377,0.1725313630964933,1.2597884041992111,12PD
"1,2-propanediol",M9,12PD2-5,2,0.7833485218725545,0.1192258731796102,1.1795238777268895,12PD
"1,2-propanediol",M9,12PD2-9,3,0.6498013402525556,-0.014321308440388703,0.9784357475707621,12PD
"1,2-propanediol",M9,12PD3-10,1,0.5879869337929491,-0.07613571489999527,0.8853589543289369,12PD
"1,2-propanediol",M9,12PD4-8,2,0.732098703759163,0.06797605506621862,1.102354670782576,12PD
"1,2-propanediol",M9,12PD5-1,3,0.6959700628881597,0.03184741419521531,1.0479541154904053,12PD
"1,2-propanediol",M9,12PD6-3,1,0.7021868474321479,0.038064198739203525,1.0573150137465082,12PD
"1,2-propanediol",M9,12PD6-9,2,0.6928131406500655,0.028690491957121145,1.04320059256161,12PD
"1,2-propanediol",M9,12PD7-6,3,0.6287848407160734,-0.035337807976870916,0.9467902381489036,12PD
"1,2-propanediol",M9,12PD8-7,1,0.7020577913754138,0.03793514268246945,1.0571206881095372,12PD
NA,M9,MG1655,1,0.5590983749398931,-0.06694385860606011,0.8930681429799316,23BD
"2,3-butanediol",M9,23BD1-8,1,0.5446058935974438,-0.0814363399485094,0.8699187761067693,23BD
NA,M9,MG1655,2,0.6009953031785767,-0.025046930367376485,0.9599916283195326,23BD
"2,3-butanediol",M9,23BD1-8,2,0.6234939176839518,-0.002548315862001438,0.995929482508604,23BD
"2,3-butanediol",M9,23BD2-4,3,0.5712740083460704,-0.05476822519988278,0.9125167244873063,23BD
"2,3-butanediol",M9,23BD3-3,1,0.6456234060915489,0.01958117254559566,1.0312777181735588,23BD
"2,3-butanediol",M9,23BD3-9,2,0.6545202239886735,0.028477990442720258,1.0454889285686344,23BD
"2,3-butanediol",M9,23BD4-4,3,0.4638744508708899,-0.16216778267506332,0.7409635101508535,23BD
"2,3-butanediol",M9,23BD5-7,1,0.7311262669603973,0.10508403341444406,1.1678545436451462,23BD
"2,3-butanediol",M9,23BD6-1,2,0.6638655437622475,0.03782331021629426,1.0604165473023441,23BD
"2,3-butanediol",M9,23BD7-10,3,0.7086801487313241,0.08263791518537089,1.1320005436650866,23BD
"2,3-butanediol",M9,23BD7-7,1,0.7198684324842721,0.0938261989383189,1.1498719957068708,23BD
"2,3-butanediol",M9,23BD8-5,2,0.6845417615196059,0.058499527973652654,1.093443420969072,23BD
NA,M9,MG1655,3,0.6047810618467203,-0.021261171699232917,0.9660387581540498,23BD
"2,3-butanediol",M9,23BD1-8,3,0.6384667503236229,0.012424516777669647,1.0198461319570984,23BD
"2,3-butanediol",M9,23BD2-7,1,0.6846025857958166,0.058560352249863334,1.0935405777948444,23BD
"2,3-butanediol",M9,23BD3-3,2,0.6746700336837791,0.04862780013782586,1.0776749515162805,23BD
"2,3-butanediol",M9,23BD3-9,3,0.6107396846967258,-0.015302548849227438,0.97555668287337,23BD
"2,3-butanediol",M9,23BD4-7,1,0.6760854917417428,0.050043258195789586,1.0799359140873621,23BD
"2,3-butanediol",M9,23BD5-7,2,0.7177867331934381,0.09174449964748488,1.14654682181398,23BD
"2,3-butanediol",M9,23BD6-1,3,0.8318525674682844,0.20581033392233117,1.3287483222283663,23BD
"2,3-butanediol",M9,23BD7-4,1,0.727476525060826,0.10143429151487282,1.1620246783357424,23BD
"2,3-butanediol",M9,23BD7-7,2,0.6846300467916754,0.05858781324572215,1.0935844422410228,23BD
"2,3-butanediol",M9,23BD8-5,3,0.8226871347776251,0.1966449012316719,1.3141080436664143,23BD
NA,M9,MG1655,4,0.6695540830024926,0.04351184945653941,1.0695030576612776,23BD
"2,3-butanediol",M9,23BD1-9,1,0.5766037855213243,-0.049438448024628934,0.9210301711681564,23BD
"2,3-butanediol",M9,23BD2-7,2,0.7035826655710105,0.07754043202505723,1.1238581486521477,23BD
"2,3-butanediol",M9,23BD3-3,3,0.6659369514453609,0.03989471789940768,1.0637252820363905,23BD
"2,3-butanediol",M9,23BD4-3,1,0.684733833627859,0.05869160008190577,1.0937502247244117,23BD
"2,3-butanediol",M9,23BD4-7,2,0.6259521012102638,-9.013233568944123e-05,0.9998560283462364,23BD
"2,3-butanediol",M9,23BD5-7,3,0.7349606365869339,0.10891840304098066,1.173979321529249,23BD
"2,3-butanediol",M9,23BD2-5,1,0.7329956488613016,0.10695341531534841,1.1708405752588857,23BD
"2,3-butanediol",M9,23BD7-4,2,0.8582834717558503,0.23224123820989706,1.3709673657230186,23BD
"2,3-butanediol",M9,23BD7-7,3,0.742079030123496,0.11603679657754273,1.1853497900937147,23BD
"2,3-butanediol",M9,23BD8-7,1,0.801466260421856,0.17542402687590275,1.2802111702309396,23BD
NA,M9,MG1655,5,0.6957823447620833,0.06974011121613011,1.1113984128852084,23BD
"2,3-butanediol",M9,23BD1-9,2,0.5939612053300805,-0.032081028215872776,0.948755808319571,23BD
"2,3-butanediol",M9,23BD2-7,3,0.6777230859960874,0.05168085245013421,1.0825517028737976,23BD
"2,3-butanediol",M9,23BD3-4,1,0.6025719542675613,-0.02347027927839196,0.9625100703742391,23BD
"2,3-butanediol",M9,23BD4-3,2,0.7001343126198499,0.0740920790738967,1.118349969225292,23BD
"2,3-butanediol",M9,23BD4-7,3,0.6837973288393333,0.057755095293380077,1.0922543116081012,23BD
"2,3-butanediol",M9,23BD5-10,1,0.6380207901587192,0.011978556612765923,1.0191337835866414,23BD
"2,3-butanediol",M9,23BD2-5,2,0.71006064420697,0.08401841066101678,1.134205659233451,23BD
"2,3-butanediol",M9,23BD7-4,3,0.7232383969474536,0.09719616340150039,1.155254962354494,23BD
"2,3-butanediol",M9,23BD8-2,1,0.8023956658011417,0.1763534322551885,1.2816957432029923,23BD
"2,3-butanediol",M9,23BD8-7,2,0.7970672533916858,0.1710250198457326,1.2731844765121247,23BD
"2,3-butanediol",M9,23BD1-6,1,0.608269341419679,-0.017772892126274198,0.9716107138241982,23BD
"2,3-butanediol",M9,23BD1-9,3,0.5849894144873894,-0.04105281905856384,0.9344248409152248,23BD
"2,3-butanediol",M9,23BD2-9,1,0.5980502219773834,-0.027992011568569786,0.9552873431397418,23BD
"2,3-butanediol",M9,23BD3-4,2,0.5875337313778688,-0.038508502168084435,0.93848897070415,23BD
"2,3-butanediol",M9,23BD4-3,3,0.6508824019022016,0.02484016835624836,1.0396781032096696,23BD
"2,3-butanediol",M9,23BD5-1,1,0.5858009299787864,-0.04024130356716682,0.9357211040871207,23BD
"2,3-butanediol",M9,23BD5-10,2,0.5241399103879587,-0.10190232315799452,0.8372277177199187,23BD
"2,3-butanediol",M9,23BD2-5,3,0.7370069570808115,0.11096472353485831,1.177247983584662,23BD
"2,3-butanediol",M9,23BD7-5,1,0.7196282959486516,0.0935860624026984,1.149488416895805,23BD
"2,3-butanediol",M9,23BD8-2,2,0.8172337809228271,0.19119154737687383,1.305397203466529,23BD
"2,3-butanediol",M9,23BD8-7,3,0.6860639925384084,0.06002175899245521,1.0958749358689224,23BD
"2,3-butanediol",M9,23BD1-6,2,0.5863150418277407,-0.039727191718212485,0.9365423136180534,23BD
"2,3-butanediol",M9,23BD2-4,1,0.5332543618882065,-0.09278787165774671,0.8517865621745856,23BD
"2,3-butanediol",M9,23BD2-9,2,0.667346671800871,0.04130443825491781,1.0659770795669266,23BD
"2,3-butanediol",M9,23BD3-4,3,0.5734085313448851,-0.05263370220106811,0.9159262756077228,23BD
"2,3-butanediol",M9,23BD4-4,1,0.4963077216662914,-0.12973451187966184,0.7927703516984227,23BD
"2,3-butanediol",M9,23BD5-1,2,0.6379289440314018,0.011886710485448537,1.0189870744312588,23BD
"2,3-butanediol",M9,23BD5-10,3,0.8165021203058709,0.19045988675991765,1.304228495386226,23BD
"2,3-butanediol",M9,23BD7-10,1,0.6974300034727261,0.07138776992677287,1.1140302779932703,23BD
"2,3-butanediol",M9,23BD7-5,2,0.7044415285958853,0.07839929504993204,1.1252300417591192,23BD
"2,3-butanediol",M9,23BD8-2,3,0.8223977408045176,0.19635550725856432,1.3136457841612235,23BD
"2,3-butanediol",M9,23BD1-6,3,0.530594522939253,-0.09544771060670021,0.8475379048054366,23BD
"2,3-butanediol",M9,23BD2-4,2,0.5857312965602225,-0.04031093698573074,0.9356098760982844,23BD
"2,3-butanediol",M9,23BD2-9,3,0.6500083187398946,0.02396608519394139,1.0382818984243212,23BD
"2,3-butanediol",M9,23BD3-9,1,0.6024488538680396,-0.02359337967791364,0.9623134376345844,23BD
"2,3-butanediol",M9,23BD4-4,2,0.5761275176126082,-0.049914715933345066,0.9202694111376095,23BD
"2,3-butanediol",M9,23BD5-1,3,0.6598197524900056,0.03377751894405234,1.0539540579438766,23BD
"2,3-butanediol",M9,23BD6-1,1,0.790348497360053,0.16430626381409974,1.2624523634507148,23BD
"2,3-butanediol",M9,23BD7-10,2,0.6486839942485499,0.022641760702596714,1.0361665068095358,23BD
"2,3-butanediol",M9,23BD7-5,3,0.8124249065732757,0.18638267302732248,1.297715813790447,23BD
"2,3-butanediol",M9,23BD8-5,1,0.7765252586375999,0.15048302509164668,1.24037200212404,23BD
NA,M9,MG1655,1,0.7685048566374965,0.018141647743053824,1.0241771551803334,ADIP
adipate,M9,ADIP1-6,1,0.6516145477110551,-0.09874866118338754,0.8683988500330657,ADIP
adipate,M9,ADIP8-13,0,0.6280500015946305,-0.1223132072998121,0.8369946635842876,ADIP
NA,M9,MG1655,2,0.7889685159648646,0.03860530707042198,1.0514488271983666,ADIP
adipate,M9,ADIP1-6,2,0.6168599863320995,-0.13350322256234315,0.8220818651822738,ADIP
adipate,M9,ADIP2-5,3,0.7500172478031192,-0.00034596109132345454,0.9995389418254752,ADIP
adipate,M9,ADIP3-2,1,0.7000487136160342,-0.05031449527840848,0.9329464788758234,ADIP
adipate,M9,ADIP3-8,2,0.7335969456225692,-0.01676626327187347,0.9776558031188972,ADIP
adipate,M9,ADIP4-4,3,0.6726722622917066,-0.07769094660273601,0.8964622123235453,ADIP
adipate,M9,ADIP5-5,1,0.6580230857557445,-0.0923401231386981,0.8769394314058273,ADIP
adipate,M9,ADIP6-10,3,0.7318078525166685,-0.018555356377774168,0.9752715003110122,ADIP
adipate,M9,ADIP6-3,2,0.7588687886132143,0.008505579718771639,1.0113352835239662,ADIP
adipate,M9,ADIP7-10,1,0.6799960993601897,-0.07036710953425296,0.9062226016678919,ADIP
adipate,M9,ADIP8-7,2,0.6747416125331036,-0.07562159636133903,0.8992200104363365,ADIP
adipate,M9,ADIP8-14,0,0.698697851823102,-0.05166535707134068,0.9311462016541796,ADIP
NA,M9,MG1655,3,0.7553828890154073,0.0050196801209646535,1.006689667165799,ADIP
adipate,M9,ADIP1-6,3,0.6829706501368678,-0.06739255875757488,0.9101867496184034,ADIP
adipate,M9,ADIP2-6,1,0.7698023600530017,0.019439151158559098,1.0259063223358191,ADIP
adipate,M9,ADIP3-2,2,0.7188222573637182,-0.03154095153072445,0.9579657542416082,ADIP
adipate,M9,ADIP3-8,3,0.7159852806678947,-0.03437792822654795,0.9541849496096709,ADIP
adipate,M9,ADIP4-8,1,0.6730808131183921,-0.07728239577605056,0.8970066830836289,ADIP
adipate,M9,ADIP5-5,2,0.6536914021657206,-0.096671806728722,0.871166648920388,ADIP
adipate,M9,ADIP7-2,1,0.7129944010389184,-0.03736880785552421,0.9501990403946083,ADIP
adipate,M9,ADIP6-3,3,0.7187987482194026,-0.03156446067504004,0.9579344238884714,ADIP
adipate,M9,ADIP7-10,2,0.7336302951039684,-0.016732913790474258,0.9777002475706026,ADIP
adipate,M9,ADIP8-7,3,0.6765493535393325,-0.07381385535511009,0.9016291650761173,ADIP
adipate,M9,ADIP8-15,0,0.7552921659940738,0.004928957099631148,1.0065687616892802,ADIP
NA,M9,MG1655,4,0.7346023242170672,-0.015760884677375464,0.9789956590481069,ADIP
adipate,M9,ADIP1-9,1,0.7190855665998286,-0.03127764229461405,0.9583166632853743,ADIP
adipate,M9,ADIP2-6,2,0.7645690950930354,0.014205886198592754,1.0189320132306636,ADIP
adipate,M9,ADIP3-2,3,0.6361673083459582,-0.11419590054848439,0.8478125004066546,ADIP
adipate,M9,ADIP4-1,1,0.7122640231285401,-0.03809918576590254,0.9492256745609416,ADIP
adipate,M9,ADIP4-8,2,0.7030384601101708,-0.04732474878427184,0.9369308779757494,ADIP
adipate,M9,ADIP5-5,3,0.667995031313391,-0.08236817758105164,0.8902289230006227,ADIP
adipate,M9,ADIP7-2,2,0.7660736153397512,0.015710406445308522,1.0209370692207254,ADIP
adipate,M9,ADIP6-9,1,0.7062841199690502,-0.04407908892539247,0.9412563297308553,ADIP
adipate,M9,ADIP7-10,3,0.7280393220164489,-0.022323886877993693,0.9702492251573943,ADIP
adipate,M9,ADIP8-10,1,0.6521646971562288,-0.09819851173821381,0.8691320275644966,ADIP
adipate,M9,ADIP8-16,0,0.695017062812042,-0.05534614608240063,0.926240858525106,ADIP
NA,M9,MG1655,5,0.7043574586373775,-0.0460057502570651,0.9386886914073942,ADIP
adipate,M9,ADIP1-9,2,0.6890040400713155,-0.061359168823127086,0.9182273756284888,ADIP
adipate,M9,ADIP2-6,3,0.7277400342032698,-0.02262317469117281,0.9698503678978279,ADIP
adipate,M9,ADIP3-4,1,0.7185816161741466,-0.031781592720296015,0.9576450546301146,ADIP
adipate,M9,ADIP4-1,2,0.6568943070765993,-0.09346890181784329,0.8754351216718675,ADIP
adipate,M9,ADIP4-8,3,0.6810720521376671,-0.06929115675677555,0.907656510959717,ADIP
adipate,M9,ADIP5-6,1,0.634461786817903,-0.11590142207653964,0.8455395724327895,ADIP
adipate,M9,ADIP7-2,3,0.7438428850170274,-0.006520323877415191,0.9913104429959699,ADIP
adipate,M9,ADIP6-9,2,0.7025275693471331,-0.047835639547309516,0.936250020016588,ADIP
adipate,M9,ADIP8-3,1,0.653537862059657,-0.09682534683478561,0.8709620278725493,ADIP
adipate,M9,ADIP8-10,2,0.6610012222512422,-0.08936198664320039,0.8809083580005701,ADIP
adipate,M9,ADIP8-17,0,0.7484256137262422,-0.0019375951682004677,0.9974177902844474,ADIP
adipate,M9,ADIP1-1,1,0.8127708957014862,0.06240768680704356,1.083169971644789,ADIP
adipate,M9,ADIP1-9,3,0.6931095712538129,-0.05725363764062974,0.9236987675275482,ADIP
adipate,M9,ADIP2-10,1,0.7733190197053557,0.022955810810913024,1.0305929322477514,ADIP
adipate,M9,ADIP3-4,2,0.8310704311889837,0.08070722229454108,1.1075575419182027,ADIP
adipate,M9,ADIP4-1,3,0.6974659762704096,-0.05289723262403301,0.92950449596007,ADIP
adipate,M9,ADIP5-2,1,0.6894417523481087,-0.06092145654633396,0.9188107095014781,ADIP
adipate,M9,ADIP5-6,2,0.6304182409188295,-0.11994496797561316,0.8401507875734797,ADIP
adipate,M9,ADIP7-5,1,0.7411400047647095,-0.009223204129733098,0.9877083470772478,ADIP
adipate,M9,ADIP6-9,3,0.6711612745937918,-0.07920193430065081,0.8944485372392604,ADIP
adipate,M9,ADIP8-3,2,0.5598068549049606,-0.190556353989482,0.7460478449226733,ADIP
adipate,M9,ADIP8-10,3,0.6639665774784868,-0.08639663141595588,0.8848602511532389,ADIP
adipate,M9,ADIP8-18,0,0.7243840285892361,-0.025979180305206517,0.9653778596854672,ADIP
adipate,M9,ADIP1-1,2,0.7480929770485064,-0.0022702318459362214,0.9969744893952343,ADIP
adipate,M9,ADIP2-5,1,0.7291988064106067,-0.021164402483835887,0.9717944560274767,ADIP
adipate,M9,ADIP2-10,2,0.751446223691182,0.0010830147967393344,1.0014433207597357,ADIP
adipate,M9,ADIP3-4,3,0.7145413934065861,-0.03582181548785657,0.952260698468099,ADIP
adipate,M9,ADIP4-4,1,0.6367398860771687,-0.11362332281727394,0.8485755678444279,ADIP
adipate,M9,ADIP5-2,2,0.6545107740466667,-0.09585243484777595,0.872258615945468,ADIP
adipate,M9,ADIP5-6,3,0.6386118610668116,-0.11175134782763108,0.8510703263393186,ADIP
adipate,M9,ADIP7-5,2,0.7346181788657394,-0.0157450300287032,0.9790167883472041,ADIP
adipate,M9,ADIP6-10,1,0.7245774091085194,-0.025785799785923214,0.9656355755715754,ADIP
adipate,M9,ADIP8-3,3,0.6359902781585293,-0.11437293073591337,0.8475765744106428,ADIP
adipate,M9,ADIP8-11,0,0.6602397148054387,-0.09012349408900389,0.8798935062104277,ADIP
adipate,M9,ADIP8-19,0,0.7248237632316946,-0.025539445662748017,0.9659638887407914,ADIP
adipate,M9,ADIP1-1,3,0.8679265760572031,0.1175633671627605,1.156675281742523,ADIP
adipate,M9,ADIP2-5,2,0.6912454652430434,-0.05911774365139921,0.9212144959259115,ADIP
adipate,M9,ADIP2-10,3,0.695504430463629,-0.05485877843081366,0.926890367517298,ADIP
adipate,M9,ADIP3-8,1,0.6860560254289259,-0.06430718346551678,0.914298592064149,ADIP
adipate,M9,ADIP4-4,2,0.5744500089416912,-0.17591319995275145,0.7655625997282897,ADIP
adipate,M9,ADIP5-2,3,0.666395520352813,-0.08396768854162961,0.8880972740316726,ADIP
adipate,M9,ADIP6-3,1,0.7141475677390912,-0.036215641155351475,0.9517358517501008,ADIP
adipate,M9,ADIP7-5,3,0.6800573553152016,-0.07030585357924102,0.9063042367404619,ADIP
adipate,M9,ADIP6-10,2,0.7017984308157382,-0.04856477807870441,0.9352783058883472,ADIP
adipate,M9,ADIP8-7,1,0.6080984615370285,-0.14226474735741412,0.8104054867415185,ADIP
adipate,M9,ADIP8-12,0,0.6200233551707438,-0.13033985372369883,0.8262976486870448,ADIP
adipate,M9,ADIP8-20,0,0.6324080938699642,-0.11795511502447842,0.8428026406061817,ADIP
NA,M9,MG1655,1,0.5959203706097905,-0.012343980959748424,0.9797062232434031,BUT
butanol,M9,BUT1-3,1,0.7049649989994248,0.09670064742988582,1.1589779956368702,BUT
NA,M9,MG1655,2,0.6049367786076758,-0.0033275729618631456,0.9945293967116816,BUT
butanol,M9,BUT1-3,2,0.72996175063551,0.1216973990659711,1.2000732062497965,BUT
butanol,M9,BUT2-1,3,0.7820966915594944,0.1738323399899554,1.285784198172071,BUT
butanol,M9,BUT3-3,1,0.7408160804734074,0.13255172890386846,1.2179179637304698,BUT
butanol,M9,BUT3-7,2,0.7190737114009357,0.11080935983139673,1.1821730297780382,BUT
butanol,M9,BUT4-7,3,0.733504772670314,0.12524042110077505,1.2058980125624823,BUT
butanol,M9,BUT5-3,1,0.7334862453415706,0.12522189377203163,1.2058675532256895,BUT
butanol,M9,BUT6-1,2,0.7334484603140282,0.12518410874448926,1.2058054338076358,BUT
butanol,M9,BUT6-8,3,0.7265141881090085,0.11824983653946952,1.1944053374726675,BUT
butanol,M9,BUT7-9,1,0.7358174193781694,0.1275530678086304,1.2097000547204484,BUT
butanol,M9,BUT8-7,2,0.7013036513359869,0.09303929976644798,1.152958659382838,BUT
butanol,M9,BUT9-5,3,0.8051487042905228,0.1968843527209838,1.3236822151634433,BUT
NA,M9,MG1655,3,0.6541966194133747,0.04593226784383575,1.075513660672887,BUT
butanol,M9,BUT1-3,3,0.7146050930191632,0.10634074144962424,1.1748265226709853,BUT
butanol,M9,BUT2-8,1,0.7423245967752848,0.1340602452057459,1.2203979977781414,BUT
butanol,M9,BUT3-3,2,0.7223917861279341,0.11412743455839514,1.1876280177588998,BUT
butanol,M9,BUT3-7,3,0.7750083405195206,0.16674398894998166,1.274130792836573,BUT
butanol,M9,BUT4-9,1,0.7725810765046709,0.16431672493513194,1.2701403172997665,BUT
butanol,M9,BUT5-3,2,0.7421555008858847,0.13389114931634571,1.2201200004091293,BUT
butanol,M9,BUT6-1,3,0.795701284598007,0.1874369330284681,1.3081504489697842,BUT
butanol,M9,BUT7-6,1,0.6672931271826065,0.05902877561306752,1.0970446080898086,BUT
butanol,M9,BUT7-9,2,0.7551773984685737,0.14691304689903473,1.241528287034982,BUT
butanol,M9,BUT8-7,3,0.7688260663344353,0.16056171476489633,1.2639669978202568,BUT
butanol,M9,BUT9-7,1,0.7252011079259654,0.11693675635642642,1.1922466047117308,BUT
NA,M9,MG1655,4,0.585745668931939,-0.02251868263759993,0.9629787894367084,BUT
butanol,M9,BUT1-5,1,0.7192698685801125,0.1110055170105736,1.1824955165038684,BUT
butanol,M9,BUT2-8,2,0.7462092938485869,0.13794494227904797,1.2267845253845648,BUT
butanol,M9,BUT3-3,3,0.7656049825277456,0.1573406309582066,1.2586714650500423,BUT
butanol,M9,BUT4-4,1,0.7445546773753873,0.13629032580584832,1.224064299435222,BUT
butanol,M9,BUT4-9,2,0.7692079155442697,0.16094356397473075,1.2645947663371016,BUT
butanol,M9,BUT5-3,3,0.7563458436517614,0.14808149208222243,1.243449236668431,BUT
butanol,M9,BUT6-3,1,0.7355638887594801,0.12729953718994114,1.2092832447955613,BUT
butanol,M9,BUT7-6,2,0.676470472022783,0.06820612045324403,1.1121323652738286,BUT
butanol,M9,BUT7-9,3,0.7508283451872745,0.14256399361773553,1.234378347588297,BUT
butanol,M9,BUT8-10,1,0.7655710875884177,0.1573067360188788,1.2586157410227499,BUT
butanol,M9,BUT9-7,2,0.7562647331391963,0.14800038156965734,1.2433158891981153,BUT
NA,M9,MG1655,5,0.6005223202849147,-0.007742031284624251,0.98727192993532,BUT
butanol,M9,BUT1-5,2,0.7256911051362572,0.11742675356671828,1.1930521709248871,BUT
butanol,M9,BUT2-8,3,0.7670469574353016,0.15878260586576265,1.2610421035788912,BUT
butanol,M9,BUT3-6,1,0.7411573917058137,0.1328930401362748,1.218479086918974,BUT
butanol,M9,BUT4-4,2,0.7996042503773597,0.19133989880782076,1.3145670107315932,BUT
butanol,M9,BUT4-9,3,0.7311342482723299,0.12286989670279092,1.2020008182063322,BUT
butanol,M9,BUT5-6,1,0.7624607483833805,0.15419639681384156,1.2535022748184401,BUT
butanol,M9,BUT6-3,2,0.7593657610588529,0.15110140948931394,1.2484140474440404,BUT
butanol,M9,BUT7-6,3,0.7356158369083032,0.12735148533876428,1.2093686486971529,BUT
butanol,M9,BUT8-5,1,0.7388092544455024,0.13054490287596343,1.214618697510566,BUT
butanol,M9,BUT8-10,2,0.7453724869633722,0.13710813539383326,1.2254087964222222,BUT
butanol,M9,BUT9-7,3,0.7307120496408618,0.12244769807132283,1.2013067143510285,BUT
butanol,M9,BUT1-2,1,0.836965862070724,0.22870151050118503,1.3759903237976276,BUT
butanol,M9,BUT1-5,3,0.7576464402774613,0.14938208870792236,1.2455874461859606,BUT
butanol,M9,BUT2-9,1,0.8317222128004752,0.22345786123093625,1.3673696488284004,BUT
butanol,M9,BUT3-6,2,0.7599973630570805,0.1517330114875416,1.2494524150495032,BUT
butanol,M9,BUT4-4,3,0.7734944165596281,0.1652300649900892,1.2716418684799409,BUT
butanol,M9,BUT5-2,1,0.7768196646199825,0.16855531305044358,1.2771086495789383,BUT
butanol,M9,BUT5-6,2,0.7913691998293387,0.18310484825979978,1.3010284061318471,BUT
butanol,M9,BUT6-3,3,0.7876760174152477,0.17941166584570878,1.29495673284611,BUT
butanol,M9,BUT7-7,1,0.783060318197064,0.17479596662752506,1.287368421602366,BUT
butanol,M9,BUT8-5,2,0.7883283553299468,0.18006400376040788,1.296029190755267,BUT
butanol,M9,BUT8-10,3,0.7585302938376225,0.15026594226808354,1.247040520918814,BUT
butanol,M9,BUT9-10,1,0.818227004143197,0.2099626525736581,1.3451832283642458,BUT
butanol,M9,BUT1-2,2,0.7712863787545042,0.16302202718496528,1.2680118056636236,BUT
butanol,M9,BUT2-1,1,0.7347017571936293,0.12643740562409034,1.2078658815001022,BUT
butanol,M9,BUT2-9,2,0.7848786401416157,0.17661428857207673,1.290357782954646,BUT
butanol,M9,BUT3-6,3,0.7151484697512659,0.10688411818172694,1.1757198459944722,BUT
butanol,M9,BUT4-7,1,0.7510878311852572,0.14282347961571829,1.2348049482879981,BUT
butanol,M9,BUT5-2,2,0.7278684263775825,0.11960407480804358,1.1966317350333329,BUT
butanol,M9,BUT5-6,3,0.7806000083711054,0.17233565680156648,1.2833236180237737,BUT
butanol,M9,BUT6-8,1,0.7601179266490534,0.15185357507951447,1.2496506242519032,BUT
butanol,M9,BUT7-7,2,0.7479949340133517,0.13973058244381276,1.2297201571705756,BUT
butanol,M9,BUT8-5,3,0.7249552638711934,0.1166909123016544,1.191842431667334,BUT
butanol,M9,BUT9-5,1,0.7268685605615689,0.11860420899202995,1.194987933594972,BUT
butanol,M9,BUT9-10,2,0.7106998289509833,0.10243547738144432,1.1684061824716905,BUT
butanol,M9,BUT1-2,3,0.8179009437264512,0.20963659215691222,1.344647177852812,BUT
butanol,M9,BUT2-1,2,0.6918948493175502,0.08363049774801123,1.1374903814964903,BUT
butanol,M9,BUT2-9,3,0.7905985661092965,0.1823342145397575,1.2997614673114908,BUT
butanol,M9,BUT3-7,1,0.7100840765805022,0.10181972501096326,1.1673938720035657,BUT
butanol,M9,BUT4-7,2,0.790260394180254,0.181996042610715,1.299205505206906,BUT
butanol,M9,BUT5-2,3,0.7472315585194576,0.1389672069499186,1.2284651510339766,BUT
butanol,M9,BUT6-1,1,0.7887599491092108,0.18049559753967181,1.296738740440614,BUT
butanol,M9,BUT6-8,2,0.7615816960729603,0.15331734450342138,1.2520570934459794,BUT
butanol,M9,BUT7-7,3,0.7665460202169014,0.15828166864736248,1.2602185517512892,BUT
butanol,M9,BUT8-7,1,0.73410540494256,0.1258410533730211,1.206885465255865,BUT
butanol,M9,BUT9-5,2,0.7606872081831828,0.15242285661364385,1.2505865356408583,BUT
butanol,M9,BUT9-10,3,0.7553694640497012,0.14710511248016223,1.2418440470834409,BUT
NA,M9,MG1655,1,0.5128373238984609,-0.012440669269126126,0.9763160280252651,COUM
coumarate,M9,COUM1-7,1,0.8763011212323605,0.3510231280647734,1.668261630280752,COUM
NA,M9,MG1655,2,0.5407295322497568,0.015451539082169785,1.0294159269627732,COUM
coumarate,M9,COUM1-7,2,0.8573293793764581,0.3320513862088711,1.6321441037468554,COUM
coumarate,M9,COUM2-3,3,0.699380784375938,0.17410279120835093,1.331448858457705,COUM
coumarate,M9,COUM3-1,1,0.6703223915993334,0.14504439843174632,1.2761288314347308,COUM
coumarate,M9,COUM3-9,2,0.8475006840802362,0.3222226909126491,1.6134326872701208,COUM
coumarate,M9,COUM4-5,3,0.45902312277668045,-0.0662548703909066,0.8738670356407481,COUM
coumarate,M9,COUM5-5,1,0.6628508569726723,0.13757286380508527,1.2619048686496055,COUM
coumarate,M9,COUM6-2,2,0.6831238362862629,0.1578458431186759,1.300499630998849,COUM
coumarate,M9,COUM6-9,3,0.656916615078015,0.13163862191042797,1.250607532816303,COUM
coumarate,M9,COUM7-9,1,0.0,-0.525277993167587,0.0,COUM
coumarate,M9,COUM8-6,2,0.8025714512903396,0.2772934581227525,1.5278984875238883,COUM
coumarate,M9,COUM3-10,3,0.6303106180450136,0.1050326248774266,1.1999562636234724,COUM
NA,M9,MG1655,3,0.5356382321053796,0.010360238937792587,1.0197233447289829,COUM
coumarate,M9,COUM1-7,3,0.7948504735341716,0.26957248036658454,1.5131996464214692,COUM
coumarate,M9,COUM2-4,1,0.7509903782525044,0.2257123850849173,1.4297008213190172,COUM
coumarate,M9,COUM3-1,2,0.8569444252087183,0.3316664320411312,1.6314112457692758,COUM
coumarate,M9,COUM3-9,3,0.7398960007325418,0.21461800756495475,1.4085798574403288,COUM
coumarate,M9,COUM4-10,1,0.4531990965693844,-0.07207889659820266,0.8627795233462098,COUM
coumarate,M9,COUM5-5,2,0.7303891001978505,0.20511110703026347,1.3904810589786576,COUM
coumarate,M9,COUM6-2,3,0.6261976252351037,0.10091963206751664,1.1921261377407806,COUM
coumarate,M9,COUM7-5,1,0.796839766625652,0.271561773458065,1.5169867707962872,COUM
coumarate,M9,COUM7-9,2,0.1758294761199669,-0.34944851704762014,0.334736041499971,COUM
coumarate,M9,COUM8-6,3,0.8320448544316451,0.30676686126405805,1.5840085921250193,COUM
coumarate,M9,COUM4-8,1,0.46627787528844905,-0.059000117879138,0.8876782986407841,COUM
NA,M9,MG1655,4,0.5282384812513327,0.002960488083745605,1.0056360405770912,COUM
coumarate,M9,COUM1-10,1,0.7884256489203109,0.2631476557527238,1.5009683618494332,COUM
coumarate,M9,COUM2-4,2,0.7045104220457287,0.17923242887814161,1.3412144259029686,COUM
coumarate,M9,COUM3-1,3,0.6747200580351312,0.1494420648675442,1.2845009058277177,COUM
coumarate,M9,COUM4-2,1,0.43250977980765365,-0.0927682133599334,0.8233921569786073,COUM
coumarate,M9,COUM4-10,2,0.4813792978883122,-0.04389869527927487,0.9164276900036259,COUM
coumarate,M9,COUM5-5,3,0.667695147030122,0.14241715386253495,1.2711272044802713,COUM
coumarate,M9,COUM6-5,1,0.6339336985991857,0.10865570543159864,1.2068537171648321,COUM
coumarate,M9,COUM7-5,2,0.7539677052530663,0.22868971208547928,1.4353689190487695,COUM
coumarate,M9,COUM7-9,3,0.9178546383832393,0.3925766452156523,1.7473692983943512,COUM
coumarate,M9,COUM8-8,1,0.8497730867744508,0.3244950936068638,1.617758782640139,COUM
coumarate,M9,COUM4-8,2,0.4696436840922826,-0.05563430907530448,0.8940859700978284,COUM
NA,M9,MG1655,5,0.5089463963330053,-0.01633159683458174,0.9689086597058879,COUM
coumarate,M9,COUM1-10,2,0.8423606355705642,0.3170826424029771,1.6036473001483875,COUM
coumarate,M9,COUM2-4,3,0.716915377856064,0.1916373846884769,1.3648304082431568,COUM
coumarate,M9,COUM3-7,1,0.6509487212488891,0.12567072808130209,1.2392461319833126,COUM
coumarate,M9,COUM4-2,2,0.502228414439267,-0.02304957872832003,0.9561192758346414,COUM
coumarate,M9,COUM4-10,3,0.47046471086906816,-0.054813282298518895,0.8956490029822533,COUM
coumarate,M9,COUM5-8,1,0.6339115833651029,0.10863359019751584,1.2068116152028796,COUM
coumarate,M9,COUM6-5,2,0.7830467581556478,0.2577687649880608,1.4907282778660425,COUM
coumarate,M9,COUM7-5,3,0.768719931644489,0.243441938476902,1.4634535267865927,COUM
coumarate,M9,COUM8-1,1,0.7691367696501541,0.24385877648256704,1.464247083743265,COUM
coumarate,M9,COUM8-8,2,0.7989753153176601,0.27369732215007303,1.5210523298331888,COUM
coumarate,M9,COUM4-8,3,0.5068225104221569,-0.018455482745430185,0.9648653037334803,COUM
coumarate,M9,COUM1-2,1,0.825849324884498,0.30057133171691097,1.5722138289182341,COUM
coumarate,M9,COUM1-10,3,0.8066801981462536,0.2814022049786665,1.535720530155328,COUM
coumarate,M9,COUM2-7,1,0.6791477266378859,0.15386973347029886,1.2929300969614532,COUM
coumarate,M9,COUM3-7,2,0.7914719138337253,0.26619392066613823,1.5067677003959512,COUM
coumarate,M9,COUM4-2,3,0.4562706733142961,-0.06900731985329095,0.8686270493893039,COUM
coumarate,M9,COUM5-3,1,0.7702329589575875,0.24495496579000042,1.4663339583538366,COUM
coumarate,M9,COUM5-8,2,0.6456524402474617,0.12037444707987466,1.229163316654444,COUM
coumarate,M9,COUM6-5,3,0.6685540451259171,0.14327605195833004,1.2727623350339343,COUM
coumarate,M9,COUM7-6,1,0.7704640546214118,0.2451860614538247,1.4667739076127628,COUM
coumarate,M9,COUM8-1,2,0.7156938866981911,0.19041589353060406,1.3625049897528316,COUM
coumarate,M9,COUM8-8,3,0.8530482353837071,0.32777024221612006,1.623993859403028,COUM
coumarate,M9,COUM1-2,2,0.7797046608414141,0.25442666767382704,1.484365747248531,COUM
coumarate,M9,COUM2-3,1,0.6807920109595247,0.15551401779193763,1.2960604095635921,COUM
coumarate,M9,COUM2-7,2,0.5669973144188354,0.04171932125124833,1.079423318307451,COUM
coumarate,M9,COUM3-7,3,0.6787531037636068,0.1534751105960197,1.2921788321466083,COUM
coumarate,M9,COUM4-5,1,0.4631469960179204,-0.062130997149666634,0.8817178751864366,COUM
coumarate,M9,COUM5-3,2,0.7797931103291623,0.25451511716157527,1.4845341333010569,COUM
coumarate,M9,COUM5-8,3,0.6545753891700407,0.1292973960024536,1.2461504149883584,COUM
coumarate,M9,COUM6-9,1,0.6372103054783292,0.11193231231074219,1.2130915701146285,COUM
coumarate,M9,COUM7-6,2,0.6685340730200958,0.14325607985250877,1.2727243130606534,COUM
coumarate,M9,COUM8-1,3,0.8872147689161574,0.3619367757485703,1.689038529038654,COUM
coumarate,M9,COUM3-10,1,0.6007634525598622,0.07548545939227513,1.1437057336765142,COUM
coumarate,M9,COUM1-2,3,0.9069373863204259,0.3816593931528388,1.726585537786032,COUM
coumarate,M9,COUM2-3,2,0.7314039439117054,0.20612595074411832,1.3924130716025542,COUM
coumarate,M9,COUM2-7,3,0.642427855695123,0.1171498625275359,1.2230245014094088,COUM
coumarate,M9,COUM3-9,1,0.7932274996542669,0.2679495064866798,1.510109903654753,COUM
coumarate,M9,COUM4-5,2,0.43400451143645663,-0.09127348173113042,0.8262377580664985,COUM
coumarate,M9,COUM5-3,3,0.7377987769600014,0.21252078379241435,1.4045872596162823,COUM
coumarate,M9,COUM6-2,1,0.6347719357905335,0.10949394262294643,1.2084495144421803,COUM
coumarate,M9,COUM6-9,2,0.6472895188798189,0.12201152571223184,1.2322799113978962,COUM
coumarate,M9,COUM7-6,3,0.7645971670257405,0.2393191738581535,1.4556047977852369,COUM
coumarate,M9,COUM8-6,1,0.7938097457528741,0.26853175258528705,1.5112183569046143,COUM
coumarate,M9,COUM3-10,2,0.6180227019462906,0.09274470877870356,1.1765630960844649,COUM
NA,M9,MG1655,1,0.5251612978266744,-0.01595149607645907,0.9705209408164269,GLUT
glutarate,M9,GLUT1-9,1,0.4904339867724696,-0.050678807130663917,0.9063433581654768,GLUT
NA,M9,MG1655,2,0.5391822694138765,-0.0019305244892570128,0.9964323067001765,GLUT
glutarate,M9,GLUT1-9,2,0.5709856820882507,0.02987288818511724,1.055206397855869,GLUT
glutarate,M9,GLUT2-1,3,0.48095458868344126,-0.06015820521969223,0.8888250178197388,GLUT
glutarate,M9,GLUT3-5,1,0.5752279875590467,0.0341151936559132,1.0630463630509175,GLUT
glutarate,M9,GLUT3-9,2,0.5408761520913352,-0.00023664181179827715,0.9995626756298047,GLUT
glutarate,M9,GLUT4-4,3,0.5033577689171147,-0.03775502498601879,0.930227070194209,GLUT
glutarate,M9,GLUT5-5,1,0.5483425238642469,0.007229729961113374,1.0133608557080385,GLUT
glutarate,M9,GLUT6-4,2,0.5125873408827174,-0.02852545302041609,0.9472837209878971,GLUT
glutarate,M9,GLUT6-10,3,0.48109458936245086,-0.06001820454068263,0.8890837451693543,GLUT
glutarate,M9,GLUT7-7,1,0.5197537158642006,-0.021359078038932888,0.9605274939354761,GLUT
glutarate,M9,GLUT8-6,2,0.6915605109736074,0.15044771707047389,1.2780339307545665,GLUT
NA,M9,MG1655,3,0.5391059148466537,-0.0020068790564797823,0.9962912001359202,GLUT
glutarate,M9,GLUT1-9,3,0.5544284050641726,0.013315611161039076,1.024607829108958,GLUT
glutarate,M9,GLUT2-9,1,0.5018671899029482,-0.039245604000185286,0.9274724152849899,GLUT
glutarate,M9,GLUT3-5,2,0.5790014224712948,0.03788862856816133,1.0700198350419043,GLUT
glutarate,M9,GLUT3-9,3,0.5425866350210522,0.001473841117918706,1.0027237225482837,GLUT
glutarate,M9,GLUT4-10,1,0.5840646974670693,0.042951903563935856,1.0793769876592954,GLUT
glutarate,M9,GLUT5-5,2,0.6099802886503113,0.0688674947471778,1.1272701283782731,GLUT
glutarate,M9,GLUT6-4,3,0.5155009585208354,-0.025611835382298054,0.9526682132249068,GLUT
glutarate,M9,GLUT7-2,1,0.5078219621333735,-0.03329083176976,0.9384770936025595,GLUT
glutarate,M9,GLUT7-7,2,0.500978892260332,-0.040133901642801506,0.9258308025701828,GLUT
glutarate,M9,GLUT8-6,3,0.6860021836768002,0.14488938977366672,1.267761899933203,GLUT
NA,M9,MG1655,4,0.5567170307316939,0.01560423682856038,1.028837308975832,GLUT
glutarate,M9,GLUT1-10,1,0.6243824084570978,0.08326961455396431,1.1538858727647654,GLUT
glutarate,M9,GLUT2-9,2,0.525735378540975,-0.01537741536215853,0.9715818669685505,GLUT
glutarate,M9,GLUT3-5,3,0.556737271959462,0.015624478056328495,1.0288747156459315,GLUT
glutarate,M9,GLUT4-1,1,0.5008836204379605,-0.04022917346517296,0.9256547360948658,GLUT
glutarate,M9,GLUT4-10,2,0.5543736791988609,0.013260885295727443,1.0245066933274198,GLUT
glutarate,M9,GLUT5-5,3,0.5401857843343836,-0.0009270095687499147,0.9982868459604083,GLUT
glutarate,M9,GLUT6-5,1,0.5306082574734887,-0.010504536429644773,0.9805871593723116,GLUT
glutarate,M9,GLUT7-2,2,0.5405402944574512,-0.000572499445682273,0.998941996101122,GLUT
glutarate,M9,GLUT7-7,3,0.5240566722340986,-0.017056121669034918,0.9684795446324483,GLUT
glutarate,M9,GLUT8-9,1,0.6387592619162881,0.09764646801315457,1.1804549238409519,GLUT
NA,M9,MG1655,5,0.5453974566967689,0.004284662793635374,1.0079182433716443,GLUT
glutarate,M9,GLUT1-10,2,0.6173078581383513,0.07619506423521782,1.1408117957914294,GLUT
glutarate,M9,GLUT2-9,3,0.5208858216317672,-0.020226972271366273,0.9626196746791628,GLUT
glutarate,M9,GLUT3-7,1,0.5664791798991982,0.025366385996064666,1.046878185623912,GLUT
glutarate,M9,GLUT4-1,2,0.5110952037366328,-0.03001759016650074,0.9445261865830614,GLUT
glutarate,M9,GLUT4-10,3,0.5712064994866642,0.03009370558353075,1.0556144780212273,GLUT
glutarate,M9,GLUT5-9,1,0.574308510536637,0.033195716633503514,1.061347129484885,GLUT
glutarate,M9,GLUT6-5,2,0.5035511590212056,-0.037561634881927874,0.9305844635256362,GLUT
glutarate,M9,GLUT7-2,3,0.5306662054383054,-0.010446588464828044,0.9806942497340062,GLUT
glutarate,M9,GLUT8-5,1,0.5764864216209618,0.03537362771782826,1.0653720039821506,GLUT
glutarate,M9,GLUT8-9,2,0.6544246183633047,0.11331182446017118,1.2094051845324794,GLUT
glutarate,M9,GLUT1-3,1,0.5514797468228259,0.010366952919692363,1.01915858031172,GLUT
glutarate,M9,GLUT1-10,3,0.5986672911380235,0.057554497234890034,1.1063632164742219,GLUT
glutarate,M9,GLUT2-10,1,0.5451932296188388,0.004080435715705266,1.007540822840784,GLUT
glutarate,M9,GLUT3-7,2,0.5925682304729726,0.051455436569839086,1.0950918868479949,GLUT
glutarate,M9,GLUT4-1,3,0.5296016218778908,-0.011511172025242655,0.9787268529686561,GLUT
glutarate,M9,GLUT5-4,1,0.6060630069955988,0.06495021309246529,1.1200308213449712,GLUT
glutarate,M9,GLUT5-9,2,0.5490520197044272,0.007939225801293692,1.0146720349079659,GLUT
glutarate,M9,GLUT6-5,3,0.5090940988861672,-0.0320186950169663,0.9408280577030709,GLUT
glutarate,M9,GLUT7-6,1,0.5800186783308406,0.03890588442770715,1.0718997681556792,GLUT
glutarate,M9,GLUT8-5,2,0.5927829191932834,0.051670125290149915,1.095488640949413,GLUT
glutarate,M9,GLUT8-9,3,0.636250273269877,0.09513747936674355,1.175818203595782,GLUT
glutarate,M9,GLUT1-3,2,0.5318544790002313,-0.009258314902902187,0.982890231006884,GLUT
glutarate,M9,GLUT2-1,1,0.49680989495719974,-0.044302898945933755,0.9181263140603831,GLUT
glutarate,M9,GLUT2-10,2,0.5072602850891054,-0.033852508814028126,0.9374390899726385,GLUT
glutarate,M9,GLUT3-7,3,0.5191820233799808,-0.02193077052315273,0.9594709813365111,GLUT
glutarate,M9,GLUT4-4,1,0.4919948674836638,-0.049117926419469715,0.9092279336713253,GLUT
glutarate,M9,GLUT5-4,2,0.5330883508930273,-0.008024443010106186,0.9851704799802928,GLUT
glutarate,M9,GLUT5-9,3,0.527856755121426,-0.013256038781707447,0.9755022632414778,GLUT
glutarate,M9,GLUT6-10,1,0.49018227632536737,-0.05093051757776612,0.9058781863012403,GLUT
glutarate,M9,GLUT7-6,2,0.6104563988511917,0.06934360494805825,1.1281500007565366,GLUT
glutarate,M9,GLUT8-5,3,0.5194546998304661,-0.02165809407266739,0.9599748992877362,GLUT
glutarate,M9,GLUT1-3,3,0.5165693736740039,-0.024543420229129587,0.9546426909404712,GLUT
glutarate,M9,GLUT2-1,2,0.4661868488681398,-0.07492594503499367,0.8615335917405671,GLUT
glutarate,M9,GLUT2-10,3,0.572183072962139,0.0310702790590055,1.0574192283181674,GLUT
glutarate,M9,GLUT3-9,1,0.5482254355950326,0.007112641691899069,1.0131444714891962,GLUT
glutarate,M9,GLUT4-4,2,0.486398620736491,-0.05471417316664251,0.8988858260548963,GLUT
glutarate,M9,GLUT5-4,3,0.5393487360731638,-0.0017640578299696896,0.9967399443335182,GLUT
glutarate,M9,GLUT6-4,1,0.49850145493574427,-0.04261133896738922,0.9212523905413014,GLUT
glutarate,M9,GLUT6-10,2,0.4458957123656297,-0.0952170815375038,0.8240346881272429,GLUT
glutarate,M9,GLUT7-6,3,0.5759748346306179,0.034862040727484445,1.0644265689525079,GLUT
glutarate,M9,GLUT8-6,1,0.6291434720053349,0.08803067810220144,1.1626845254705993,GLUT
NA,M9,MG1655,1,0.6847944361374539,-0.044201549823705055,0.939366538808267,HEXA_group1
hexanoate,M9,HEXA1-4,1,0.5636781767031559,-0.1653178092580031,0.7732253504248907,HEXA_group1
NA,M9,MG1655,2,0.7226082455211399,-0.006387740440019107,0.9912376191871659,HEXA_group1
hexanoate,M9,HEXA1-4,2,0.5751196360068045,-0.1538763499543545,0.7889201683991809,HEXA_group1
hexanoate,M9,HEXA2-3,3,0.855084425659973,0.126088439698814,1.172961774998761,HEXA_group1
hexanoate,M9,HEXA3-1,1,0.6591687310478378,-0.0698272549133212,0.9042144864196253,HEXA_group1
hexanoate,M9,HEXA3-9,2,0.7363168336959989,0.007320847734839875,1.010042370432517,HEXA_group1
hexanoate,M9,HEXA4-7,3,0.563129312450833,-0.16586667351032602,0.7724724460702813,HEXA_group1
hexanoate,M9,HEXA5-8,1,0.6708934448078901,-0.05810254115326885,0.9202978585997803,HEXA_group1
hexanoate,M9,HEXA6-4,2,0.6390334280335107,-0.08996255792764829,0.8765938912420274,HEXA_group1
hexanoate,M9,HEXA6-9,3,0.657723540337558,-0.07127244562360102,0.9022320465460033,HEXA_group1
hexanoate,M9,HEXA7-4,1,0.62387952626739,-0.10511645969376904,0.8558065315611084,HEXA_group1
hexanoate,M9,HEXA8-2,2,0.7842592928061107,0.05526330684495173,1.075807422687093,HEXA_group1
NA,M9,MG1655,3,0.7665887107489795,0.0375927247878205,1.051567807658441,HEXA_group1
hexanoate,M9,HEXA1-4,3,0.6468512136674733,-0.08214477229368566,0.8873179360715131,HEXA_group1
hexanoate,M9,HEXA2-9,1,0.7504384150173039,0.021442429056144907,1.0294136448884197,HEXA_group1
hexanoate,M9,HEXA3-1,2,0.7008690749550798,-0.028126911006079225,0.9614169192317366,HEXA_group1
hexanoate,M9,HEXA3-9,3,0.7685707950136378,0.03957480905247879,1.0542867310857695,HEXA_group1
hexanoate,M9,HEXA4-10,1,0.8535778687144554,0.1245818827532964,1.1708951560124696,HEXA_group1
hexanoate,M9,HEXA5-8,2,0.6891653375923356,-0.03983064836882344,0.9453623214175755,HEXA_group1
hexanoate,M9,HEXA6-4,3,0.66415529031368,-0.06484069564747896,0.9110547974252718,HEXA_group1
hexanoate,M9,HEXA7-2,1,0.7710502552861004,0.042054269324941385,1.0576879298855042,HEXA_group1
hexanoate,M9,HEXA7-4,2,0.6784673348506106,-0.050528651110548384,0.9306873397335269,HEXA_group1
hexanoate,M9,HEXA8-2,3,0.8386445186143222,0.10964853265316321,1.150410338005627,HEXA_group1
NA,M9,MG1655,4,0.7374980766228417,0.008502090661682726,1.0116627400224611,HEXA_group1
hexanoate,M9,HEXA1-5,1,0.7227345288466637,-0.006261457114495328,0.99141084829673,HEXA_group1
hexanoate,M9,HEXA2-9,2,0.7221757172921446,-0.006820268669014418,0.9906442987336589,HEXA_group1
hexanoate,M9,HEXA3-1,3,0.6859181131326972,-0.04307787282846176,0.9409079423507869,HEXA_group1
hexanoate,M9,HEXA4-4,1,0.9710766957156667,0.24208070975450768,1.3320741326652596,HEXA_group1
hexanoate,M9,HEXA4-10,2,0.8863355037624792,0.15733951780132016,1.2158304309369725,HEXA_group1
hexanoate,M9,HEXA5-8,3,0.6564620226771425,-0.07253396328401651,0.900501560117121,HEXA_group1
hexanoate,M9,HEXA6-7,1,0.7015894290445679,-0.027406556916591107,0.9624050647131391,HEXA_group1
hexanoate,M9,HEXA7-2,2,0.8691154629776615,0.1401194770165025,1.1922088457479765,HEXA_group1
hexanoate,M9,HEXA7-4,3,0.6655196605311795,-0.0634763254299795,0.9129263718149451,HEXA_group1
hexanoate,M9,HEXA8-5,1,0.8495298412636714,0.12053385530251237,1.165342275710328,HEXA_group1
NA,M9,MG1655,5,0.7334904607753803,0.004494474814221272,1.0061652943236654,HEXA_group1
hexanoate,M9,HEXA1-5,2,0.692533265954611,-0.036462720006548044,0.9499822760224488,HEXA_group1
hexanoate,M9,HEXA2-9,3,0.7256969217071055,-0.003299064254053463,0.9954745097125552,HEXA_group1
hexanoate,M9,HEXA3-7,1,0.7842194676556303,0.05522348169447133,1.0757527925502373,HEXA_group1
hexanoate,M9,HEXA4-4,2,0.7025776469397419,-0.026418339021417103,0.9637606522804302,HEXA_group1
hexanoate,M9,HEXA4-10,3,0.6305792503666795,-0.0984167355944795,0.8649968758542339,HEXA_group1
hexanoate,M9,HEXA5-10,1,0.6791424065920196,-0.04985357936913937,0.9316133691690923,HEXA_group1
hexanoate,M9,HEXA6-7,2,0.6387412215852386,-0.0902547643759204,0.8761930571443103,HEXA_group1
hexanoate,M9,HEXA7-2,3,0.86334263144229,0.13434664548113096,1.1842899660194959,HEXA_group1
hexanoate,M9,HEXA8-1,1,0.646956456162765,-0.08203952979839402,0.8874623024292412,HEXA_group1
hexanoate,M9,HEXA8-5,2,0.903565507520846,0.17456952155968697,1.2394656828316035,HEXA_group1
hexanoate,M9,HEXA1-1,1,0.7157527777655118,-0.013243208195647171,0.9818336335855314,HEXA_group1
hexanoate,M9,HEXA1-5,3,0.6453065267121678,-0.08368945924899118,0.8851990122570439,HEXA_group1
hexanoate,M9,HEXA2-10,1,0.7562004487695356,0.027204462808376628,1.0373177127614885,HEXA_group1
hexanoate,M9,HEXA3-7,2,0.7759739067667858,0.046977920805626794,1.0644419471578952,HEXA_group1
hexanoate,M9,HEXA4-4,3,0.854917349299759,0.12592136333860005,1.1727325880575001,HEXA_group1
hexanoate,M9,HEXA5-7,1,0.6310451014716242,-0.09795088448953482,0.8656359069516829,HEXA_group1
hexanoate,M9,HEXA5-10,2,0.6854475145128008,-0.04354847144835816,0.9402623988512903,HEXA_group1
hexanoate,M9,HEXA6-7,3,0.6249157756217711,-0.10408021033938786,0.8572280062665074,HEXA_group1
hexanoate,M9,HEXA7-3,1,0.6680090206631157,-0.06098696529804326,0.9163411507436028,HEXA_group1
hexanoate,M9,HEXA8-1,2,0.5707253941175735,-0.1582705918435855,0.7828923685568576,HEXA_group1
hexanoate,M9,HEXA8-5,3,0.9296140542136854,0.20061806825252637,1.2751977680480882,HEXA_group1
hexanoate,M9,HEXA1-1,2,0.6864643653825755,-0.04253162057858351,0.9416572636919162,HEXA_group1
hexanoate,M9,HEXA2-3,1,0.7268473400200125,-0.0021486459411464987,0.9970525956486391,HEXA_group1
hexanoate,M9,HEXA2-10,2,0.7987739161817046,0.06977793022054557,1.0957178524495514,HEXA_group1
hexanoate,M9,HEXA3-7,3,0.6938488696339841,-0.03514711632717493,0.9517869549297524,HEXA_group1
hexanoate,M9,HEXA4-7,1,0.8500180791651185,0.12102209320395951,1.1660120158883942,HEXA_group1
hexanoate,M9,HEXA5-7,2,0.6255627164756523,-0.10343326948550668,0.8581154471665121,HEXA_group1
hexanoate,M9,HEXA5-10,3,0.6599145032344752,-0.0690814827266838,0.9052374991672938,HEXA_group1
hexanoate,M9,HEXA6-9,1,0.6621990990781639,-0.06679688688299512,0.9083713927520116,HEXA_group1
hexanoate,M9,HEXA7-3,2,0.8470636110740363,0.11806762511287727,1.1619592252722883,HEXA_group1
hexanoate,M9,HEXA8-1,3,0.6876667777235168,-0.04132920823764219,0.9433066724185718,HEXA_group1
hexanoate,M9,HEXA8-5,4,0.6232589521836056,-0.10573703377755339,0.8549552592691683,HEXA_group1
hexanoate,M9,HEXA1-1,3,0.6281492170098318,-0.10084676895132716,0.8616634784094678,HEXA_group1
hexanoate,M9,HEXA2-3,2,0.7331499434054284,0.004153957444269385,1.005698189735287,HEXA_group1
hexanoate,M9,HEXA2-10,3,0.7637824038833122,0.0347864179221532,1.0477182571537598,HEXA_group1
hexanoate,M9,HEXA3-9,1,0.7002437751275888,-0.028752210833570158,0.9605591644024469,HEXA_group1
hexanoate,M9,HEXA4-7,2,0.8552488157299241,0.12625282976876506,1.1731872770222522,HEXA_group1
hexanoate,M9,HEXA5-7,3,0.6291928036388897,-0.09980318232226926,0.8630950180189514,HEXA_group1
hexanoate,M9,HEXA6-4,1,0.5842514878788488,-0.14474449808231016,0.8014467831513928,HEXA_group1
hexanoate,M9,HEXA6-9,2,0.6280103525845155,-0.10098563337664346,0.8614729911804699,HEXA_group1
hexanoate,M9,HEXA7-3,3,0.8145553150756716,0.08555932911451258,1.1173659811057879,HEXA_group1
hexanoate,M9,HEXA8-2,1,0.6056538807318196,-0.12334210522933942,0.8308055083914946,HEXA_group1
NA,M9,MG1655,1,0.7628809770997708,-0.03660847883998464,0.9542101792987959,HMDA
HMDA,M9,HMDA1-8,1,0.7291226640257379,-0.07036679191401751,0.9119853409057093,HMDA
NA,M9,MG1655,2,0.8060413692094187,0.006551913269663312,1.0081951215503673,HMDA
HMDA,M9,HMDA1-8,2,0.8121031797828576,0.01261372384310222,1.0157772235135678,HMDA
HMDA,M9,HMDA2-1,3,0.7587555950906836,-0.040733860849071823,0.9490501587651441,HMDA
HMDA,M9,HMDA3-4,1,0.8878741811541032,0.08838472521434781,1.1105514582558897,HMDA
HMDA,M9,HMDA3-6,2,0.8634706851794793,0.06398122923972394,1.0800276085749219,HMDA
HMDA,M9,HMDA4-6,3,0.6465330815422047,-0.15295637439755072,0.8086824369462646,HMDA
HMDA,M9,HMDA5-5,1,0.8677313526377332,0.06824189669797776,1.0853568439095462,HMDA
HMDA,M9,HMDA6-3,2,0.7968150493799461,-0.002674406559809328,0.9966548569966245,HMDA
HMDA,M9,HMDA6-10,3,0.7504299796452008,-0.04905947629455465,0.9386364936647126,HMDA
HMDA,M9,HMDA7-10,1,0.7573219046752909,-0.042167551264464476,0.947256901324735,HMDA
HMDA,M9,HMDA8-9,2,0.6850241629934077,-0.11446529294634766,0.8568270136698675,HMDA
NA,M9,MG1655,3,0.8008131939257336,0.0013237379859781795,1.0016557291358172,HMDA
HMDA,M9,HMDA1-8,3,0.8171379143915765,0.01764845845182106,1.0220746606733873,HMDA
HMDA,M9,HMDA2-8,1,0.7172859113783633,-0.08220354456139212,0.8971799515920239,HMDA
HMDA,M9,HMDA3-4,2,0.9677365875647606,0.16824713162500515,1.2104432151981792,HMDA
HMDA,M9,HMDA3-6,3,0.8027460396809627,0.0032565837412072973,1.004073329194041,HMDA
HMDA,M9,HMDA4-9,1,0.6926096698041972,-0.10687978613555815,0.866314952196678,HMDA
HMDA,M9,HMDA5-5,2,0.9351128913112586,0.13562343537150323,1.1696375535210597,HMDA
HMDA,M9,HMDA6-3,3,0.7637169500088554,-0.03577250593089998,0.9552558127375784,HMDA
HMDA,M9,HMDA7-1,1,0.7957986220003382,-0.0036908339394171596,0.9953835114247019,HMDA
HMDA,M9,HMDA7-10,2,0.7576470601126395,-0.04184239582711591,0.9476636051717123,HMDA
HMDA,M9,HMDA8-9,3,0.8140138683486094,0.014524412408854048,1.0181671093983116,HMDA
NA,M9,MG1655,4,0.8324650237535919,0.03297556781383648,1.0412457820035608,HMDA
HMDA,M9,HMDA1-10,1,0.7380945352145013,-0.0613949207252541,0.9232073415488791,HMDA
HMDA,M9,HMDA2-8,2,0.7460679916386186,-0.05342146430113681,0.9331805267671194,HMDA
HMDA,M9,HMDA3-4,3,0.855705163415541,0.05621570747578564,1.0703145076625271,HMDA
HMDA,M9,HMDA4-2,1,0.6251940318166067,-0.1742954241231487,0.7819915912233337,HMDA
HMDA,M9,HMDA4-9,2,0.6369987759984755,-0.16249067994127986,0.7967569444048751,HMDA
HMDA,M9,HMDA5-5,3,0.8418944742829161,0.04240501834316068,1.0530401220780528,HMDA
HMDA,M9,HMDA6-7,1,0.6981795763930553,-0.10130987954670012,0.8732817815244155,HMDA
HMDA,M9,HMDA7-1,2,0.8140727578580165,0.014583301918261071,1.018240768292709,HMDA
HMDA,M9,HMDA7-10,3,0.8053193421231484,0.005829886183392974,1.007292011345591,HMDA
HMDA,M9,HMDA8-10,1,0.7016021712546217,-0.09788728468513375,0.8775627571347108,HMDA
NA,M9,MG1655,5,0.7952467157102622,-0.004242740229493225,0.994693188011459,HMDA
HMDA,M9,HMDA1-10,2,0.739446400864287,-0.060043055075468366,0.9248982527169278,HMDA
HMDA,M9,HMDA2-8,3,0.7331782323491046,-0.06631122359065078,0.9170580386045172,HMDA
HMDA,M9,HMDA3-5,1,0.8567689966014208,0.05727954066166541,1.0716451483332403,HMDA
HMDA,M9,HMDA4-2,2,0.6363838517787056,-0.1631056041610498,0.7959877982764285,HMDA
HMDA,M9,HMDA4-9,3,0.6517913257228979,-0.14769813021685751,0.8152594394841061,HMDA
HMDA,M9,HMDA5-10,1,0.8296917141170085,0.030202258177253083,1.0377769312063685,HMDA
HMDA,M9,HMDA6-7,2,0.6818234341012819,-0.11766602183847352,0.8528235476224466,HMDA
HMDA,M9,HMDA7-1,3,0.8016926038201376,0.002203147880382228,1.0027556934791497,HMDA
HMDA,M9,HMDA8-5,1,0.7711166652724611,-0.028372790667294256,0.9645113635251842,HMDA
HMDA,M9,HMDA8-10,2,0.7100119568115492,-0.08947749912820624,0.888081702061936,HMDA
HMDA,M9,HMDA1-6,1,0.751021527267016,-0.04846792867273941,0.9393764003857086,HMDA
HMDA,M9,HMDA1-10,3,0.7083239696253114,-0.09116548631444399,0.8859703706695118,HMDA
HMDA,M9,HMDA2-9,1,0.6975602053594032,-0.10192925058035218,0.8725070733290159,HMDA
HMDA,M9,HMDA3-5,2,0.8070992219792829,0.007609766039527455,1.0095182819272865,HMDA
HMDA,M9,HMDA4-2,3,0.6294769971040267,-0.17001245883572869,0.7873487166433127,HMDA
HMDA,M9,HMDA5-4,1,0.8251578443235995,0.02566838838384411,1.0321059748732675,HMDA
HMDA,M9,HMDA5-10,2,0.8290629923937927,0.029573536454037264,1.036990527184971,HMDA
HMDA,M9,HMDA6-7,3,0.7741006465232619,-0.025388809416493463,0.9682437220055012,HMDA
HMDA,M9,HMDA7-7,1,0.7740072522271548,-0.02548220371260057,0.968126904584817,HMDA
HMDA,M9,HMDA8-5,2,0.6906603165003886,-0.10882913943936678,0.863876704525835,HMDA
HMDA,M9,HMDA8-10,3,0.8010180968859678,0.0015286409462124118,1.0019120213967245,HMDA
HMDA,M9,HMDA1-6,2,0.8113609227601515,0.011871466820396082,1.0148488097400132,HMDA
HMDA,M9,HMDA2-1,1,0.7559512953554585,-0.04353816058429694,0.9455425456072836,HMDA
HMDA,M9,HMDA2-9,2,0.7212168708573132,-0.07827258508244217,0.9020967887682307,HMDA
HMDA,M9,HMDA3-5,3,0.8259746158313044,0.02648515989154898,1.0331275912331042,HMDA
HMDA,M9,HMDA4-6,1,0.5982515978725437,-0.20123785806721173,0.7482920424126572,HMDA
HMDA,M9,HMDA5-4,2,0.8131963784908617,0.013706922551106282,1.0171445945275095,HMDA
HMDA,M9,HMDA5-10,3,0.7939691562229335,-0.005520299716821886,0.9930952188602249,HMDA
HMDA,M9,HMDA6-10,1,0.7281435560726854,-0.07134589986706996,0.9107606744066351,HMDA
HMDA,M9,HMDA7-7,2,0.7226117364218334,-0.076877719517922,0.9038414841537135,HMDA
HMDA,M9,HMDA8-5,3,0.7416751288873129,-0.057814327052442493,0.9276859417933349,HMDA
HMDA,M9,HMDA1-6,3,0.7566248030903404,-0.042864652849414986,0.9463849678930037,HMDA
HMDA,M9,HMDA2-1,2,0.7035895724311612,-0.09589988350859424,0.8800485950175925,HMDA
HMDA,M9,HMDA2-9,3,0.7421326477710869,-0.057356808168668505,0.928258205605415,HMDA
HMDA,M9,HMDA3-6,1,0.8389475556292587,0.03945809968950331,1.0493541214288091,HMDA
HMDA,M9,HMDA4-6,2,0.5591544193028533,-0.24033503663690214,0.6993893604833078,HMDA
HMDA,M9,HMDA5-4,3,0.8541551618400774,0.05466570590032205,1.0683757684284474,HMDA
HMDA,M9,HMDA6-3,1,0.866318399278314,0.0668289433385586,1.0835895243421376,HMDA
HMDA,M9,HMDA6-10,2,0.6504267272113717,-0.14906272872838366,0.8135526020750721,HMDA
HMDA,M9,HMDA7-7,3,0.7016811774147126,-0.09780827852504281,0.8776615779002681,HMDA
HMDA,M9,HMDA8-9,1,0.6579779754643406,-0.14151148047541484,0.8229976900582435,HMDA
NA,M9,MG1655,1,0.7230766543276089,-0.05328596993407375,0.9313645862527856,IBUA
isobutyrate,M9,IBUA1-7,1,0.7687978113312456,-0.007564812930437093,0.9902560830544475,IBUA
NA,M9,MG1655,2,0.7664168879144556,-0.009945736347227063,0.9871893158732552,IBUA
isobutyrate,M9,IBUA1-7,2,0.8065231385444878,0.030160514282805084,1.0388484882454092,IBUA
isobutyrate,M9,IBUA2-1,3,0.8602083558830844,0.08384573162140174,1.1079981557601883,IBUA
isobutyrate,M9,IBUA3-2,1,0.8973705626892485,0.12100793842756585,1.1558652292704634,IBUA
isobutyrate,M9,IBUA3-10,2,0.95122081200526,0.1748581877435773,1.2252274675250714,IBUA
isobutyrate,M9,IBUA4-8,3,0.8739946516799781,0.09763202741829546,1.125755702769879,IBUA
isobutyrate,M9,IBUA5-5,1,1.0044430275447351,0.22808040328305246,1.293780761921603,IBUA
isobutyrate,M9,IBUA6-7,2,1.0305141458850486,0.25415152162336596,1.3273618714773434,IBUA
isobutyrate,M9,IBUA6-10,3,0.9330399402961493,0.15667731603446666,1.201809452359284,IBUA
isobutyrate,M9,IBUA7-9,1,0.9489045792383265,0.17254195497664382,1.2222440256455294,IBUA
isobutyrate,M9,IBUA8-4,2,1.111369970977428,0.3350073467157454,1.4315088545566395,IBUA
NA,M9,MG1655,3,0.8001753807725347,0.023812756510852018,1.0306722087935363,IBUA
isobutyrate,M9,IBUA1-7,3,0.8238768389930624,0.047514214731379734,1.0612010589466043,IBUA
isobutyrate,M9,IBUA2-6,1,0.9257531771346854,0.14939055287300274,1.1924236796111514,IBUA
isobutyrate,M9,IBUA3-2,2,0.9398729742080572,0.16351034994637448,1.2106107955697534,IBUA
isobutyrate,M9,IBUA3-10,3,0.971772121678779,0.19540949741709635,1.2516987440024305,IBUA
isobutyrate,M9,IBUA4-9,1,0.9589655073291499,0.1826028830674672,1.23520308340593,IBUA
isobutyrate,M9,IBUA5-5,2,0.9351095526843914,0.15874692842270877,1.2044752329153872,IBUA
isobutyrate,M9,IBUA6-7,3,1.0500271992011931,0.27366457493951046,1.3524958136666667,IBUA
isobutyrate,M9,IBUA7-6,1,1.0074348209441284,0.23107219668244572,1.2976343650007551,IBUA
isobutyrate,M9,IBUA7-9,2,0.9598658797630283,0.1835032555013456,1.2363628152190562,IBUA
isobutyrate,M9,IBUA8-4,3,1.1037846537826803,0.32742202952099764,1.4217385269317602,IBUA
NA,M9,MG1655,4,0.8046327023568474,0.028270078095164686,1.0364134970073415,IBUA
isobutyrate,M9,IBUA1-9,1,0.9082576820711991,0.13189505780951638,1.1698884692381322,IBUA
isobutyrate,M9,IBUA2-6,2,0.9402854595928484,0.1639228353311657,1.2111421006221874,IBUA
isobutyrate,M9,IBUA3-2,3,0.9801367889534355,0.2037741646917528,1.2624729196431128,IBUA
isobutyrate,M9,IBUA4-1,1,0.9789846261417431,0.2026220018800604,1.260988867248411,IBUA
isobutyrate,M9,IBUA4-9,2,0.9606512916419292,0.18428866738024652,1.2373744711828498,IBUA
isobutyrate,M9,IBUA5-5,3,0.9057981307411305,0.1294355064794478,1.16672042475324,IBUA
isobutyrate,M9,IBUA6-9,1,0.952420111067355,0.17605748680567235,1.2267722341387857,IBUA
isobutyrate,M9,IBUA7-6,2,0.9229764088701369,0.1466137846084542,1.188847041352465,IBUA
isobutyrate,M9,IBUA7-9,3,0.8535574697907902,0.07719484552910749,1.0994314294850547,IBUA
isobutyrate,M9,IBUA8-10,1,1.037886237561539,0.2615236132998563,1.336857552292093,IBUA
NA,M9,MG1655,5,0.7875114959369665,0.011148871675283778,1.014360392073081,IBUA
isobutyrate,M9,IBUA1-9,2,0.8484828675963126,0.07212024333462996,1.0928950481139095,IBUA
isobutyrate,M9,IBUA2-6,3,0.942666726095157,0.16630410183347433,1.2142093097173872,IBUA
isobutyrate,M9,IBUA3-4,1,0.9896305418642801,0.21326791760259745,1.274701422940619,IBUA
isobutyrate,M9,IBUA4-1,2,0.9977005067701497,0.22133788250846698,1.285096004871381,IBUA
isobutyrate,M9,IBUA4-9,3,0.975401824949741,0.19903920068805836,1.2563740119217406,IBUA
isobutyrate,M9,IBUA5-6,1,0.9759927708340066,0.19963014657232392,1.2571351844277296,IBUA
isobutyrate,M9,IBUA6-9,2,0.9702995399753408,0.19393691571365812,1.2498019735276298,IBUA
isobutyrate,M9,IBUA7-6,3,0.9727414550996919,0.19637883083800922,1.2529473015586816,IBUA
isobutyrate,M9,IBUA8-3,1,1.1242293801051289,0.3478667558434462,1.4480725178833356,IBUA
isobutyrate,M9,IBUA8-10,2,1.0044484459991398,0.22808582173745717,1.293787741204525,IBUA
isobutyrate,M9,IBUA1-5,1,0.775451431746728,-0.0009111925149546396,0.9988263312961244,IBUA
isobutyrate,M9,IBUA1-9,3,0.9053795361961945,0.1290169119345118,1.166181250748909,IBUA
isobutyrate,M9,IBUA2-9,1,0.9253742502904585,0.14901162602877582,1.1919355999015089,IBUA
isobutyrate,M9,IBUA3-4,2,0.8442429889247577,0.06788036466307501,1.087433838958475,IBUA
isobutyrate,M9,IBUA4-1,3,0.9682952946991907,0.19193267043750806,1.2472203895956933,IBUA
isobutyrate,M9,IBUA5-2,1,1.0285323036180465,0.2521696793563638,1.3248091439179932,IBUA
isobutyrate,M9,IBUA5-6,2,0.9919073130018179,0.21554468874013522,1.277634035957253,IBUA
isobutyrate,M9,IBUA6-9,3,0.8571687589846441,0.08080613472296139,1.1040829790071458,IBUA
isobutyrate,M9,IBUA7-7,1,0.9437579956630732,0.1673953714013905,1.215614928089284,IBUA
isobutyrate,M9,IBUA8-3,2,1.0752832168751203,0.2989205926134376,1.3850270263817888,IBUA
isobutyrate,M9,IBUA8-10,3,1.0165325367856546,0.2401699125239719,1.3093527496282713,IBUA
isobutyrate,M9,IBUA1-5,2,0.7501408237351459,-0.026221800526536776,0.966224803066127,IBUA
isobutyrate,M9,IBUA2-1,1,0.853429124446206,0.07706650018452332,1.0992661132519268,IBUA
isobutyrate,M9,IBUA2-9,2,0.8369407637257955,0.060578139464112835,1.0780281502110207,IBUA
isobutyrate,M9,IBUA3-4,3,0.8469279218309551,0.07056529756927243,1.0908921879596918,IBUA
isobutyrate,M9,IBUA4-8,1,0.823968079904142,0.04760545564245933,1.0613185825215785,IBUA
isobutyrate,M9,IBUA5-2,2,0.9149681284392754,0.13860550417759276,1.178531912596135,IBUA
isobutyrate,M9,IBUA5-6,3,0.9512027708796081,0.17484014661792546,1.2252042295109165,IBUA
isobutyrate,M9,IBUA6-10,1,0.8589709228116884,0.08260829855000573,1.1064042703350974,IBUA
isobutyrate,M9,IBUA7-7,2,0.9059291317253041,0.12956650746362142,1.1668891616038815,IBUA
isobutyrate,M9,IBUA8-3,3,1.0536602380189175,0.27729761375723483,1.3571753779632856,IBUA
isobutyrate,M9,IBUA1-5,3,0.771545803525673,-0.0048168207360096416,0.9937956560691076,IBUA
isobutyrate,M9,IBUA2-1,2,0.8446511644369787,0.06828854017529606,1.0879595926455607,IBUA
isobutyrate,M9,IBUA2-9,3,0.8704808180943135,0.09411819383263087,1.1212296817123788,IBUA
isobutyrate,M9,IBUA3-10,1,0.8805515428782867,0.10418891861660406,1.1342013581806405,IBUA
isobutyrate,M9,IBUA4-8,2,0.8249779488707364,0.04861532460905371,1.0626193522070781,IBUA
isobutyrate,M9,IBUA5-2,3,0.8457287650570122,0.06936614079532955,1.089347604621354,IBUA
isobutyrate,M9,IBUA6-7,1,0.9320102213312154,0.15564759706953268,1.2004831147269008,IBUA
isobutyrate,M9,IBUA6-10,2,0.8202443588824456,0.04388173462076295,1.056522214297081,IBUA
isobutyrate,M9,IBUA7-7,3,0.9154744373380511,0.13911181307636844,1.1791840677655794,IBUA
isobutyrate,M9,IBUA8-4,1,1.039091529547348,0.2627289052856653,1.3384100381384527,IBUA
NA,M9,MG1655,1,0.6763650638829147,-0.01401963625884639,0.9796930084690931,OCTA
octanoate,M9,OCTA1-5,1,0.9078860365391147,0.21750133639735358,1.3150436797812766,OCTA
octanoate,M9,OCTA2-9,3,0.8809110906476729,0.1905263905059118,1.2759713395542946,OCTA
NA,M9,MG1655,2,0.6866648493072635,-0.003719850834497662,0.9946119158872816,OCTA
octanoate,M9,OCTA1-5,2,0.9803816674947086,0.28999696735294744,1.420051266045439,OCTA
octanoate,M9,OCTA2-4,3,0.9094622426417546,0.21907754249999345,1.3173267635493788,OCTA
octanoate,M9,OCTA2-14,1,0.8144246213278153,0.12403992118605423,1.1796678303568784,OCTA
octanoate,M9,OCTA4-5,2,0.8615284907223699,0.1711437905806088,1.2478962679002978,OCTA
octanoate,M9,OCTA4-10,3,0.9097229858098448,0.21933828566808367,1.3177044416294936,OCTA
octanoate,M9,OCTA5-8,1,0.8155941241117773,0.12520942397001622,1.1813618174682987,OCTA
octanoate,M9,OCTA6-5,2,0.7559279803736851,0.06554328023192402,1.0949373301848457,OCTA
octanoate,M9,OCTA6-7,3,0.7721781999998828,0.08179349985812168,1.1184752498734785,OCTA
octanoate,M9,OCTA7-10,1,0.9952695563259846,0.30488485618422345,1.4416158934600078,OCTA
octanoate,M9,OCTA8-7,2,0.666354391536884,-0.024030308604877093,0.9651928720321542,OCTA
NA,M9,MG1655,3,0.6696081105259212,-0.020776589615839947,0.9699057791814133,OCTA
octanoate,M9,OCTA1-5,3,0.8927811589778157,0.20239645883605462,1.2931647511807478,OCTA
octanoate,M9,OCTA2-9,1,0.9992459176401387,0.3088612174983776,1.447375524739985,OCTA
octanoate,M9,OCTA2-14,2,0.7179977193678484,0.027613019226087276,1.039996568899075,OCTA
octanoate,M9,OCTA4-5,3,0.79098160797899,0.10059690783722885,1.1457113806499082,OCTA
octanoate,M9,OCTA4-13,1,0.9542526678119667,0.2638679676702056,1.3822042516527726,OCTA
octanoate,M9,OCTA5-8,2,0.7821154530787041,0.091730752936943,1.1328690408667912,OCTA
octanoate,M9,OCTA6-5,3,0.8373771994983688,0.14699249935660763,1.2129139005056524,OCTA
octanoate,M9,OCTA7-2,1,0.9519005835485784,0.2615158834068173,1.3787973333608328,OCTA
octanoate,M9,OCTA7-10,2,0.8735808595165279,0.18319615937476674,1.2653537358767508,OCTA
octanoate,M9,OCTA8-7,3,0.6444619466910937,-0.04592275345066743,0.933482370856078,OCTA
NA,M9,MG1655,4,0.7289407773572826,0.038556077215521456,1.0558472359071753,OCTA
octanoate,M9,OCTA1-9,1,0.9609550224892836,0.27057032234752243,1.3919123965116325,OCTA
octanoate,M9,OCTA2-9,2,0.895572985238188,0.20518828509642684,1.2972086215906786,OCTA
octanoate,M9,OCTA2-14,3,0.7767154394054948,0.08633073926373369,1.1250472950023471,OCTA
octanoate,M9,OCTA4-9,1,0.8558836966854488,0.16549899654368772,1.239719965563699,OCTA
octanoate,M9,OCTA4-13,2,0.9247274965704971,0.234342796428736,1.339437992152226,OCTA
octanoate,M9,OCTA5-8,3,0.8409823632248784,0.15059766308311728,1.2181358640366655,OCTA
octanoate,M9,OCTA6-6,1,0.7791769322195515,0.08879223207779041,1.1286126880557437,OCTA
octanoate,M9,OCTA7-2,2,0.7574321705790834,0.06704747043732229,1.0971161012455157,OCTA
octanoate,M9,OCTA7-10,3,0.9432534991943321,0.252868799052571,1.3662723102071175,OCTA
octanoate,M9,OCTA8-10,1,0.7593100973349957,0.06892539719323454,1.0998362176610832,OCTA
NA,M9,MG1655,5,0.6903446996354237,-4.000050633745644e-05,0.9999420605550365,OCTA
octanoate,M9,OCTA1-9,2,0.8847004455527606,0.1943157454109995,1.2814600980744495,OCTA
octanoate,M9,OCTA2-16,1,0.7642465897801709,0.07386188963840978,1.106986567957319,OCTA
octanoate,M9,OCTA4-9,2,0.7114492395914738,0.02106453944971265,1.0305113068777267,OCTA
octanoate,M9,OCTA4-13,3,0.9926151347311257,0.3022304345893646,1.437771049282097,OCTA
octanoate,M9,OCTA5-9,1,0.8609361881409561,0.17055148799919495,1.2470383366899274,OCTA
octanoate,M9,OCTA6-6,2,0.755950230781771,0.06556553064000992,1.0949695591842445,OCTA
octanoate,M9,OCTA7-2,3,0.8389435207614286,0.14855882061966752,1.2151826664020262,OCTA
octanoate,M9,OCTA8-5,1,0.6882850106007355,-0.0020996895410255734,0.9969586673334527,OCTA
octanoate,M9,OCTA8-10,2,0.6867040581850228,-0.0036806419567383397,0.994668708683749,OCTA
octanoate,M9,OCTA1-3,1,1.0342224334006194,0.34383773325885825,1.4980378811816888,OCTA
octanoate,M9,OCTA1-9,3,1.0011246764631017,0.31073997632134054,1.4500968463778736,OCTA
octanoate,M9,OCTA2-10,1,0.6320223604319848,-0.058362339709776334,0.9154640308544028,OCTA
octanoate,M9,OCTA2-16,2,0.7351580333797954,0.04477333323803423,1.0648527309901865,OCTA
octanoate,M9,OCTA4-9,3,0.830824534019447,0.14043983387768588,1.2034225756289914,OCTA
octanoate,M9,OCTA5-4,1,0.6626797789354835,-0.027704921206277655,0.9598703140428969,OCTA
octanoate,M9,OCTA5-9,2,0.8477864522308999,0.15740175208913876,1.227991367793664,OCTA
octanoate,M9,OCTA6-6,3,0.8386032592160925,0.14821855907433135,1.214689808513857,OCTA
octanoate,M9,OCTA7-9,1,0.9373912507653572,0.2470065506235961,1.3577810321881072,OCTA
octanoate,M9,OCTA8-5,2,0.7109406937691398,0.0205559936273787,1.0297746946349735,OCTA
octanoate,M9,OCTA8-10,3,0.7051825071307164,0.014797806988955275,1.0214341467676162,OCTA
octanoate,M9,OCTA1-3,2,0.9113750065628219,0.22099030642106077,1.3200973404765248,OCTA
octanoate,M9,OCTA2-4,1,0.8648158093535645,0.17443110921180338,1.2526578430489355,OCTA
octanoate,M9,OCTA2-10,2,0.5537886392441969,-0.13659606089756426,0.8021450057199759,OCTA
octanoate,M9,OCTA2-16,3,0.7698803287659817,0.07949562862422055,1.1151468574084813,OCTA
octanoate,M9,OCTA4-10,1,0.7646777726028363,0.0742930724610752,1.1076111223870113,OCTA
octanoate,M9,OCTA5-4,2,0.6191084390553665,-0.07127626108639462,0.896758631713943,OCTA
octanoate,M9,OCTA5-9,3,0.8531478542682762,0.1627631541265151,1.2357571859473333,OCTA
octanoate,M9,OCTA6-7,1,0.7521469456636669,0.06176224552190579,1.089460623199245,OCTA
octanoate,M9,OCTA7-9,2,0.9080870352590866,0.2177023351173255,1.3153348199527355,OCTA
octanoate,M9,OCTA8-5,3,0.6482461458436324,-0.04213855429812874,0.938963661434739,OCTA
octanoate,M9,OCTA1-3,3,1.0260062486031556,0.33562154846139447,1.4861370021561588,OCTA
octanoate,M9,OCTA2-4,2,0.8126291828898532,0.12224448274809208,1.1770671956128096,OCTA
octanoate,M9,OCTA2-10,3,0.5713543836961087,-0.11903031644565243,0.8275884207439546,OCTA
octanoate,M9,OCTA4-5,1,0.8649353108577933,0.17455061071603217,1.2528309371285178,OCTA
octanoate,M9,OCTA4-10,2,0.8412400223285876,0.1508553221868265,1.218509074948866,OCTA
octanoate,M9,OCTA5-4,3,0.7688286601444656,0.07844396000270448,1.113623549285778,OCTA
octanoate,M9,OCTA6-5,1,0.8100163733541479,0.11963167321238677,1.173282625162206,OCTA
octanoate,M9,OCTA6-7,2,0.8074274214591862,0.1170427213174251,1.1695326117357352,OCTA
octanoate,M9,OCTA7-9,3,1.0145171893754492,0.3241324892336881,1.4694954699418048,OCTA
octanoate,M9,OCTA8-7,1,0.705359886408247,0.014975186266485863,1.0216910749375108,OCTA
NA,M9,MG1655,1,0.7478624326044059,0.01638679825275413,1.0224023842807541,PUTR
putrescine,M9,PUTR1-6,1,0.9022421960395152,0.17076656168786342,1.2334548871736835,PUTR
NA,M9,MG1655,2,0.7448344820492251,0.01335884769757334,1.0182628744830498,PUTR
putrescine,M9,PUTR1-6,2,0.8937540305144989,0.16227839616284712,1.2218507200266262,PUTR
putrescine,M9,PUTR2-4,3,0.8339236225796175,0.10244798822796575,1.1400565971261247,PUTR
putrescine,M9,PUTR3-1,1,0.8793770363070618,0.14790140195541002,1.2021959379228038,PUTR
putrescine,M9,PUTR3-10,2,0.8927222889546408,0.16124665460298904,1.2204402266193202,PUTR
putrescine,M9,PUTR4-7,3,0.8087223712920976,0.07724673694044581,1.1056039781952738,PUTR
putrescine,M9,PUTR5-6,1,0.8491797003280034,0.11770406597635164,1.160913173930502,PUTR
putrescine,M9,PUTR6-2,2,0.8586600708842949,0.1271844365326431,1.1738737841150018,PUTR
putrescine,M9,PUTR6-10,3,0.7818382378032229,0.050362603451571175,1.0688506917885383,PUTR
putrescine,M9,PUTR7-9,1,0.7749301551717237,0.04345452082007195,1.0594066552313641,PUTR
putrescine,M9,PUTR8-6,2,0.7041400455446546,-0.027335588806997158,0.9626295292375306,PUTR
NA,M9,MG1655,3,0.7224235454917258,-0.009052088859925922,0.987624893523693,PUTR
putrescine,M9,PUTR1-6,3,0.8899852421812083,0.1585096078295566,1.2166984112465382,PUTR
putrescine,M9,PUTR2-8,1,0.8348818348139375,0.10340620046228577,1.1413665686266372,PUTR
putrescine,M9,PUTR3-1,2,0.847644258104472,0.11616862375282022,1.1588140715798239,PUTR
putrescine,M9,PUTR3-10,3,0.8085939968421053,0.07711836249045356,1.1054284775443108,PUTR
putrescine,M9,PUTR4-8,1,0.8051594992133534,0.07368386486170164,1.1007331774311413,PUTR
putrescine,M9,PUTR5-6,2,0.83863335383779,0.10715771948613828,1.146495268541813,PUTR
putrescine,M9,PUTR6-2,3,0.7613753778241944,0.02989974347254265,1.040875925414856,PUTR
putrescine,M9,PUTR7-1,1,0.7724617559411602,0.04098612158950843,1.0560321077896693,PUTR
putrescine,M9,PUTR7-9,2,0.7681628122877361,0.036687177936084336,1.0501550239176487,PUTR
putrescine,M9,PUTR8-6,3,0.7174351509361504,-0.014040483415501348,0.9808052616435458,PUTR
NA,M9,MG1655,4,0.7519915396269748,0.0205159052753231,1.0280472845736106,PUTR
putrescine,M9,PUTR1-9,1,0.8244221970889014,0.09294656273724966,1.1270672027505515,PUTR
putrescine,M9,PUTR2-8,2,0.8244933955388078,0.0930177611871561,1.1271645381183517,PUTR
putrescine,M9,PUTR3-1,3,0.8577513089922795,0.12627567464062772,1.1726314161544875,PUTR
putrescine,M9,PUTR4-3,1,0.7781992280706336,0.046723593718981826,1.0638758032731952,PUTR
putrescine,M9,PUTR4-8,2,0.8135581737161816,0.0820825393645298,1.1122150014433279,PUTR
putrescine,M9,PUTR5-6,3,0.7878452665688117,0.05636963221715996,1.0770628980241066,PUTR
putrescine,M9,PUTR6-7,1,0.8891529424687382,0.15767730811708647,1.2155605746961684,PUTR
putrescine,M9,PUTR7-1,2,0.7897314404840843,0.05825580613243253,1.0796414855076724,PUTR
putrescine,M9,PUTR7-9,3,0.7610396195017765,0.029563985150124705,1.0404169103682162,PUTR
putrescine,M9,PUTR8-10,1,0.7887777529445846,0.05730211859293288,1.0783376997153473,PUTR
NA,M9,MG1655,5,0.6902661719859269,-0.04120946236572487,0.9436625631388923,PUTR
putrescine,M9,PUTR1-9,2,0.7748986143266994,0.043422979975047626,1.05936353575678,PUTR
putrescine,M9,PUTR2-8,3,0.8212241652027159,0.08974853085106416,1.122695174844222,PUTR
putrescine,M9,PUTR3-9,1,0.7632192354248423,0.03174360107319052,1.0433966622843516,PUTR
putrescine,M9,PUTR4-3,2,0.7892522197192224,0.05777658536757069,1.078986343022596,PUTR
putrescine,M9,PUTR4-8,3,0.7761717391933918,0.044696104841740025,1.0611040241707528,PUTR
putrescine,M9,PUTR5-8,1,0.8181572099854315,0.08668157563377976,1.1185023417910709,PUTR
putrescine,M9,PUTR6-7,2,0.8683195307659196,0.13684389641426786,1.1870792272329895,PUTR
putrescine,M9,PUTR7-1,3,0.7574242777997636,0.025948643448111874,1.035474378406482,PUTR
putrescine,M9,PUTR8-3,1,0.7226607110059978,-0.008814923345653924,0.9879491223881065,PUTR
putrescine,M9,PUTR8-10,2,0.6814179487301388,-0.050057685621512915,0.9315661612353201,PUTR
putrescine,M9,PUTR1-3,1,0.9648302662046865,0.23335463185303473,1.3190190088284623,PUTR
putrescine,M9,PUTR1-9,3,0.8558896244444478,0.12441399009279608,1.1700863080737764,PUTR
putrescine,M9,PUTR2-6,1,0.8139230280752178,0.08244739372356602,1.1127137936681155,PUTR
putrescine,M9,PUTR3-9,2,0.7231563960510902,-0.008319238300561582,0.9886267731830393,PUTR
putrescine,M9,PUTR4-3,3,0.7869611846832529,0.055485550331601186,1.0758542700889568,PUTR
putrescine,M9,PUTR5-1,1,0.6308800787146865,-0.1005955556369652,0.8624758626086996,PUTR
putrescine,M9,PUTR5-8,2,0.7779810154469026,0.04650538109525082,1.063577484896638,PUTR
putrescine,M9,PUTR6-7,3,0.8282946878910533,0.09681905353940157,1.132361283127657,PUTR
putrescine,M9,PUTR7-7,1,0.8106579379604685,0.07918230360881673,1.1082500904886605,PUTR
putrescine,M9,PUTR8-3,2,0.676489983474655,-0.054985650876996695,0.9248291422232627,PUTR
putrescine,M9,PUTR8-10,3,0.688562698016672,-0.04291293633497972,0.9413337446666752,PUTR
putrescine,M9,PUTR1-3,2,0.9820379246412151,0.25056229028956334,1.3425435906852192,PUTR
putrescine,M9,PUTR2-4,1,0.7972739555700277,0.06579832121837592,1.0899528543786652,PUTR
putrescine,M9,PUTR2-6,2,0.7940697989692876,0.0625941646176359,1.0855724533779127,PUTR
putrescine,M9,PUTR3-9,3,0.7176756073437667,-0.013800027007885074,0.9811339894867218,PUTR
putrescine,M9,PUTR4-7,1,0.773449065500652,0.04197343114900021,1.0573818582299104,PUTR
putrescine,M9,PUTR5-1,2,0.63461534893388,-0.0968602854177717,0.8675823487905726,PUTR
putrescine,M9,PUTR5-8,3,0.7685215172609858,0.03704588290933408,1.0506454093199837,PUTR
putrescine,M9,PUTR6-10,1,0.6837049142390786,-0.047770720112573106,0.9346926707204471,PUTR
putrescine,M9,PUTR7-7,2,0.8116330783700201,0.08015744401836833,1.1095832044896703,PUTR
putrescine,M9,PUTR8-3,3,0.7013854780296515,-0.030090156322000294,0.9588637612670846,PUTR
putrescine,M9,PUTR1-3,3,0.9070213013033852,0.17554566695173346,1.2399883997603414,PUTR
putrescine,M9,PUTR2-4,2,0.7740183574794286,0.04254272312777685,1.0581601370296974,PUTR
putrescine,M9,PUTR2-6,3,0.8024315037752086,0.0709558694235568,1.0970037361346274,PUTR
putrescine,M9,PUTR3-10,1,0.7459977954421648,0.014522161090513075,1.0198532396822553,PUTR
putrescine,M9,PUTR4-7,2,0.7622261904640037,0.030750556112352,1.042039070979593,PUTR
putrescine,M9,PUTR5-1,3,0.5971263044622419,-0.13434932988940984,0.8163310935045823,PUTR
putrescine,M9,PUTR6-2,1,0.8515343419655196,0.12005870761386783,1.164132203419575,PUTR
putrescine,M9,PUTR6-10,2,0.714214364293397,-0.01726127005825473,0.9764021257200803,PUTR
putrescine,M9,PUTR7-7,3,0.7464886936797148,0.015013059328063072,1.0205243464348202,PUTR
putrescine,M9,PUTR8-6,1,0.6735196488385181,-0.057955985513133634,0.9207683991217243,PUTR
